0,1,10,25,0,99
0,2,14,16,0,664
0,3,18,29,0,50
0,4,22,18,0,808
0,5,26,24,0,50
0,6,30,22,0,50
0,7,34,25,0,50
0,8,38,22,0,70
0,9,42,17,0,203
0,10,46,29,0,50
0,11,50,21,0,50
0,12,54,22,0,50
0,13,58,32,0,50
0,14,62,23,0,50
0,15,66,25,0,91
0,16,70,22,0,50
0,17,74,22,0,101
0,18,78,27,0,101
0,19,82,20,0,50
0,20,86,27,0,152
0,21,90,30,0,152
0,22,94,30,0,50
0,23,98,25,0,182
1,1,10,26,0,48
1,2,14,30,0,152
1,3,18,26,0,510
1,4,22,27,0,101
1,5,26,23,0,101
1,6,30,28,0,50
1,7,34,22,0,24
1,8,38,26,0,101
1,9,42,24,0,46
1,10,46,25,0,203
1,11,50,25,0,50
1,12,54,16,0,50
1,13,58,28,0,101
1,14,62,29,0,50
1,15,66,28,0,152
1,16,70,25,0,50
1,17,74,12,0,254
1,18,78,12,0,562
1,19,82,30,0,50
1,20,86,27,0,101
1,21,90,22,0,101
1,22,94,18,0,664
1,23,98,24,0,101
1,24,102,31,0,101
2,1,10,31,0,48
2,2,14,27,0,50
2,3,18,24,0,50
2,4,22,21,0,101
2,5,26,13,0,920
2,6,30,8,0,101
2,7,34,25,0,50
2,8,38,24,0,152
2,9,42,23,0,203
2,10,46,27,0,45
2,11,50,29,0,101
2,12,54,22,0,50
2,13,58,33,0,50
2,14,62,21,0,50
3,1,10,22,0,48
3,2,14,30,0,50
3,3,18,29,0,50
3,4,22,26,0,285
3,5,26,26,0,50
3,6,30,26,0,203
3,7,34,18,0,766
4,1,10,19,0,48
4,2,14,22,0,50
4,3,18,24,0,152
4,4,22,29,0,50
4,5,26,24,0,50
4,6,30,28,0,50
4,7,34,23,0,101
4,8,38,22,0,50
4,9,42,24,0,101
4,10,46,10,0,408
4,11,50,28,0,50
4,12,54,17,0,50
4,13,58,26,0,336
4,14,62,20,0,152
4,15,66,22,0,50
4,16,70,16,0,152
4,17,74,23,0,101
4,18,78,20,0,50
4,19,82,25,0,152
4,20,86,14,0,818
4,21,90,23,0,50
4,22,94,28,0,50
4,23,98,29,0,254
4,24,102,27,0,50
4,25,106,21,0,50
4,26,110,27,0,50
4,27,114,25,0,50
4,28,118,25,0,306
4,29,122,24,0,101
5,1,10,22,0,48
5,2,14,23,0,144
5,3,18,21,0,50
5,4,22,30,0,50
5,5,26,24,0,152
5,6,30,9,0,1176
5,7,34,24,0,181
5,8,38,20,0,203
5,9,42,23,0,101
5,10,46,25,0,101
5,11,50,27,0,101
5,12,54,27,0,101
5,13,58,22,0,757
5,14,62,24,0,434
5,15,66,24,0,152
5,16,70,25,0,37
5,17,74,26,0,101
5,18,78,26,0,408
5,19,82,24,0,50
5,20,86,26,0,99
5,21,90,23,0,101
6,1,10,22,0,99
6,2,14,23,0,101
6,3,18,24,0,50
6,4,22,25,0,50
6,5,26,18,0,152
6,6,30,10,0,1432
6,7,34,24,0,50
6,8,38,19,0,152
6,9,42,34,0,50
6,10,46,23,0,50
6,11,50,24,0,101
6,12,54,19,0,50
6,13,58,16,0,818
6,14,62,21,0,50
6,15,66,21,0,101
6,16,70,24,0,101
6,17,74,29,0,101
6,18,78,23,0,306
6,19,82,25,0,50
6,20,86,17,0,50
6,21,90,19,0,203
6,22,94,25,0,50
6,23,98,14,0,50
6,24,102,24,0,50
6,25,106,15,0,50
7,1,10,22,0,48
7,2,14,22,0,152
7,3,18,22,0,152
7,4,22,24,0,50
7,5,26,25,0,203
7,6,30,29,0,152
7,7,34,27,0,50
7,8,38,19,0,93
7,9,42,16,0,664
7,10,46,19,0,101
7,11,50,16,0,101
7,12,54,24,0,582
7,13,58,24,0,50
7,14,62,23,0,91
7,15,66,24,0,203
7,16,70,24,0,203
7,17,74,27,0,408
7,18,78,4,1,50
8,1,10,25,0,99
8,2,14,33,0,22
8,3,18,14,0,1227
8,4,22,28,0,459
8,5,26,26,0,50
8,6,30,28,0,82
8,7,34,27,0,152
8,8,38,25,0,50
8,9,42,26,0,50
8,10,46,30,0,152
8,11,50,26,0,50
8,12,54,30,0,50
8,13,58,21,0,101
8,14,62,12,0,50
8,15,66,29,0,50
8,16,70,31,0,101
8,17,74,23,0,203
8,18,78,23,0,50
8,19,82,14,0,715
8,20,86,20,0,203
8,21,90,21,0,173
8,22,94,26,0,101
9,1,10,27,0,150
9,2,14,28,0,50
9,3,18,27,0,254
9,4,22,19,0,203
9,5,26,37,1,50
9,6,30,15,0,664
9,7,34,27,0,246
9,8,38,27,0,101
9,9,42,21,0,50
9,10,46,20,0,613
9,11,50,24,0,86
9,12,54,27,0,50
9,13,58,16,0,562
9,14,62,23,0,50
9,15,66,0,1,32
10,1,10,34,0,304
10,2,14,22,0,50
10,3,18,29,0,50
10,4,22,25,0,152
10,5,26,22,0,408
10,6,30,24,0,50
10,7,34,30,0,3
10,8,38,17,0,995
10,9,42,27,0,19
10,10,46,29,0,306
11,1,10,30,0,99
11,2,14,23,0,306
11,3,18,25,0,2
11,4,22,18,0,50
11,5,26,26,0,101
11,6,30,29,0,101
11,7,34,20,0,510
11,8,38,25,0,254
11,9,42,24,0,152
11,10,46,25,0,101
11,11,50,22,0,101
12,1,10,26,0,48
12,2,14,18,0,715
12,3,18,19,0,306
12,4,22,21,0,152
12,5,26,27,0,203
12,6,30,20,0,627
12,7,34,25,0,50
12,8,38,19,0,254
12,9,42,26,0,101
12,10,46,27,0,306
12,11,50,33,0,50
12,12,54,21,0,139
12,13,58,11,0,424
12,14,62,24,0,101
12,15,66,22,0,101
12,16,70,34,0,306
12,17,74,27,0,306
12,18,78,25,0,50
12,19,82,26,0,203
12,20,86,9,0,971
13,1,10,26,0,99
13,2,14,19,0,203
13,3,18,18,0,715
13,4,22,25,0,664
13,5,26,20,0,306
13,6,30,19,0,50
13,7,34,28,0,50
13,8,38,20,0,971
13,9,42,24,0,459
13,10,46,25,0,101
13,11,50,18,0,101
13,12,54,19,0,101
13,13,58,26,0,101
13,14,62,26,0,152
13,15,66,31,0,152
13,16,70,19,0,101
13,17,74,17,0,50
13,18,78,23,0,203
13,19,82,27,0,50
13,20,86,25,0,306
13,21,90,20,0,306
13,22,94,30,0,152
13,23,98,26,0,101
13,24,102,22,0,114
14,1,10,29,0,99
14,2,14,28,0,101
14,3,18,22,0,194
14,4,22,23,0,152
14,5,26,27,0,50
14,6,30,19,0,50
14,7,34,32,0,50
14,8,38,29,0,37
14,9,42,25,0,254
14,10,46,16,0,306
14,11,50,34,0,50
14,12,54,18,0,101
14,13,58,14,0,50
14,14,62,19,0,50
14,15,66,25,0,50
14,16,70,25,0,306
14,17,74,29,0,152
15,1,10,19,0,150
15,2,14,31,0,50
15,3,18,30,0,101
15,4,22,26,0,101
15,5,26,19,0,306
15,6,30,30,0,50
15,7,34,20,0,562
15,8,38,27,0,254
15,9,42,29,0,101
15,10,46,23,0,101
15,11,50,14,0,1176
15,12,54,26,0,50
15,13,58,25,0,179
15,14,62,24,0,50
15,15,66,28,0,101
15,16,70,26,0,152
15,17,74,24,0,152
15,18,78,19,0,306
15,19,82,26,0,50
15,20,86,31,0,101
15,21,90,27,0,101
15,22,94,21,0,203
15,23,98,17,0,152
16,1,10,19,0,458
16,2,14,27,1,50
16,3,18,28,0,50
16,4,22,12,0,1227
16,5,26,33,0,101
16,6,30,30,0,254
16,7,34,20,0,562
16,8,38,27,0,50
16,9,42,20,0,254
16,10,46,30,0,152
16,11,50,17,0,29
16,12,54,30,0,101
16,13,58,25,0,50
16,14,62,21,0,50
16,15,66,21,0,50
16,16,70,18,0,203
16,17,74,3,0,1944
17,1,10,23,1,50
17,2,14,23,0,101
17,3,18,26,0,101
17,4,22,22,0,101
17,5,26,24,0,101
17,6,30,26,0,48
17,7,34,31,0,50
17,8,38,28,0,203
17,9,42,24,0,101
17,10,46,25,0,152
17,11,50,20,0,50
17,12,54,23,0,50
17,13,58,26,0,6
17,14,62,18,0,203
17,15,66,29,0,50
17,16,70,18,0,50
18,1,10,25,0,355
18,2,14,28,0,50
18,3,18,28,0,101
18,4,22,20,0,50
18,5,26,18,0,254
18,6,30,19,0,50
18,7,34,21,0,91
18,8,38,26,0,152
18,9,42,26,0,254
18,10,46,21,0,50
18,11,50,25,0,101
18,12,54,22,0,50
18,13,58,24,0,152
18,14,62,26,0,50
18,15,66,23,0,152
18,16,70,22,0,203
19,1,10,22,0,611
19,2,14,25,0,152
19,3,18,10,0,152
19,4,22,27,0,50
19,5,26,33,0,50
19,6,30,22,0,101
19,7,34,28,0,101
19,8,38,23,0,101
19,9,42,19,0,357
19,10,46,21,0,306
19,11,50,13,0,1074
19,12,54,19,0,54
19,13,58,25,0,50
19,14,62,23,0,50
19,15,66,18,0,306
19,16,70,21,0,152
19,17,74,16,0,408
19,18,78,18,0,203
19,19,82,26,0,50
19,20,86,22,0,101
20,1,10,15,1,50
20,2,14,28,0,50
20,3,18,30,0,50
20,4,22,22,0,50
20,5,26,22,0,50
20,6,30,28,0,152
20,7,34,19,0,650
20,8,38,27,0,50
20,9,42,29,0,50
20,10,46,24,0,50
20,11,50,26,0,101
20,12,54,26,0,19
21,1,10,20,0,509
21,2,14,25,0,101
21,3,18,30,0,50
21,4,22,26,0,152
21,5,26,31,0,50
21,6,30,20,0,101
21,7,34,23,0,50
21,8,38,22,0,101
21,9,42,21,0,50
21,10,46,26,0,50
21,11,50,24,0,50
21,12,54,21,0,357
21,13,58,27,0,101
21,14,62,23,0,203
21,15,66,19,0,254
21,16,70,12,0,459
21,17,74,21,0,101
21,18,78,23,0,306
21,19,82,27,0,50
21,20,86,14,0,403
21,21,90,34,0,50
21,22,94,24,0,50
21,23,98,20,0,50
21,24,102,27,0,50
21,25,106,32,0,101
21,26,110,25,0,203
21,27,114,19,0,50
22,1,10,25,0,99
22,2,14,26,0,58
22,3,18,24,0,50
22,4,22,22,0,50
22,5,26,24,0,214
22,6,30,17,0,818
22,7,34,23,0,203
22,8,38,19,0,459
22,9,42,26,0,50
22,10,46,22,0,101
22,11,50,29,0,101
22,12,54,25,0,101
22,13,58,19,0,254
22,14,62,24,0,50
22,15,66,20,0,50
22,16,70,22,0,203
22,17,74,20,0,50
22,18,78,12,0,101
22,19,82,23,0,101
22,20,86,27,0,152
22,21,90,15,0,50
22,22,94,27,0,254
22,23,98,21,0,50
22,24,102,19,0,630
22,25,106,28,0,50
22,26,110,25,0,203
22,27,114,27,0,152
22,28,118,16,0,715
22,29,122,21,0,152
23,1,10,31,0,48
23,2,14,24,0,101
23,3,18,20,0,1022
23,4,22,23,0,152
23,5,26,27,0,50
23,6,30,19,0,50
23,7,34,26,0,101
23,8,38,18,0,562
23,9,42,18,0,325
23,10,46,18,0,101
23,11,50,23,0,357
23,12,54,19,0,101
23,13,58,25,0,203
23,14,62,24,0,50
23,15,66,23,0,152
23,16,70,29,0,50
23,17,74,11,0,562
23,18,78,25,0,50
24,1,10,18,0,99
24,2,14,30,0,67
24,3,18,30,0,152
24,4,22,21,0,50
24,5,26,31,0,125
24,6,30,31,0,8
24,7,34,25,0,478
24,8,38,26,0,101
24,9,42,24,0,50
24,10,46,22,0,152
24,11,50,16,0,50
25,1,10,23,0,150
25,2,14,19,0,306
25,3,18,25,1,50
25,4,22,16,0,203
25,5,26,28,0,408
25,6,30,30,0,50
25,7,34,26,0,50
25,8,38,26,0,50
25,9,42,33,0,152
25,10,46,20,0,254
25,11,50,28,0,50
25,12,54,14,0,254
25,13,58,20,0,203
25,14,62,17,0,101
26,1,10,23,0,355
26,2,14,22,0,101
26,3,18,20,0,101
26,4,22,27,0,101
26,5,26,28,0,152
26,6,30,29,0,101
26,7,34,27,0,203
26,8,38,21,0,203
26,9,42,26,0,152
26,10,46,20,0,50
26,11,50,17,0,306
26,12,54,21,0,101
26,13,58,25,0,203
26,14,62,16,0,1176
26,15,66,23,0,101
26,16,70,17,0,101
26,17,74,28,0,50
26,18,78,27,0,306
26,19,82,32,0,50
26,20,86,22,0,50
27,1,10,29,0,48
27,2,14,19,1,50
27,3,18,23,0,101
27,4,22,10,0,1432
27,5,26,30,0,306
27,6,30,30,0,19
27,7,34,26,0,203
27,8,38,23,0,101
27,9,42,23,0,203
27,10,46,21,0,254
27,11,50,15,0,562
27,12,54,8,0,1688
27,13,58,17,0,101
27,14,62,24,0,101
27,15,66,26,0,50
27,16,70,15,0,562
27,17,74,21,0,101
28,1,10,30,0,48
28,2,14,25,0,101
28,3,18,24,0,152
28,4,22,23,0,254
28,5,26,22,0,50
28,6,30,24,0,203
28,7,34,25,0,101
28,8,38,21,0,254
28,9,42,23,0,50
28,10,46,24,0,357
28,11,50,20,0,101
28,12,54,19,0,152
28,13,58,19,0,101
28,14,62,16,0,254
28,15,66,27,0,152
28,16,70,24,0,50
28,17,74,21,0,101
28,18,78,26,0,152
28,19,82,23,0,50
28,20,86,16,0,613
28,21,90,17,0,50
28,22,94,12,0,101
28,23,98,25,0,50
28,24,102,22,0,101
28,25,106,11,0,50
28,26,110,28,0,254
29,1,10,31,0,99
29,2,14,33,0,152
29,3,18,23,0,101
29,4,22,15,0,152
29,5,26,33,0,203
29,6,30,21,0,101
29,7,34,15,0,408
29,8,38,13,0,50
29,9,42,18,0,152
29,10,46,24,0,50
29,11,50,17,0,90
29,12,54,21,0,50
29,13,58,22,0,510
29,14,62,24,0,50
29,15,66,28,0,50
29,16,70,22,0,101
29,17,74,19,0,306
29,18,78,29,0,203
29,19,82,28,0,152
30,1,10,23,0,253
30,2,14,26,0,203
30,3,18,25,0,50
30,4,22,22,0,50
30,5,26,27,0,101
30,6,30,24,0,152
30,7,34,25,0,50
30,8,38,15,0,408
31,1,10,12,1,50
31,2,14,21,0,50
31,3,18,27,0,152
31,4,22,20,0,50
31,5,26,21,0,306
31,6,30,25,0,254
31,7,34,19,0,203
31,8,38,17,0,101
31,9,42,25,0,101
31,10,46,22,0,101
31,11,50,22,0,562
31,12,54,20,0,715
32,1,10,32,0,253
32,2,14,16,1,50
32,3,18,29,0,50
32,4,22,25,0,101
32,5,26,28,0,254
32,6,30,11,0,163
32,7,34,20,0,765
32,8,38,15,0,459
32,9,42,22,0,152
32,10,46,33,0,152
32,11,50,25,0,50
32,12,54,19,0,203
32,13,58,21,0,101
32,14,62,25,0,50
32,15,66,26,0,50
33,1,10,28,0,48
33,2,14,20,0,64
33,3,18,29,0,101
33,4,22,29,0,50
33,5,26,33,0,117
33,6,30,26,0,101
33,7,34,29,0,101
33,8,38,21,0,254
33,9,42,24,0,50
33,10,46,26,0,254
33,11,50,31,0,152
33,12,54,27,0,254
33,13,58,28,0,203
33,14,62,30,0,50
33,15,66,26,0,50
33,16,70,17,0,203
33,17,74,28,0,50
33,18,78,23,0,50
33,19,82,32,0,101
33,20,86,24,0,50
33,21,90,29,0,83
33,22,94,19,0,152
33,23,98,23,0,125
33,24,102,23,0,306
34,1,10,22,0,150
34,2,14,29,0,50
34,3,18,21,0,152
34,4,22,18,0,715
34,5,26,23,0,42
34,6,30,28,0,283
34,7,34,21,0,152
34,8,38,16,0,869
34,9,42,27,0,101
34,10,46,27,0,50
34,11,50,15,0,203
34,12,54,24,0,50
34,13,58,17,0,50
34,14,62,1,0,2149
35,1,10,31,0,99
35,2,14,31,0,50
35,3,18,25,0,101
35,4,22,26,0,254
35,5,26,22,0,386
35,6,30,24,0,50
35,7,34,30,0,66
35,8,38,19,0,562
35,9,42,26,0,152
35,10,46,26,0,50
35,11,50,15,0,50
35,12,54,31,0,43
35,13,58,20,0,562
35,14,62,15,0,254
35,15,66,26,0,203
35,16,70,18,0,101
35,17,74,24,0,306
35,18,78,24,0,101
35,19,82,21,0,101
35,20,86,23,0,101
35,21,90,20,0,101
35,22,94,17,0,101
35,23,98,20,0,306
35,24,102,14,0,152
35,25,106,26,0,101
35,26,110,23,0,50
35,27,114,27,0,152
35,28,118,22,0,50
36,1,10,24,0,48
36,2,14,28,0,408
36,3,18,24,0,50
36,4,22,22,0,50
36,5,26,21,0,357
36,6,30,25,0,101
36,7,34,21,0,50
36,8,38,16,0,715
36,9,42,17,0,50
36,10,46,25,0,152
36,11,50,15,0,357
36,12,54,19,0,715
36,13,58,31,0,254
36,14,62,21,0,101
37,1,10,27,0,99
37,2,14,33,0,50
37,3,18,10,0,1483
37,4,22,17,0,101
37,5,26,27,0,101
37,6,30,20,0,254
37,7,34,27,0,152
37,8,38,12,0,613
37,9,42,15,0,101
37,10,46,20,0,50
37,11,50,25,0,50
37,12,54,24,0,50
37,13,58,21,0,357
37,14,62,18,0,101
37,15,66,21,0,254
37,16,70,15,0,818
37,17,74,24,0,50
37,18,78,23,0,238
37,19,82,15,0,50
37,20,86,30,0,50
37,21,90,22,0,510
37,22,94,23,0,50
37,23,98,25,0,101
37,24,102,23,0,101
37,25,106,26,0,203
37,26,110,31,0,101
38,1,10,23,0,202
38,2,14,24,0,77
38,3,18,19,0,613
38,4,22,20,0,50
38,5,26,25,0,152
38,6,30,20,0,101
38,7,34,36,0,24
38,8,38,29,0,40
38,9,42,25,0,152
38,10,46,21,0,50
38,11,50,13,0,357
38,12,54,26,0,152
38,13,58,11,0,1227
38,14,62,21,0,715
38,15,66,21,0,50
38,16,70,25,0,101
39,1,10,26,0,48
39,2,14,23,0,50
39,3,18,25,0,50
39,4,22,28,0,306
39,5,26,23,0,301
39,6,30,11,0,306
39,7,34,25,0,50
39,8,38,20,0,613
39,9,42,20,0,50
39,10,46,23,0,203
39,11,50,18,0,48
39,12,54,24,0,357
39,13,58,21,0,664
39,14,62,22,0,101
39,15,66,25,0,203
39,16,70,24,0,50
39,17,74,24,0,50
39,18,78,16,0,101
39,19,82,29,0,50
39,20,86,11,0,254
39,21,90,20,0,306
39,22,94,12,0,1227
40,1,10,26,0,48
40,2,14,28,0,50
40,3,18,17,0,50
40,4,22,20,0,510
40,5,26,31,0,38
40,6,30,22,0,50
40,7,34,16,0,562
40,8,38,18,0,254
40,9,42,23,0,203
40,10,46,18,0,203
40,11,50,27,0,152
40,12,54,30,0,50
40,13,58,18,0,715
40,14,62,22,0,50
40,15,66,23,0,101
40,16,70,27,0,42
40,17,74,26,0,306
40,18,78,22,0,101
41,1,10,14,1,50
41,2,14,27,0,50
41,3,18,17,0,1125
41,4,22,33,0,101
41,5,26,23,0,562
41,6,30,27,0,408
41,7,34,22,0,101
41,8,38,25,0,50
41,9,42,17,0,459
41,10,46,18,0,715
41,11,50,27,0,50
41,12,54,18,0,152
41,13,58,24,0,152
41,14,62,21,0,459
41,15,66,18,0,203
41,16,70,21,0,101
41,17,74,29,0,21
41,18,78,13,0,1125
41,19,82,21,0,152
41,20,86,27,0,173
41,21,90,26,0,50
41,22,94,7,0,152
41,23,98,24,0,101
41,24,102,21,0,818
41,25,106,17,0,50
42,1,10,19,0,150
42,2,14,15,0,306
42,3,18,25,0,50
42,4,22,27,0,50
42,5,26,28,0,408
42,6,30,23,0,50
42,7,34,23,0,50
42,8,38,28,0,101
42,9,42,31,0,50
42,10,46,22,0,101
42,11,50,20,0,306
42,12,54,26,0,50
42,13,58,27,0,50
42,14,62,27,0,101
42,15,66,17,0,152
42,16,70,11,0,254
42,17,74,28,0,101
42,18,78,20,0,357
42,19,82,18,0,510
42,20,86,16,0,613
42,21,90,31,0,101
42,22,94,32,0,101
42,23,98,16,0,445
42,24,102,5,0,1534
42,25,106,24,0,152
42,26,110,23,0,50
42,27,114,26,0,50
42,28,118,21,0,50
42,29,122,6,0,1227
43,1,10,24,0,150
43,2,14,15,0,357
43,3,18,30,0,50
43,4,22,29,0,152
43,5,26,25,0,50
43,6,30,15,0,357
43,7,34,21,0,50
43,8,38,19,0,357
43,9,42,22,0,152
43,10,46,21,0,152
43,11,50,25,0,101
43,12,54,20,0,152
43,13,58,27,0,192
43,14,62,19,0,50
43,15,66,19,0,510
43,16,70,25,0,101
43,17,74,28,0,50
43,18,78,23,0,50
43,19,82,28,0,203
44,1,10,20,0,99
44,2,14,28,0,50
44,3,18,27,0,50
44,4,22,37,0,50
44,5,26,24,0,357
44,6,30,21,0,101
44,7,34,20,0,550
44,8,38,28,0,101
44,9,42,28,0,50
44,10,46,25,0,101
44,11,50,33,0,50
44,12,54,25,0,203
44,13,58,11,0,1330
44,14,62,18,0,664
44,15,66,30,0,152
44,16,70,17,0,50
44,17,74,28,0,203
44,18,78,33,0,152
44,19,82,20,0,50
44,20,86,21,0,752
44,21,90,19,0,306
45,1,10,20,0,48
45,2,14,14,0,13
45,3,18,26,0,101
45,4,22,31,0,50
45,5,26,25,0,203
45,6,30,35,0,50
45,7,34,17,0,613
45,8,38,31,0,101
45,9,42,26,0,50
45,10,46,15,0,971
45,11,50,24,0,136
45,12,54,26,0,50
45,13,58,20,0,96
45,14,62,26,0,357
45,15,66,24,0,50
45,16,70,21,0,50
45,17,74,16,0,306
45,18,78,21,0,357
45,19,82,7,0,50
45,20,86,19,0,101
45,21,90,30,0,152
45,22,94,21,0,357
45,23,98,17,0,101
45,24,102,31,0,50
45,25,106,27,0,203
45,26,110,22,0,24
45,27,114,14,0,869
45,28,118,36,0,50
46,1,10,25,0,48
46,2,14,27,0,101
46,3,18,18,0,50
46,4,22,23,0,306
46,5,26,29,0,170
46,6,30,18,0,101
46,7,34,20,0,203
46,8,38,17,0,101
46,9,42,29,0,50
46,10,46,26,0,50
46,11,50,16,0,357
46,12,54,20,0,152
46,13,58,27,0,50
46,14,62,23,0,101
46,15,66,23,0,101
46,16,70,31,0,152
46,17,74,26,0,357
46,18,78,26,0,152
46,19,82,23,0,203
46,20,86,16,0,50
46,21,90,30,0,50
46,22,94,20,0,50
46,23,98,24,0,50
46,24,102,26,0,254
46,25,106,25,0,50
46,26,110,22,0,50
46,27,114,28,0,101
46,28,118,30,0,91
47,1,10,26,0,253
47,2,14,30,0,50
47,3,18,22,0,664
47,4,22,27,0,306
47,5,26,27,0,118
47,6,30,27,0,50
47,7,34,31,0,50
47,8,38,19,0,357
47,9,42,24,0,101
47,10,46,25,0,254
47,11,50,20,0,254
47,12,54,16,0,50
47,13,58,23,0,50
47,14,62,20,0,715
47,15,66,26,0,203
47,16,70,23,0,101
47,17,74,26,0,50
47,18,78,29,0,50
47,19,82,23,0,152
47,20,86,21,0,357
48,1,10,29,0,48
48,2,14,25,0,152
48,3,18,24,0,306
48,4,22,21,0,203
48,5,26,24,0,152
48,6,30,29,0,50
48,7,34,26,0,50
48,8,38,23,0,203
48,9,42,19,0,552
48,10,46,18,0,971
48,11,50,16,0,50
48,12,54,29,0,50
48,13,58,19,0,869
48,14,62,29,0,50
48,15,66,31,0,50
48,16,70,25,0,50
48,17,74,26,0,50
48,18,78,14,0,562
48,19,82,29,0,40
48,20,86,22,0,254
48,21,90,25,0,101
48,22,94,28,0,152
48,23,98,32,0,152
48,24,102,30,0,254
48,25,106,24,0,101
48,26,110,24,0,165
48,27,114,25,0,50
48,28,118,23,0,101
49,1,10,24,0,509
49,2,14,26,0,357
49,3,18,17,0,72
49,4,22,20,0,50
49,5,26,25,0,50
49,6,30,22,0,50
49,7,34,28,0,101
49,8,38,25,0,29
49,9,42,16,0,869
49,10,46,22,0,101
49,11,50,25,0,101
49,12,54,16,0,715
49,13,58,26,0,50
49,14,62,23,0,50
49,15,66,24,0,306
49,16,70,28,0,152
49,17,74,24,0,50
50,1,10,23,0,253
50,2,14,28,0,10
50,3,18,18,0,243
50,4,22,29,0,101
50,5,26,28,0,152
50,6,30,26,0,50
50,7,34,23,0,50
50,8,38,22,0,101
50,9,42,24,0,50
50,10,46,28,0,101
50,11,50,20,0,152
50,12,54,29,0,152
50,13,58,25,0,50
50,14,62,23,0,306
50,15,66,24,0,123
50,16,70,18,0,50
50,17,74,23,0,50
51,1,10,21,0,48
51,2,14,23,0,50
51,3,18,29,0,50
51,4,22,23,0,306
51,5,26,13,0,1432
52,1,10,29,0,99
52,2,14,26,0,150
52,3,18,27,0,50
52,4,22,19,0,152
52,5,26,30,0,50
52,6,30,25,0,50
52,7,34,31,0,101
52,8,38,18,0,971
52,9,42,22,0,50
52,10,46,21,0,152
52,11,50,16,0,152
52,12,54,16,0,538
53,1,10,28,0,48
53,2,14,16,0,101
53,3,18,25,0,50
53,4,22,21,0,254
53,5,26,32,0,35
53,6,30,10,0,1227
53,7,34,32,0,50
53,8,38,21,0,306
53,9,42,29,0,306
53,10,46,23,0,152
53,11,50,22,0,50
53,12,54,11,0,1125
53,13,58,23,0,50
53,14,62,15,0,50
53,15,66,5,0,203
53,16,70,23,0,50
53,17,74,22,0,101
53,18,78,18,0,152
53,19,82,20,0,101
54,1,10,30,0,253
54,2,14,25,0,152
54,3,18,25,0,101
54,4,22,32,0,101
54,5,26,20,0,69
54,6,30,31,0,50
54,7,34,29,0,101
54,8,38,21,0,50
54,9,42,22,0,306
54,10,46,15,0,510
54,11,50,18,0,203
54,12,54,23,0,50
54,13,58,16,0,101
54,14,62,23,0,50
54,15,66,27,0,50
54,16,70,21,0,254
54,17,74,24,0,50
55,1,10,27,0,202
55,2,14,25,0,306
55,3,18,24,0,203
55,4,22,30,0,24
55,5,26,10,0,869
55,6,30,23,0,74
55,7,34,24,0,101
55,8,38,28,0,101
55,9,42,25,0,50
55,10,46,19,0,101
55,11,50,25,0,50
55,12,54,28,0,101
55,13,58,21,0,306
55,14,62,25,0,50
55,15,66,26,0,50
55,16,70,25,0,50
55,17,74,22,0,357
55,18,78,22,0,306
55,19,82,28,0,120
55,20,86,21,0,101
55,21,90,15,0,50
55,22,94,25,0,50
55,23,98,28,0,50
55,24,102,23,0,197
56,1,10,28,0,48
56,2,14,15,0,357
56,3,18,13,0,1483
56,4,22,25,0,50
56,5,26,23,0,96
56,6,30,18,0,6
56,7,34,18,0,664
56,8,38,29,0,203
56,9,42,26,0,50
56,10,46,24,0,254
57,1,10,30,0,48
57,2,14,27,0,50
57,3,18,27,0,152
57,4,22,26,0,152
57,5,26,18,0,459
57,6,30,19,0,152
57,7,34,30,0,101
57,8,38,15,0,715
57,9,42,15,0,920
57,10,46,21,0,101
57,11,50,24,0,50
57,12,54,16,0,664
58,1,10,33,0,48
58,2,14,22,0,101
58,3,18,30,0,50
58,4,22,20,0,101
58,5,26,24,0,50
58,6,30,27,0,101
58,7,34,10,0,971
59,1,10,18,0,202
59,2,14,35,0,83
59,3,18,26,0,50
59,4,22,19,0,101
59,5,26,19,0,101
59,6,30,22,0,50
59,7,34,21,0,40
59,8,38,25,0,50
59,9,42,24,0,101
59,10,46,16,0,101
59,11,50,17,0,1227
59,12,54,21,0,152
59,13,58,25,0,50
59,14,62,26,0,50
59,15,66,28,0,21
59,16,70,24,0,152
60,1,10,25,0,48
60,2,14,20,0,306
60,3,18,28,0,50
60,4,22,23,0,152
60,5,26,20,0,50
60,6,30,21,0,83
60,7,34,22,0,101
60,8,38,25,0,152
60,9,42,24,0,34
60,10,46,19,0,408
60,11,50,16,0,203
60,12,54,20,0,62
60,13,58,20,0,254
60,14,62,18,0,357
60,15,66,16,0,203
60,16,70,17,0,469
60,17,74,27,0,50
60,18,78,32,0,50
60,19,82,25,0,50
60,20,86,21,0,50
60,21,90,14,0,562
60,22,94,0,0,2198
61,1,10,19,0,202
61,2,14,15,0,50
61,3,18,27,0,101
61,4,22,29,0,0
61,5,26,31,0,50
61,6,30,13,0,152
61,7,34,17,0,50
61,8,38,24,0,101
61,9,42,26,0,34
61,10,46,27,0,101
61,11,50,24,0,50
61,12,54,16,0,152
61,13,58,26,0,254
61,14,62,25,0,203
61,15,66,19,0,50
61,16,70,26,0,50
61,17,74,16,0,562
61,18,78,20,0,408
61,19,82,23,0,101
61,20,86,29,0,50
62,1,10,28,0,48
62,2,14,21,0,254
62,3,18,23,0,50
62,4,22,23,0,101
62,5,26,20,0,459
62,6,30,22,0,102
62,7,34,28,0,408
62,8,38,22,0,50
62,9,42,23,0,664
62,10,46,19,0,101
62,11,50,22,0,203
62,12,54,21,0,50
62,13,58,26,0,101
62,14,62,22,0,254
62,15,66,16,0,766
62,16,70,20,0,50
62,17,74,24,0,306
62,18,78,17,0,562
62,19,82,15,0,152
62,20,86,20,0,50
62,21,90,18,0,715
62,22,94,16,0,254
63,1,10,20,0,355
63,2,14,33,0,50
63,3,18,20,0,50
63,4,22,28,0,50
63,5,26,29,0,152
63,6,30,17,0,101
63,7,34,28,0,50
63,8,38,24,0,50
63,9,42,10,0,869
63,10,46,26,0,50
63,11,50,23,0,50
63,12,54,24,0,306
63,13,58,18,0,50
63,14,62,23,0,50
63,15,66,15,0,152
63,16,70,27,0,101
63,17,74,27,0,152
63,18,78,25,0,152
63,19,82,14,0,101
63,20,86,27,0,50
63,21,90,15,0,664
63,22,94,24,0,50
63,23,98,27,0,203
63,24,102,25,0,50
63,25,106,21,0,306
64,1,10,19,0,304
64,2,14,21,1,50
64,3,18,19,1,50
64,4,22,16,0,50
64,5,26,24,0,50
64,6,30,21,0,920
64,7,34,26,0,50
64,8,38,27,0,152
64,9,42,18,0,152
64,10,46,17,0,818
64,11,50,24,0,234
64,12,54,26,0,50
65,1,10,21,0,304
65,2,14,28,0,50
65,3,18,24,0,379
65,4,22,31,0,50
65,5,26,29,0,50
65,6,30,32,0,50
65,7,34,10,0,50
65,8,38,33,0,50
65,9,42,27,0,101
65,10,46,19,0,50
65,11,50,16,0,203
66,1,10,16,0,48
66,2,14,25,1,50
66,3,18,25,0,50
66,4,22,23,0,50
66,5,26,33,0,150
66,6,30,29,0,50
66,7,34,24,0,50
66,8,38,26,0,152
66,9,42,22,0,27
66,10,46,25,0,50
66,11,50,14,0,1227
67,1,10,21,0,202
67,2,14,19,1,50
67,3,18,23,0,664
67,4,22,24,0,357
67,5,26,26,0,50
67,6,30,27,0,203
67,7,34,25,0,275
67,8,38,19,0,85
67,9,42,23,0,101
67,10,46,22,0,408
67,11,50,19,0,50
67,12,54,22,0,152
67,13,58,22,0,50
67,14,62,23,0,254
67,15,66,21,0,101
67,16,70,24,0,203
67,17,74,25,0,254
68,1,10,21,0,355
68,2,14,19,0,203
68,3,18,21,0,101
68,4,22,24,1,50
68,5,26,20,0,101
68,6,30,26,0,254
68,7,34,13,0,203
68,8,38,23,0,203
68,9,42,24,0,50
68,10,46,19,0,50
68,11,50,22,0,101
68,12,54,2,1,50
69,1,10,31,0,48
69,2,14,19,0,203
69,3,18,23,0,152
69,4,22,26,0,152
69,5,26,27,0,50
69,6,30,27,0,50
69,7,34,23,0,50
69,8,38,21,0,408
69,9,42,29,0,50
69,10,46,14,0,152
69,11,50,7,0,1586
69,12,54,17,0,459
69,13,58,26,0,101
69,14,62,18,0,152
69,15,66,24,0,50
69,16,70,28,0,101
69,17,74,29,0,50
69,18,78,12,0,408
69,19,82,26,0,101
69,20,86,27,0,101
69,21,90,23,0,203
69,22,94,31,0,50
69,23,98,17,0,510
69,24,102,31,0,101
70,1,10,17,0,48
70,2,14,25,0,254
70,3,18,23,0,50
70,4,22,28,0,10
70,5,26,18,0,50
70,6,30,27,0,101
70,7,34,24,0,50
70,8,38,27,0,203
70,9,42,31,0,50
70,10,46,11,0,920
70,11,50,33,0,50
70,12,54,28,0,50
70,13,58,31,0,50
70,14,62,26,0,152
70,15,66,11,0,50
70,16,70,29,0,50
70,17,74,15,0,203
70,18,78,14,0,152
70,19,82,17,0,203
71,1,10,20,0,304
71,2,14,31,0,50
71,3,18,17,0,165
71,4,22,30,0,13
71,5,26,32,0,50
71,6,30,19,0,50
71,7,34,20,0,50
71,8,38,26,0,50
71,9,42,16,0,254
71,10,46,25,0,357
71,11,50,27,0,50
71,12,54,33,0,50
71,13,58,26,0,50
72,1,10,12,1,50
72,2,14,24,0,254
72,3,18,23,0,152
72,4,22,29,1,50
72,5,26,21,0,101
72,6,30,24,0,101
72,7,34,23,0,50
72,8,38,19,0,50
72,9,42,24,0,50
72,10,46,27,0,37
72,11,50,29,0,152
72,12,54,30,0,152
72,13,58,23,0,203
72,14,62,15,0,254
72,15,66,22,0,50
72,16,70,28,0,50
72,17,74,30,0,459
72,18,78,21,0,458
72,19,82,27,0,101
72,20,86,19,0,306
72,21,90,29,0,58
72,22,94,14,0,101
73,1,10,23,1,50
73,2,14,25,0,50
73,3,18,22,0,510
73,4,22,26,0,50
73,5,26,21,0,766
73,6,30,22,0,309
73,7,34,15,0,1022
73,8,38,26,0,50
73,9,42,23,0,101
73,10,46,23,0,152
73,11,50,25,0,152
73,12,54,27,0,50
73,13,58,19,0,306
73,14,62,16,0,50
73,15,66,23,0,459
73,16,70,6,0,971
74,1,10,21,0,355
74,2,14,23,0,152
74,3,18,19,1,50
74,4,22,29,0,152
74,5,26,30,0,288
74,6,30,29,0,152
74,7,34,13,0,50
74,8,38,20,0,254
74,9,42,25,0,254
74,10,46,27,0,50
74,11,50,28,0,152
74,12,54,28,0,50
74,13,58,25,0,203
74,14,62,23,0,306
74,15,66,33,0,50
74,16,70,24,0,50
74,17,74,23,0,50
74,18,78,23,0,254
74,19,82,18,0,101
75,1,10,30,0,48
75,2,14,20,0,459
75,3,18,24,0,357
75,4,22,27,0,50
75,5,26,25,0,101
75,6,30,25,0,50
75,7,34,19,0,306
75,8,38,19,0,152
75,9,42,28,0,50
75,10,46,28,0,101
75,11,50,22,0,101
75,12,54,23,0,254
75,13,58,21,0,152
75,14,62,26,0,50
75,15,66,24,0,101
75,16,70,25,0,459
75,17,74,12,0,971
75,18,78,24,0,408
75,19,82,23,0,152
75,20,86,34,0,90
75,21,90,25,0,101
75,22,94,31,0,50
75,23,98,29,0,50
75,24,102,17,0,50
75,25,106,27,0,50
76,1,10,26,0,48
76,2,14,23,0,203
76,3,18,17,0,254
76,4,22,25,0,50
76,5,26,21,0,101
76,6,30,25,0,357
76,7,34,21,0,101
76,8,38,27,0,152
76,9,42,22,0,50
76,10,46,16,0,408
77,1,10,30,0,48
77,2,14,24,0,50
77,3,18,28,0,203
77,4,22,15,0,101
77,5,26,27,0,306
77,6,30,26,0,50
77,7,34,25,0,203
77,8,38,26,0,254
77,9,42,21,0,152
77,10,46,20,0,203
77,11,50,26,0,27
77,12,54,17,0,408
77,13,58,15,0,1125
78,1,10,18,0,202
78,2,14,24,0,459
78,3,18,31,0,101
78,4,22,27,0,50
78,5,26,9,0,1021
78,6,30,23,0,152
78,7,34,29,0,54
78,8,38,27,0,203
78,9,42,16,0,50
78,10,46,23,0,254
78,11,50,24,0,101
78,12,54,23,0,101
78,13,58,21,0,203
78,14,62,17,0,459
78,15,66,22,0,101
78,16,70,28,0,101
78,17,74,28,0,50
78,18,78,25,0,254
78,19,82,23,0,50
78,20,86,22,0,50
78,21,90,25,0,50
78,22,94,17,0,357
78,23,98,16,0,818
78,24,102,29,0,101
78,25,106,19,0,357
79,1,10,21,0,304
79,2,14,20,0,152
79,3,18,32,0,50
79,4,22,20,0,306
79,5,26,26,0,510
79,6,30,30,0,50
79,7,34,14,0,254
79,8,38,29,0,50
79,9,42,20,0,869
79,10,46,33,0,50
79,11,50,27,0,203
79,12,54,24,0,50
79,13,58,28,0,152
79,14,62,24,0,50
79,15,66,24,0,510
79,16,70,14,0,50
79,17,74,17,0,0
79,18,78,20,0,152
79,19,82,22,0,254
79,20,86,19,0,101
79,21,90,24,0,691
79,22,94,24,0,50
80,1,10,27,0,99
80,2,14,24,0,152
80,3,18,33,0,34
80,4,22,29,0,50
80,5,26,24,0,510
80,6,30,14,0,152
80,7,34,22,0,664
80,8,38,33,0,50
80,9,42,27,0,50
80,10,46,23,0,152
80,11,50,25,0,50
80,12,54,33,0,50
80,13,58,24,0,203
80,14,62,32,0,101
80,15,66,25,0,254
80,16,70,25,0,50
80,17,74,25,0,101
80,18,78,19,0,203
80,19,82,22,0,246
81,1,10,29,0,48
81,2,14,25,0,50
81,3,18,25,0,101
81,4,22,24,0,11
81,5,26,27,0,306
81,6,30,30,0,50
81,7,34,31,0,118
81,8,38,25,0,50
81,9,42,19,0,459
81,10,46,10,0,101
81,11,50,20,0,50
81,12,54,25,0,50
81,13,58,11,0,357
81,14,62,30,0,306
81,15,66,24,0,50
81,16,70,27,0,203
81,17,74,22,0,50
81,18,78,24,0,50
81,19,82,12,0,50
81,20,86,23,0,101
81,21,90,22,0,203
81,22,94,20,0,152
81,23,98,21,0,203
81,24,102,27,0,101
81,25,106,20,0,50
81,26,110,21,0,254
81,27,114,22,0,358
81,28,118,15,0,766
82,1,10,21,0,406
82,2,14,28,0,152
82,3,18,20,0,101
82,4,22,22,0,101
82,5,26,15,0,50
82,6,30,24,0,101
82,7,34,27,0,50
82,8,38,26,0,50
82,9,42,26,0,101
82,10,46,25,0,101
82,11,50,25,0,203
82,12,54,25,0,101
82,13,58,22,0,101
82,14,62,20,0,50
82,15,66,25,0,45
82,16,70,18,0,715
82,17,74,17,0,101
82,18,78,13,0,971
82,19,82,15,0,562
82,20,86,23,0,50
82,21,90,28,0,152
82,22,94,31,0,50
82,23,98,28,0,50
83,1,10,21,0,202
83,2,14,23,0,50
83,3,18,20,0,101
83,4,22,28,0,50
83,5,26,17,0,152
83,6,30,20,0,50
83,7,34,34,0,50
83,8,38,21,0,510
83,9,42,30,0,50
83,10,46,23,0,203
84,1,10,19,0,150
84,2,14,23,0,50
84,3,18,29,0,101
84,4,22,24,0,101
84,5,26,20,0,50
84,6,30,28,0,50
84,7,34,21,0,101
84,8,38,25,0,101
84,9,42,23,0,50
84,10,46,23,0,245
84,11,50,21,0,715
84,12,54,22,0,254
84,13,58,22,0,101
84,14,62,22,0,50
84,15,66,25,0,50
84,16,70,23,0,510
84,17,74,30,0,50
84,18,78,21,0,50
84,19,82,25,0,203
84,20,86,25,0,152
84,21,90,25,0,152
84,22,94,27,0,165
84,23,98,25,0,101
84,24,102,24,0,152
84,25,106,19,0,459
84,26,110,27,0,50
84,27,114,10,0,254
85,1,10,30,0,150
85,2,14,25,1,50
85,3,18,22,0,50
85,4,22,34,0,101
85,5,26,31,0,50
85,6,30,18,0,101
85,7,34,22,0,342
85,8,38,31,0,101
85,9,42,27,0,357
85,10,46,29,0,254
85,11,50,25,0,101
85,12,54,29,0,50
85,13,58,24,0,357
85,14,62,21,0,50
85,15,66,27,0,50
85,16,70,20,0,50
85,17,74,14,0,1074
85,18,78,15,0,50
85,19,82,19,0,171
85,20,86,20,0,101
85,21,90,27,0,98
86,1,10,21,0,48
86,2,14,24,0,101
86,3,18,16,0,1022
86,4,22,24,0,22
86,5,26,21,0,101
86,6,30,27,0,152
86,7,34,26,0,50
86,8,38,24,0,93
86,9,42,19,0,510
86,10,46,20,0,152
86,11,50,22,0,50
86,12,54,16,0,306
86,13,58,6,0,1483
86,14,62,17,0,920
86,15,66,24,0,101
86,16,70,26,0,240
86,17,74,22,0,408
86,18,78,30,0,101
86,19,82,19,0,306
86,20,86,32,0,50
86,21,90,30,0,101
86,22,94,25,0,50
86,23,98,15,0,459
87,1,10,30,0,150
87,2,14,21,0,50
87,3,18,17,0,254
87,4,22,22,0,101
87,5,26,26,0,254
87,6,30,31,0,50
87,7,34,24,0,101
87,8,38,20,0,357
87,9,42,18,0,203
87,10,46,27,0,50
87,11,50,22,0,50
87,12,54,23,0,50
87,13,58,32,0,101
87,14,62,19,0,101
87,15,66,24,0,50
87,16,70,21,0,254
87,17,74,4,1,50
88,1,10,26,0,48
88,2,14,16,0,101
88,3,18,29,0,152
88,4,22,21,0,549
88,5,26,25,0,50
88,6,30,30,0,408
88,7,34,22,0,275
88,8,38,28,0,141
88,9,42,26,0,101
88,10,46,26,0,152
88,11,50,20,0,715
88,12,54,24,0,50
88,13,58,22,0,50
88,14,62,21,0,306
88,15,66,21,0,203
88,16,70,12,0,459
88,17,74,24,0,50
88,18,78,24,0,254
89,1,10,17,0,202
89,2,14,29,0,50
89,3,18,24,0,50
89,4,22,22,0,16
89,5,26,22,0,50
89,6,30,27,0,50
89,7,34,31,0,152
89,8,38,16,0,510
89,9,42,16,0,50
89,10,46,21,0,254
89,11,50,26,0,152
89,12,54,28,0,101
89,13,58,25,0,43
89,14,62,17,0,152
89,15,66,24,0,50
89,16,70,19,0,152
89,17,74,23,0,50
90,1,10,26,0,48
90,2,14,19,0,50
90,3,18,22,0,152
90,4,22,28,0,56
90,5,26,31,0,50
90,6,30,20,0,408
90,7,34,29,0,50
90,8,38,17,0,144
90,9,42,20,0,50
90,10,46,24,0,101
90,11,50,14,0,306
90,12,54,26,0,203
90,13,58,21,0,50
90,14,62,24,0,50
90,15,66,21,0,152
90,16,70,20,0,254
90,17,74,27,0,101
90,18,78,27,0,50
90,19,82,25,0,50
90,20,86,11,0,101
90,21,90,20,0,254
90,22,94,26,0,101
90,23,98,20,0,50
91,1,10,27,0,253
91,2,14,22,0,50
91,3,18,16,0,101
91,4,22,28,0,50
91,5,26,14,0,101
91,6,30,32,0,11
91,7,34,22,0,408
91,8,38,27,0,50
91,9,42,22,0,50
91,10,46,18,0,50
91,11,50,16,0,357
91,12,54,32,0,50
91,13,58,21,0,50
91,14,62,16,0,50
91,15,66,31,0,50
91,16,70,25,0,50
91,17,74,17,0,101
91,18,78,23,0,306
91,19,82,20,0,613
91,20,86,24,0,306
91,21,90,25,0,306
91,22,94,32,0,50
91,23,98,21,0,203
92,1,10,23,0,99
92,2,14,16,1,50
92,3,18,28,0,50
92,4,22,30,0,203
92,5,26,25,0,152
92,6,30,25,0,50
92,7,34,29,0,50
92,8,38,28,0,133
92,9,42,31,0,152
92,10,46,32,0,254
92,11,50,22,0,50
92,12,54,25,0,101
92,13,58,27,0,50
92,14,62,19,0,22
92,15,66,29,0,250
92,16,70,24,0,306
92,17,74,21,0,50
92,18,78,32,0,101
92,19,82,27,0,459
92,20,86,21,0,408
92,21,90,28,0,101
92,22,94,27,0,101
92,23,98,19,0,152
93,1,10,23,0,99
93,2,14,28,0,50
93,3,18,26,0,50
93,4,22,20,0,203
93,5,26,31,0,50
93,6,30,23,0,152
93,7,34,30,0,101
93,8,38,23,0,357
93,9,42,26,0,357
93,10,46,10,0,664
93,11,50,19,0,50
93,12,54,31,0,306
93,13,58,18,0,50
93,14,62,27,0,101
93,15,66,18,0,613
93,16,70,33,0,80
93,17,74,27,0,152
93,18,78,24,0,50
94,1,10,18,0,48
94,2,14,30,0,101
94,3,18,27,0,18
94,4,22,30,0,101
94,5,26,23,0,101
94,6,30,21,0,50
94,7,34,21,0,96
94,8,38,20,0,50
94,9,42,22,0,40
94,10,46,17,0,50
94,11,50,14,0,715
94,12,54,23,0,50
94,13,58,21,0,408
94,14,62,27,0,510
94,15,66,18,0,357
94,16,70,27,0,50
94,17,74,20,0,50
94,18,78,25,0,306
94,19,82,24,0,50
94,20,86,20,0,101
94,21,90,29,0,50
94,22,94,32,0,101
94,23,98,20,0,101
94,24,102,11,0,664
94,25,106,17,0,152
95,1,10,23,0,253
95,2,14,24,0,192
95,3,18,11,0,16
95,4,22,25,0,398
95,5,26,21,0,152
95,6,30,26,0,152
95,7,34,28,0,50
95,8,38,22,0,613
95,9,42,19,0,50
95,10,46,17,0,101
95,11,50,20,0,50
95,12,54,16,0,408
95,13,58,16,0,510
95,14,62,24,0,203
95,15,66,20,0,408
95,16,70,27,0,152
95,17,74,29,0,101
95,18,78,23,0,101
95,19,82,19,0,459
95,20,86,23,0,459
95,21,90,22,0,203
95,22,94,28,0,50
96,1,10,27,0,48
96,2,14,28,0,50
96,3,18,27,0,203
96,4,22,23,0,254
96,5,26,31,0,101
96,6,30,15,0,306
96,7,34,13,0,818
96,8,38,33,0,152
96,9,42,33,0,50
96,10,46,20,0,101
96,11,50,24,0,50
96,12,54,26,0,203
96,13,58,20,0,50
96,14,62,21,0,152
96,15,66,26,0,152
96,16,70,24,0,101
96,17,74,21,0,50
96,18,78,22,0,50
96,19,82,15,0,306
96,20,86,18,0,101
96,21,90,25,0,408
96,22,94,25,0,101
96,23,98,13,0,152
97,1,10,29,0,99
97,2,14,24,0,152
97,3,18,29,0,50
97,4,22,6,0,1688
97,5,26,22,0,152
97,6,30,28,0,50
97,7,34,30,0,101
97,8,38,27,0,50
97,9,42,26,0,306
97,10,46,17,0,152
97,11,50,21,0,101
97,12,54,22,0,50
97,13,58,27,0,50
97,14,62,20,0,203
97,15,66,16,0,101
98,1,10,31,0,48
98,2,14,24,1,50
98,3,18,10,0,152
98,4,22,21,0,101
98,5,26,31,0,50
98,6,30,26,0,152
98,7,34,21,0,101
98,8,38,25,0,152
98,9,42,21,0,50
98,10,46,27,0,50
98,11,50,27,0,50
98,12,54,26,0,101
98,13,58,28,0,50
98,14,62,28,0,27
98,15,66,26,0,192
98,16,70,19,0,50
98,17,74,16,0,408
98,18,78,27,0,50
98,19,82,23,0,101
98,20,86,29,0,101
98,21,90,24,0,50
98,22,94,16,0,254
98,23,98,9,0,254
98,24,102,16,0,187
98,25,106,17,0,94
98,26,110,14,0,818
98,27,114,21,0,459
98,28,118,28,0,101
98,29,122,26,0,101
98,30,126,25,0,50
98,31,130,30,0,50
98,32,134,15,0,267
98,33,138,24,0,101
99,1,10,30,0,253
99,2,14,25,0,101
99,3,18,30,0,50
99,4,22,24,0,306
99,5,26,15,0,357
99,6,30,26,0,50
99,7,34,32,0,50
99,8,38,17,0,152
99,9,42,10,0,664
100,1,10,23,0,48
100,2,14,32,0,50
100,3,18,22,0,43
100,4,22,27,0,459
100,5,26,28,0,50
100,6,30,25,0,203
100,7,34,22,0,53
100,8,38,17,0,94
100,9,42,22,0,152
100,10,46,22,0,50
100,11,50,23,0,152
100,12,54,26,0,38
100,13,58,14,0,50
100,14,62,14,0,306
100,15,66,28,0,13
100,16,70,34,0,152
100,17,74,22,0,152
100,18,78,27,0,50
100,19,82,27,0,50
100,20,86,27,0,101
100,21,90,22,0,152
100,22,94,29,0,34
101,1,10,20,1,50
101,2,14,15,0,101
101,3,18,26,0,101
101,4,22,22,0,50
101,5,26,26,0,50
101,6,30,23,0,152
101,7,34,24,0,357
101,8,38,32,0,50
101,9,42,28,0,50
101,10,46,21,0,152
101,11,50,26,0,101
101,12,54,24,0,101
101,13,58,24,0,152
101,14,62,23,0,254
101,15,66,22,0,50
102,1,10,26,0,202
102,2,14,23,0,0
102,3,18,35,0,50
102,4,22,25,0,152
102,5,26,26,0,152
102,6,30,24,0,50
102,7,34,16,0,1074
102,8,38,16,0,101
102,9,42,24,0,50
102,10,46,31,0,152
102,11,50,25,0,50
102,12,54,15,0,306
102,13,58,28,0,50
102,14,62,27,0,75
102,15,66,24,0,254
102,16,70,22,0,101
102,17,74,28,0,102
102,18,78,21,0,152
103,1,10,27,0,48
103,2,14,26,0,101
103,3,18,22,0,254
103,4,22,25,0,152
103,5,26,34,0,50
103,6,30,21,0,203
103,7,34,23,0,101
103,8,38,20,0,357
103,9,42,14,0,50
103,10,46,14,0,152
103,11,50,18,0,306
103,12,54,22,0,50
103,13,58,25,0,101
103,14,62,26,0,50
103,15,66,18,0,101
103,16,70,16,0,254
103,17,74,26,0,357
103,18,78,14,0,115
103,19,82,20,0,254
103,20,86,25,0,50
103,21,90,25,0,306
103,22,94,27,0,306
103,23,98,20,0,254
103,24,102,24,0,50
103,25,106,23,0,152
104,1,10,29,0,48
104,2,14,14,0,971
104,3,18,23,0,50
104,4,22,6,0,1842
104,5,26,17,0,101
104,6,30,24,0,50
104,7,34,27,0,94
104,8,38,28,0,50
104,9,42,22,0,613
104,10,46,26,0,42
104,11,50,25,0,408
104,12,54,19,0,152
104,13,58,25,0,50
104,14,62,20,0,203
104,15,66,22,0,357
104,16,70,20,0,101
104,17,74,21,0,280
104,18,78,29,0,152
104,19,82,31,0,101
104,20,86,11,0,306
105,1,10,23,0,355
105,2,14,26,0,38
105,3,18,19,0,203
105,4,22,32,0,101
105,5,26,20,0,101
105,6,30,27,0,50
105,7,34,19,0,408
105,8,38,22,0,82
105,9,42,22,0,50
105,10,46,18,0,459
105,11,50,29,0,50
105,12,54,24,0,50
105,13,58,22,0,50
105,14,62,30,0,35
105,15,66,17,0,50
105,16,70,13,0,254
105,17,74,33,0,101
105,18,78,25,0,106
105,19,82,12,0,306
106,1,10,25,0,202
106,2,14,28,0,96
106,3,18,34,0,38
106,4,22,16,0,504
106,5,26,18,0,459
106,6,30,21,0,408
106,7,34,26,0,254
106,8,38,26,0,101
106,9,42,27,0,101
106,10,46,18,0,254
106,11,50,23,0,408
106,12,54,21,0,62
106,13,58,27,0,40
106,14,62,25,0,152
106,15,66,14,0,203
106,16,70,14,0,510
106,17,74,16,0,920
106,18,78,26,0,101
106,19,82,27,0,101
106,20,86,21,0,221
106,21,90,27,0,50
106,22,94,22,0,254
107,1,10,22,0,99
107,2,14,26,0,203
107,3,18,26,0,50
107,4,22,21,0,613
107,5,26,23,0,203
107,6,30,23,0,101
107,7,34,22,0,152
107,8,38,29,0,306
107,9,42,29,0,50
107,10,46,27,0,50
107,11,50,32,0,50
107,12,54,29,0,50
107,13,58,24,0,101
107,14,62,26,0,50
107,15,66,26,0,101
107,16,70,26,0,203
108,1,10,21,0,48
108,2,14,25,0,6
108,3,18,25,0,50
108,4,22,17,0,101
108,5,26,28,0,50
108,6,30,24,0,50
108,7,34,29,0,104
108,8,38,25,0,50
108,9,42,23,0,50
108,10,46,26,0,50
108,11,50,17,0,50
108,12,54,24,0,227
108,13,58,14,0,1125
108,14,62,31,0,152
108,15,66,27,0,66
108,16,70,21,0,50
108,17,74,17,0,562
108,18,78,29,0,101
108,19,82,25,0,101
108,20,86,22,0,459
108,21,90,23,0,152
108,22,94,23,0,50
108,23,98,17,0,203
108,24,102,20,0,152
108,25,106,29,0,50
109,1,10,27,0,150
109,2,14,25,1,50
109,3,18,24,0,101
109,4,22,22,0,254
109,5,26,28,0,150
109,6,30,26,0,50
109,7,34,23,0,664
109,8,38,29,0,203
109,9,42,19,0,478
109,10,46,19,0,203
109,11,50,21,0,101
109,12,54,11,0,613
109,13,58,26,0,22
109,14,62,9,0,203
109,15,66,31,0,50
109,16,70,15,0,818
110,1,10,11,0,99
110,2,14,22,0,306
110,3,18,33,0,50
110,4,22,26,1,50
110,5,26,24,0,101
110,6,30,14,0,562
110,7,34,18,0,152
110,8,38,24,0,78
110,9,42,21,0,101
110,10,46,10,0,1227
110,11,50,21,0,101
110,12,54,24,0,101
110,13,58,26,0,50
110,14,62,23,0,459
111,1,10,28,0,48
111,2,14,29,0,152
111,3,18,24,0,357
111,4,22,24,0,50
111,5,26,28,0,101
111,6,30,17,0,101
111,7,34,20,0,50
111,8,38,25,0,101
111,9,42,24,0,152
111,10,46,23,0,152
111,11,50,30,0,50
111,12,54,18,0,254
111,13,58,24,0,152
111,14,62,29,0,152
111,15,66,33,0,152
111,16,70,17,0,203
111,17,74,27,0,101
111,18,78,25,0,152
111,19,82,19,0,50
111,20,86,21,0,510
112,1,10,20,1,50
112,2,14,13,1,50
113,1,10,20,0,48
113,2,14,31,0,50
113,3,18,21,0,101
113,4,22,20,0,50
113,5,26,38,0,101
113,6,30,26,0,101
113,7,34,29,0,101
113,8,38,24,0,50
113,9,42,20,0,203
113,10,46,27,0,50
113,11,50,21,0,459
113,12,54,29,0,50
113,13,58,24,0,50
113,14,62,29,0,152
113,15,66,22,0,101
113,16,70,26,0,306
113,17,74,20,0,152
113,18,78,29,0,101
114,1,10,25,0,48
114,2,14,28,0,50
114,3,18,18,0,50
114,4,22,31,0,101
114,5,26,19,0,459
114,6,30,21,0,101
114,7,34,24,0,40
114,8,38,24,0,101
114,9,42,18,0,459
114,10,46,15,0,152
114,11,50,25,0,50
114,12,54,26,0,254
114,13,58,31,0,203
114,14,62,20,0,50
114,15,66,19,0,510
114,16,70,31,0,152
114,17,74,23,0,50
114,18,78,25,0,50
114,19,82,22,0,152
114,20,86,13,0,243
114,21,90,18,0,1125
114,22,94,26,0,14
114,23,98,22,0,50
114,24,102,1,1,50
115,1,10,22,0,48
115,2,14,21,0,306
115,3,18,25,0,101
115,4,22,16,0,203
115,5,26,26,0,50
115,6,30,20,0,101
115,7,34,31,0,50
115,8,38,21,0,254
115,9,42,19,0,254
115,10,46,19,0,562
116,1,10,22,0,99
116,2,14,24,0,50
116,3,18,28,0,101
116,4,22,23,0,37
116,5,26,30,0,101
116,6,30,24,0,50
116,7,34,20,0,357
116,8,38,16,0,667
116,9,42,19,0,254
116,10,46,25,0,50
116,11,50,20,0,408
116,12,54,28,0,101
116,13,58,16,0,664
116,14,62,16,0,91
117,1,10,24,0,48
117,2,14,19,0,101
117,3,18,25,0,101
117,4,22,27,0,101
117,5,26,26,0,203
117,6,30,28,0,357
117,7,34,26,0,50
117,8,38,23,0,46
117,9,42,28,0,50
117,10,46,21,0,408
117,11,50,24,0,152
117,12,54,25,0,50
117,13,58,18,0,50
117,14,62,24,0,152
117,15,66,31,0,101
117,16,70,31,0,101
117,17,74,26,0,50
117,18,78,27,0,101
117,19,82,29,0,50
117,20,86,22,0,50
117,21,90,26,0,101
118,1,10,29,0,48
118,2,14,26,0,50
118,3,18,29,0,50
118,4,22,22,0,53
118,5,26,18,0,152
118,6,30,23,0,50
118,7,34,25,0,101
118,8,38,25,0,50
118,9,42,23,0,306
118,10,46,15,0,715
118,11,50,20,0,306
118,12,54,28,0,50
118,13,58,18,0,50
118,14,62,18,0,306
119,1,10,16,0,918
119,2,14,32,0,101
119,3,18,16,0,459
119,4,22,20,0,203
119,5,26,23,0,88
119,6,30,25,0,203
119,7,34,26,0,50
119,8,38,27,0,101
119,9,42,24,0,101
119,10,46,23,0,664
119,11,50,24,0,50
119,12,54,31,0,50
119,13,58,18,0,101
119,14,62,26,0,152
119,15,66,16,0,254
119,16,70,14,0,101
120,1,10,27,0,99
120,2,14,18,1,50
120,3,18,12,0,459
120,4,22,24,0,152
120,5,26,24,0,408
120,6,30,32,0,306
120,7,34,23,0,203
120,8,38,24,0,203
120,9,42,21,0,101
120,10,46,21,0,254
120,11,50,32,0,101
120,12,54,28,0,101
120,13,58,20,0,496
120,14,62,31,0,101
120,15,66,20,0,306
120,16,70,31,0,152
121,1,10,22,0,304
121,2,14,20,0,203
121,3,18,9,0,1637
121,4,22,10,0,1278
121,5,26,34,0,152
121,6,30,17,0,203
121,7,34,24,0,152
121,8,38,13,0,766
121,9,42,27,0,101
121,10,46,26,0,50
121,11,50,29,0,101
121,12,54,17,0,86
121,13,58,11,0,101
121,14,62,11,0,869
121,15,66,24,0,50
121,16,70,20,0,50
121,17,74,27,0,16
121,18,78,26,0,50
121,19,82,28,0,203
121,20,86,20,0,50
122,1,10,19,0,458
122,2,14,20,0,101
122,3,18,29,0,101
122,4,22,21,0,50
122,5,26,24,0,152
122,6,30,21,0,152
122,7,34,22,0,254
122,8,38,23,0,50
122,9,42,7,0,1688
122,10,46,17,0,357
122,11,50,26,0,101
122,12,54,25,0,152
122,13,58,21,0,254
122,14,62,29,0,99
122,15,66,20,0,50
122,16,70,20,0,50
123,1,10,23,0,202
123,2,14,32,0,50
123,3,18,24,0,152
123,4,22,25,0,50
123,5,26,25,0,50
123,6,30,18,0,510
123,7,34,26,0,50
123,8,38,24,0,254
123,9,42,28,0,254
123,10,46,19,0,50
123,11,50,28,0,50
123,12,54,23,0,664
123,13,58,22,0,50
123,14,62,26,0,152
124,1,10,19,0,48
124,2,14,26,0,50
124,3,18,20,0,664
124,4,22,20,0,26
124,5,26,23,0,254
124,6,30,24,0,262
124,7,34,26,0,101
124,8,38,24,0,306
124,9,42,28,0,101
124,10,46,16,0,50
124,11,50,23,0,50
124,12,54,31,0,50
124,13,58,17,0,50
124,14,62,20,0,101
124,15,66,25,0,101
124,16,70,23,0,101
124,17,74,26,0,50
124,18,78,27,0,50
124,19,82,22,0,50
124,20,86,31,0,152
124,21,90,11,0,613
124,22,94,29,0,306
124,23,98,28,0,101
125,1,10,28,0,202
125,2,14,31,0,173
125,3,18,23,0,357
125,4,22,26,0,101
125,5,26,20,0,101
125,6,30,25,0,130
125,7,34,26,0,101
125,8,38,26,0,101
125,9,42,23,0,50
125,10,46,22,0,203
125,11,50,14,0,408
125,12,54,26,0,152
125,13,58,24,0,101
125,14,62,21,0,101
125,15,66,27,0,218
125,16,70,30,0,101
125,17,74,13,0,459
125,18,78,29,0,50
125,19,82,28,0,50
125,20,86,21,0,101
125,21,90,17,0,152
125,22,94,18,0,306
125,23,98,24,0,101
125,24,102,23,0,101
125,25,106,16,0,818
125,26,110,27,0,203
125,27,114,18,0,152
126,1,10,24,0,99
126,2,14,25,0,50
126,3,18,25,0,50
126,4,22,20,0,50
126,5,26,28,0,101
126,6,30,20,0,50
126,7,34,10,0,357
126,8,38,20,0,50
126,9,42,25,0,50
126,10,46,21,0,203
126,11,50,30,0,50
126,12,54,29,0,50
126,13,58,26,0,254
126,14,62,23,0,101
126,15,66,11,0,203
127,1,10,23,0,99
127,2,14,27,0,50
127,3,18,21,1,50
127,4,22,28,0,101
127,5,26,24,0,454
127,6,30,25,0,203
127,7,34,17,0,101
127,8,38,29,0,50
127,9,42,22,0,254
127,10,46,19,0,50
127,11,50,23,0,50
127,12,54,26,0,50
127,13,58,30,0,152
127,14,62,23,0,50
127,15,66,20,0,101
128,1,10,18,0,99
128,2,14,26,0,254
128,3,18,32,0,50
128,4,22,20,0,254
128,5,26,26,0,254
128,6,30,21,0,50
128,7,34,26,0,101
128,8,38,27,0,50
128,9,42,24,0,50
128,10,46,27,0,203
128,11,50,13,0,101
128,12,54,33,0,152
128,13,58,31,0,101
128,14,62,22,0,510
128,15,66,18,0,50
128,16,70,24,0,101
128,17,74,22,0,50
128,18,78,23,0,50
128,19,82,24,0,101
128,20,86,22,0,459
128,21,90,22,0,306
128,22,94,14,0,203
128,23,98,22,0,101
128,24,102,20,0,254
128,25,106,20,0,101
129,1,10,23,0,611
129,2,14,20,0,50
129,3,18,26,0,254
129,4,22,25,0,50
129,5,26,33,0,152
129,6,30,14,0,510
129,7,34,19,0,101
129,8,38,20,0,459
129,9,42,21,0,50
129,10,46,29,0,101
129,11,50,23,0,50
129,12,54,30,0,101
129,13,58,24,0,510
129,14,62,26,0,50
129,15,66,28,0,101
129,16,70,21,0,50
129,17,74,25,0,101
129,18,78,22,0,306
129,19,82,24,0,50
129,20,86,19,0,203
130,1,10,21,0,48
130,2,14,19,0,459
130,3,18,27,0,5
130,4,22,33,0,50
130,5,26,21,0,203
130,6,30,27,0,50
130,7,34,29,0,101
130,8,38,19,0,203
130,9,42,26,0,101
130,10,46,27,0,152
130,11,50,28,0,101
130,12,54,10,0,101
130,13,58,22,0,664
130,14,62,18,0,50
130,15,66,25,0,50
131,1,10,27,0,253
131,2,14,19,0,203
131,3,18,24,0,101
131,4,22,27,0,50
131,5,26,13,0,152
131,6,30,30,0,101
131,7,34,23,0,50
131,8,38,25,0,152
131,9,42,17,0,50
131,10,46,23,0,50
131,11,50,27,0,152
131,12,54,24,0,50
131,13,58,22,0,254
131,14,62,13,0,254
131,15,66,16,0,306
131,16,70,27,0,101
131,17,74,15,0,203
131,18,78,24,0,50
132,1,10,27,0,99
132,2,14,29,0,50
132,3,18,25,0,152
132,4,22,25,0,101
132,5,26,19,0,50
132,6,30,25,0,101
132,7,34,20,0,101
132,8,38,18,0,101
132,9,42,25,0,50
132,10,46,24,0,101
132,11,50,28,0,152
132,12,54,23,0,664
132,13,58,24,0,101
132,14,62,23,0,50
132,15,66,11,0,715
132,16,70,28,0,50
132,17,74,18,0,171
132,18,78,24,0,101
132,19,82,14,0,254
132,20,86,3,0,1432
133,1,10,23,0,150
133,2,14,26,0,101
133,3,18,26,0,72
133,4,22,28,1,50
133,5,26,17,0,101
133,6,30,26,0,50
133,7,34,19,0,408
133,8,38,17,0,203
133,9,42,29,0,50
133,10,46,25,0,101
133,11,50,31,0,152
133,12,54,22,0,101
134,1,10,21,0,48
134,2,14,15,0,101
134,3,18,24,0,152
134,4,22,26,0,50
134,5,26,21,0,101
134,6,30,30,0,50
134,7,34,18,0,101
134,8,38,22,0,203
134,9,42,25,0,152
134,10,46,21,0,27
134,11,50,12,0,715
134,12,54,18,0,152
134,13,58,23,0,152
134,14,62,22,0,254
134,15,66,23,0,152
134,16,70,24,0,152
134,17,74,18,0,50
134,18,78,25,0,152
134,19,82,15,0,50
134,20,86,21,0,86
134,21,90,21,0,101
134,22,94,29,0,101
134,23,98,12,0,1013
135,1,10,21,0,150
135,2,14,23,0,510
135,3,18,18,0,50
135,4,22,29,0,13
135,5,26,23,0,203
135,6,30,30,0,101
135,7,34,25,0,50
135,8,38,15,0,58
135,9,42,18,0,715
135,10,46,29,0,50
135,11,50,22,0,510
135,12,54,27,0,50
135,13,58,15,0,715
135,14,62,25,0,50
135,15,66,31,0,22
135,16,70,29,0,50
135,17,74,17,0,101
135,18,78,25,0,50
136,1,10,22,0,48
136,2,14,23,0,50
136,3,18,19,0,203
136,4,22,27,0,50
136,5,26,18,0,152
136,6,30,24,0,38
136,7,34,20,0,254
136,8,38,17,0,203
136,9,42,20,0,75
136,10,46,30,0,141
136,11,50,25,0,408
136,12,54,18,0,152
136,13,58,17,0,357
136,14,62,21,0,254
136,15,66,24,0,101
136,16,70,31,0,152
136,17,74,11,0,459
136,18,78,32,0,254
136,19,82,20,0,152
136,20,86,26,0,362
136,21,90,20,0,510
136,22,94,9,0,101
137,1,10,12,0,918
137,2,14,26,0,101
137,3,18,33,0,50
137,4,22,29,0,50
137,5,26,25,0,562
137,6,30,22,0,50
137,7,34,24,0,50
137,8,38,21,0,91
137,9,42,28,0,203
137,10,46,27,0,152
137,11,50,25,0,50
137,12,54,20,0,152
137,13,58,21,0,152
137,14,62,26,0,50
137,15,66,19,0,50
138,1,10,17,1,50
138,2,14,23,0,408
138,3,18,12,0,101
138,4,22,27,0,50
138,5,26,27,0,50
138,6,30,21,0,408
138,7,34,27,0,101
138,8,38,25,0,306
138,9,42,32,0,50
138,10,46,18,0,203
138,11,50,18,0,357
138,12,54,23,0,101
138,13,58,19,0,50
138,14,62,24,0,198
138,15,66,28,0,50
138,16,70,21,0,50
138,17,74,20,0,50
138,18,78,30,0,254
138,19,82,19,0,203
138,20,86,26,0,101
138,21,90,29,0,101
138,22,94,27,0,50
138,23,98,27,0,50
139,1,10,19,0,99
139,2,14,29,0,50
139,3,18,20,0,69
139,4,22,32,0,50
139,5,26,25,0,101
139,6,30,20,0,152
139,7,34,27,0,50
139,8,38,17,0,50
139,9,42,23,0,46
139,10,46,30,0,50
139,11,50,29,0,101
139,12,54,25,0,101
139,13,58,17,0,50
139,14,62,27,0,50
139,15,66,26,0,101
139,16,70,25,0,101
139,17,74,23,0,50
139,18,78,27,0,50
139,19,82,16,0,50
139,20,86,22,0,459
139,21,90,27,0,101
139,22,94,24,0,101
139,23,98,10,0,1330
139,24,102,21,0,50
139,25,106,18,0,306
139,26,110,28,0,101
139,27,114,22,0,50
139,28,118,27,0,203
140,1,10,16,0,48
140,2,14,26,0,50
140,3,18,25,0,152
140,4,22,29,0,51
140,5,26,26,0,50
140,6,30,24,0,101
140,7,34,24,0,50
140,8,38,27,0,50
140,9,42,26,0,101
140,10,46,29,0,152
140,11,50,18,0,133
140,12,54,32,0,152
140,13,58,26,0,152
140,14,62,17,0,459
140,15,66,24,0,50
140,16,70,29,0,357
140,17,74,29,0,50
140,18,78,30,0,14
140,19,82,26,0,50
140,20,86,22,0,152
140,21,90,29,0,50
140,22,94,21,0,70
140,23,98,23,0,306
141,1,10,24,0,202
141,2,14,15,0,152
141,3,18,22,0,50
141,4,22,27,0,254
141,5,26,20,0,101
141,6,30,21,0,101
141,7,34,11,0,408
141,8,38,14,0,50
141,9,42,30,0,50
141,10,46,16,0,459
141,11,50,11,0,1381
141,12,54,28,0,203
141,13,58,29,0,158
141,14,62,26,0,101
141,15,66,22,1,50
142,1,10,23,0,48
142,2,14,24,0,50
142,3,18,25,0,50
142,4,22,21,0,101
142,5,26,21,0,150
142,6,30,28,0,50
142,7,34,25,0,170
142,8,38,29,0,152
142,9,42,26,0,101
142,10,46,28,0,50
142,11,50,20,0,101
142,12,54,31,0,101
142,13,58,22,0,203
143,1,10,28,0,48
143,2,14,25,0,50
143,3,18,25,0,62
143,4,22,29,0,50
143,5,26,22,0,99
143,6,30,22,0,357
143,7,34,23,0,50
143,8,38,19,0,101
143,9,42,25,0,82
143,10,46,31,0,101
143,11,50,20,0,254
143,12,54,26,0,101
143,13,58,11,0,510
143,14,62,20,0,357
143,15,66,16,0,50
143,16,70,26,0,50
143,17,74,21,0,61
143,18,78,21,0,152
143,19,82,25,0,50
144,1,10,23,0,150
144,2,14,25,0,306
144,3,18,18,0,101
144,4,22,21,0,50
144,5,26,25,0,306
144,6,30,26,0,101
144,7,34,20,0,203
144,8,38,22,0,64
144,9,42,21,0,254
144,10,46,24,0,50
144,11,50,25,0,101
144,12,54,24,0,101
144,13,58,26,0,101
144,14,62,19,0,459
144,15,66,32,0,50
144,16,70,25,0,173
144,17,74,23,0,50
144,18,78,21,0,101
145,1,10,29,0,253
145,2,14,29,0,254
145,3,18,26,0,152
145,4,22,31,0,50
145,5,26,26,0,50
145,6,30,23,0,203
145,7,34,26,0,50
145,8,38,21,0,254
145,9,42,24,0,152
145,10,46,28,0,152
145,11,50,18,0,203
145,12,54,22,0,101
145,13,58,31,0,50
145,14,62,5,0,306
145,15,66,24,0,152
145,16,70,18,0,101
146,1,10,24,0,304
146,2,14,16,0,269
146,3,18,29,0,50
146,4,22,21,0,50
146,5,26,23,0,50
146,6,30,15,0,203
146,7,34,29,0,152
146,8,38,21,0,152
146,9,42,32,0,50
146,10,46,26,0,152
146,11,50,26,0,101
146,12,54,9,0,869
146,13,58,9,0,357
146,14,62,24,0,50
146,15,66,27,0,254
146,16,70,23,0,50
146,17,74,18,0,715
146,18,78,18,0,50
146,19,82,22,0,315
146,20,86,26,0,50
147,1,10,23,0,48
147,2,14,29,0,101
147,3,18,23,0,152
147,4,22,27,0,101
147,5,26,27,0,50
147,6,30,24,0,101
147,7,34,28,0,8
147,8,38,11,0,152
147,9,42,17,0,818
147,10,46,15,0,152
147,11,50,21,0,152
147,12,54,19,0,50
147,13,58,24,0,254
147,14,62,24,0,203
147,15,66,14,0,50
147,16,70,27,0,50
147,17,74,27,0,50
147,18,78,21,0,50
147,19,82,25,0,357
147,20,86,29,0,152
148,1,10,26,0,253
148,2,14,27,0,152
148,3,18,23,0,101
148,4,22,17,0,50
148,5,26,21,0,101
148,6,30,11,0,1075
149,1,10,26,0,48
149,2,14,28,0,306
149,3,18,29,0,50
149,4,22,25,0,306
149,5,26,29,0,50
149,6,30,21,0,306
149,7,34,23,0,357
149,8,38,28,0,50
149,9,42,22,0,152
149,10,46,23,0,50
149,11,50,16,0,101
149,12,54,13,0,101
149,13,58,22,0,50
149,14,62,26,0,101
149,15,66,24,0,152
149,16,70,20,0,101
149,17,74,29,0,562
149,18,78,23,0,152
149,19,82,25,0,101
149,20,86,33,0,152
149,21,90,5,0,1483
150,1,10,28,0,48
150,2,14,26,0,50
150,3,18,16,0,459
150,4,22,28,0,50
150,5,26,28,0,50
150,6,30,22,0,203
150,7,34,28,0,203
150,8,38,29,0,152
150,9,42,16,0,203
150,10,46,27,0,50
150,11,50,32,0,93
150,12,54,20,0,101
150,13,58,24,0,152
150,14,62,23,0,50
150,15,66,26,0,152
150,16,70,17,0,152
150,17,74,22,0,254
150,18,78,22,0,101
150,19,82,20,0,101
150,20,86,27,0,459
150,21,90,25,0,50
150,22,94,17,0,43
150,23,98,21,0,562
151,1,10,16,1,50
151,2,14,25,0,459
151,3,18,28,0,152
151,4,22,25,0,203
151,5,26,24,0,152
151,6,30,31,0,50
151,7,34,23,0,254
151,8,38,31,0,187
151,9,42,20,0,50
151,10,46,22,0,50
151,11,50,30,0,408
151,12,54,30,0,101
151,13,58,23,0,101
151,14,62,21,0,152
151,15,66,14,0,50
151,16,70,21,0,101
151,17,74,23,0,150
151,18,78,31,0,50
151,19,82,21,0,203
151,20,86,28,0,30
151,21,90,22,0,21
151,22,94,29,0,50
152,1,10,31,0,253
152,2,14,23,0,101
152,3,18,18,0,50
152,4,22,24,0,203
152,5,26,25,0,50
152,6,30,28,0,306
152,7,34,29,0,203
152,8,38,32,0,101
152,9,42,21,0,232
152,10,46,17,0,101
152,11,50,27,0,5
152,12,54,27,0,101
152,13,58,18,0,459
152,14,62,17,0,101
152,15,66,18,0,50
152,16,70,22,0,101
152,17,74,26,0,101
152,18,78,26,0,50
152,19,82,26,0,306
152,20,86,24,0,50
152,21,90,23,0,203
153,1,10,27,0,48
153,2,14,23,0,101
153,3,18,27,0,50
153,4,22,21,0,50
153,5,26,26,0,101
153,6,30,28,0,203
153,7,34,30,0,59
153,8,38,26,0,408
153,9,42,33,0,101
153,10,46,27,0,50
153,11,50,22,0,408
153,12,54,26,0,101
153,13,58,28,0,101
153,14,62,13,0,254
153,15,66,23,0,306
153,16,70,21,0,306
153,17,74,20,0,101
153,18,78,22,0,664
154,1,10,25,0,48
154,2,14,16,1,50
154,3,18,23,0,50
154,4,22,26,0,50
154,5,26,24,0,152
154,6,30,25,0,101
154,7,34,23,0,50
154,8,38,17,0,715
154,9,42,29,0,50
154,10,46,29,0,203
154,11,50,20,0,50
154,12,54,26,0,101
154,13,58,25,0,50
154,14,62,33,0,50
154,15,66,19,0,869
154,16,70,22,0,203
154,17,74,20,0,50
154,18,78,27,0,50
154,19,82,18,0,510
155,1,10,29,0,48
155,2,14,26,0,230
155,3,18,14,0,733
155,4,22,26,0,50
155,5,26,26,0,50
155,6,30,23,0,152
155,7,34,25,0,254
155,8,38,29,0,50
155,9,42,22,0,50
155,10,46,21,0,50
155,11,50,24,0,101
155,12,54,22,0,50
155,13,58,21,0,157
155,14,62,18,0,357
155,15,66,32,0,50
155,16,70,21,0,203
155,17,74,28,0,152
155,18,78,25,0,152
155,19,82,22,0,152
155,20,86,20,0,50
156,1,10,16,0,304
156,2,14,23,0,125
156,3,18,24,0,459
156,4,22,13,0,1074
156,5,26,30,0,101
156,6,30,25,0,152
156,7,34,25,0,50
156,8,38,16,0,50
156,9,42,22,0,50
156,10,46,29,0,66
156,11,50,33,0,50
156,12,54,21,0,254
156,13,58,27,0,306
156,14,62,19,0,101
156,15,66,22,0,50
156,16,70,27,0,50
156,17,74,22,0,101
156,18,78,22,0,254
156,19,82,18,0,50
156,20,86,28,0,50
156,21,90,25,0,459
156,22,94,32,0,50
157,1,10,28,0,99
157,2,14,27,0,152
157,3,18,25,0,101
157,4,22,22,0,357
157,5,26,8,0,101
157,6,30,23,0,562
157,7,34,28,0,35
157,8,38,16,0,50
157,9,42,27,0,203
157,10,46,24,0,203
157,11,50,19,0,101
157,12,54,34,0,203
157,13,58,26,0,101
157,14,62,22,0,254
157,15,66,23,0,50
157,16,70,23,0,101
157,17,74,17,0,152
157,18,78,22,0,152
157,19,82,21,0,314
157,20,86,19,0,664
158,1,10,20,0,150
158,2,14,29,0,50
158,3,18,24,0,50
158,4,22,21,0,408
158,5,26,22,0,368
158,6,30,18,0,613
158,7,34,17,0,715
158,8,38,11,0,101
159,1,10,11,1,50
159,2,14,18,0,152
159,3,18,24,0,408
159,4,22,18,0,306
159,5,26,21,0,50
159,6,30,23,0,459
159,7,34,25,0,50
159,8,38,19,0,304
159,9,42,17,0,445
159,10,46,27,0,152
159,11,50,22,0,50
159,12,54,25,0,32
159,13,58,17,0,101
159,14,62,26,0,152
159,15,66,23,0,50
159,16,70,28,0,50
159,17,74,29,0,101
159,18,78,20,0,50
160,1,10,30,0,48
160,2,14,29,0,50
160,3,18,21,0,101
160,4,22,24,0,27
160,5,26,23,0,50
160,6,30,20,0,101
160,7,34,34,0,152
160,8,38,27,0,50
160,9,42,20,0,254
160,10,46,21,0,101
160,11,50,16,0,920
160,12,54,20,0,152
160,13,58,19,0,203
160,14,62,16,0,203
160,15,66,28,0,254
160,16,70,23,0,152
160,17,74,23,0,254
160,18,78,16,0,50
160,19,82,18,0,408
160,20,86,26,0,203
160,21,90,26,0,203
161,1,10,27,1,50
161,2,14,20,0,50
161,3,18,28,0,50
161,4,22,23,0,50
161,5,26,17,0,46
161,6,30,22,0,306
161,7,34,18,0,50
161,8,38,16,0,101
161,9,42,27,0,101
161,10,46,16,0,101
161,11,50,30,0,50
161,12,54,32,0,152
161,13,58,17,0,1022
161,14,62,17,0,664
161,15,66,10,0,766
161,16,70,23,0,306
161,17,74,24,0,128
161,18,78,19,0,152
161,19,82,10,0,203
161,20,86,21,0,203
161,21,90,29,0,152
161,22,94,20,0,50
161,23,98,20,0,562
161,24,102,20,0,152
161,25,106,22,0,134
161,26,110,17,0,613
161,27,114,24,0,203
161,28,118,24,0,254
161,29,122,26,0,254
162,1,10,20,1,50
162,2,14,16,0,664
162,3,18,27,0,101
162,4,22,21,0,152
162,5,26,22,0,357
162,6,30,26,0,58
162,7,34,22,0,128
162,8,38,16,0,50
162,9,42,25,0,254
162,10,46,25,0,152
162,11,50,28,0,101
162,12,54,24,0,357
162,13,58,22,0,50
162,14,62,25,0,101
162,15,66,18,0,306
162,16,70,20,0,101
162,17,74,19,0,357
162,18,78,15,0,818
163,1,10,25,0,150
163,2,14,24,0,50
163,3,18,27,0,168
163,4,22,33,0,50
163,5,26,32,0,50
163,6,30,23,0,459
163,7,34,36,0,50
163,8,38,23,0,101
163,9,42,29,0,59
163,10,46,28,0,101
163,11,50,22,0,50
163,12,54,26,0,50
163,13,58,19,0,459
163,14,62,29,0,101
163,15,66,25,0,101
163,16,70,31,0,13
163,17,74,31,0,50
163,18,78,18,0,240
163,19,82,22,0,109
164,1,10,22,0,48
164,2,14,24,0,50
164,3,18,23,0,101
164,4,22,28,0,152
164,5,26,18,0,203
164,6,30,25,0,254
164,7,34,21,0,306
164,8,38,15,0,562
164,9,42,22,0,50
164,10,46,18,0,50
164,11,50,23,0,50
164,12,54,32,0,101
164,13,58,23,0,152
164,14,62,26,0,101
165,1,10,21,0,458
165,2,14,31,0,152
165,3,18,28,0,50
165,4,22,28,0,101
165,5,26,25,0,157
165,6,30,12,0,254
165,7,34,22,0,59
165,8,38,27,0,50
165,9,42,20,0,203
165,10,46,21,0,101
165,11,50,26,0,50
165,12,54,25,0,50
165,13,58,28,0,50
165,14,62,28,0,152
165,15,66,21,0,50
165,16,70,31,0,50
165,17,74,22,0,50
165,18,78,27,0,408
165,19,82,24,0,50
165,20,86,24,0,50
166,1,10,23,0,48
166,2,14,21,1,50
166,3,18,15,0,408
166,4,22,23,0,152
166,5,26,20,0,50
166,6,30,22,0,50
166,7,34,30,0,158
166,8,38,17,0,546
166,9,42,23,0,152
166,10,46,26,0,101
166,11,50,22,0,459
166,12,54,32,0,50
166,13,58,30,0,50
166,14,62,18,0,50
166,15,66,19,0,170
166,16,70,17,0,715
166,17,74,26,0,254
166,18,78,19,0,101
166,19,82,26,0,50
166,20,86,26,0,254
166,21,90,30,0,101
166,22,94,20,0,50
166,23,98,21,0,357
166,24,102,28,0,203
166,25,106,16,0,50
167,1,10,30,0,48
167,2,14,26,0,408
167,3,18,14,0,971
167,4,22,23,0,50
167,5,26,23,0,203
167,6,30,18,0,50
167,7,34,16,0,408
167,8,38,20,0,101
167,9,42,27,0,101
167,10,46,23,0,50
167,11,50,26,0,101
167,12,54,26,0,101
167,13,58,22,0,50
167,14,62,28,0,50
167,15,66,21,0,562
168,1,10,26,0,150
168,2,14,25,0,50
168,3,18,24,0,152
168,4,22,19,0,50
168,5,26,12,0,101
168,6,30,22,0,459
168,7,34,22,0,50
168,8,38,33,0,50
168,9,42,16,0,562
168,10,46,34,0,101
168,11,50,34,0,50
168,12,54,17,0,50
168,13,58,24,0,254
168,14,62,20,0,50
168,15,66,25,0,152
168,16,70,25,0,101
168,17,74,22,0,50
168,18,78,20,0,562
168,19,82,25,0,101
168,20,86,17,0,203
168,21,90,19,0,101
168,22,94,21,0,306
168,23,98,21,0,50
168,24,102,21,0,357
169,1,10,14,0,662
169,2,14,28,0,50
169,3,18,31,0,101
169,4,22,31,0,50
169,5,26,23,0,152
169,6,30,31,0,254
169,7,34,26,1,50
170,1,10,21,0,150
170,2,14,24,0,50
170,3,18,29,0,101
170,4,22,21,0,101
170,5,26,20,0,152
170,6,30,24,0,50
170,7,34,27,0,50
170,8,38,26,0,38
171,1,10,27,0,48
171,2,14,26,0,50
171,3,18,17,0,50
171,4,22,18,0,203
171,5,26,31,0,50
171,6,30,23,0,37
171,7,34,29,0,203
171,8,38,27,0,254
171,9,42,24,0,50
171,10,46,15,0,357
172,1,10,22,0,99
172,2,14,27,0,50
172,3,18,16,0,1125
172,4,22,24,0,50
172,5,26,30,0,203
172,6,30,30,0,101
172,7,34,29,0,50
172,8,38,25,0,50
172,9,42,24,0,56
172,10,46,16,0,408
172,11,50,23,0,152
172,12,54,25,0,101
172,13,58,20,0,50
172,14,62,15,0,766
172,15,66,15,0,29
172,16,70,21,0,459
172,17,74,27,0,50
172,18,78,18,0,50
172,19,82,33,0,50
172,20,86,30,0,152
172,21,90,27,0,203
172,22,94,18,0,50
172,23,98,21,0,101
172,24,102,30,0,50
172,25,106,26,0,50
172,26,110,28,0,50
172,27,114,22,0,50
172,28,118,23,0,51
173,1,10,18,1,50
173,2,14,36,0,50
173,3,18,26,0,254
173,4,22,20,0,101
173,5,26,19,0,715
173,6,30,20,0,203
173,7,34,28,0,254
173,8,38,20,0,50
173,9,42,22,0,203
173,10,46,31,0,50
173,11,50,22,0,50
173,12,54,23,0,342
173,13,58,37,0,50
173,14,62,9,0,1176
173,15,66,24,0,50
173,16,70,26,0,152
173,17,74,20,0,254
173,18,78,24,0,50
173,19,82,25,0,101
173,20,86,20,0,408
173,21,90,30,0,50
173,22,94,22,0,90
173,23,98,11,0,357
174,1,10,25,0,202
174,2,14,27,0,50
174,3,18,22,0,101
174,4,22,22,0,101
174,5,26,31,0,50
174,6,30,35,0,50
174,7,34,28,0,101
174,8,38,21,0,101
174,9,42,31,0,152
174,10,46,33,0,50
174,11,50,10,0,1278
175,1,10,12,0,150
175,2,14,19,0,101
175,3,18,27,0,203
175,4,22,22,0,50
175,5,26,29,0,101
175,6,30,19,0,408
175,7,34,14,0,50
175,8,38,27,0,203
175,9,42,21,0,203
175,10,46,20,0,101
175,11,50,24,0,50
175,12,54,29,0,50
175,13,58,22,0,510
175,14,62,30,0,50
175,15,66,18,0,203
175,16,70,25,0,152
175,17,74,23,0,50
175,18,78,18,0,101
175,19,82,30,0,101
175,20,86,16,0,96
175,21,90,26,0,152
175,22,94,20,0,562
175,23,98,24,0,50
175,24,102,30,0,101
175,25,106,25,0,152
175,26,110,21,0,203
175,27,114,27,0,101
175,28,118,23,0,50
175,29,122,22,0,50
175,30,126,12,0,643
175,31,130,22,0,306
176,1,10,18,0,48
176,2,14,22,0,101
176,3,18,25,0,50
176,4,22,26,1,50
176,5,26,28,0,254
176,6,30,21,0,478
176,7,34,20,0,101
176,8,38,24,0,408
176,9,42,14,0,203
176,10,46,23,0,50
176,11,50,21,0,50
176,12,54,15,0,1176
176,13,58,28,0,408
176,14,62,20,0,101
176,15,66,19,0,152
176,16,70,33,0,203
176,17,74,21,0,254
176,18,78,21,0,152
176,19,82,30,0,50
176,20,86,25,0,152
176,21,90,12,0,101
177,1,10,19,0,253
177,2,14,28,0,128
177,3,18,23,0,50
177,4,22,27,0,306
177,5,26,20,0,101
177,6,30,23,0,50
177,7,34,15,0,731
177,8,38,25,0,152
177,9,42,19,0,357
177,10,46,27,0,101
177,11,50,22,0,203
177,12,54,29,0,101
177,13,58,21,0,50
177,14,62,30,0,50
177,15,66,24,0,254
177,16,70,17,0,50
177,17,74,25,0,152
177,18,78,14,0,101
177,19,82,26,0,101
177,20,86,24,0,21
177,21,90,18,0,50
177,22,94,28,0,50
177,23,98,23,0,101
177,24,102,25,0,152
177,25,106,22,0,50
177,26,110,15,0,50
178,1,10,34,0,48
178,2,14,20,0,16
178,3,18,19,0,203
178,4,22,28,0,50
178,5,26,19,0,50
178,6,30,25,0,254
178,7,34,15,0,152
178,8,38,32,0,50
178,9,42,26,0,50
178,10,46,23,0,50
178,11,50,27,0,306
178,12,54,22,0,50
178,13,58,30,0,101
178,14,62,15,0,50
178,15,66,23,0,152
178,16,70,25,0,50
178,17,74,23,0,510
178,18,78,24,0,101
178,19,82,17,0,152
178,20,86,27,0,40
178,21,90,29,0,101
178,22,94,29,0,50
178,23,98,18,0,203
178,24,102,16,0,510
178,25,106,27,0,50
178,26,110,22,0,50
178,27,114,16,0,869
178,28,118,22,0,306
178,29,122,20,0,50
178,30,126,29,0,14
179,1,10,24,1,50
179,2,14,26,0,50
179,3,18,23,0,203
179,4,22,23,0,254
179,5,26,21,0,357
179,6,30,25,0,50
179,7,34,27,0,254
179,8,38,28,0,101
179,9,42,21,0,530
179,10,46,20,0,203
179,11,50,24,0,254
179,12,54,18,0,818
179,13,58,22,0,278
179,14,62,17,0,562
179,15,66,21,0,203
179,16,70,19,0,203
179,17,74,27,0,152
179,18,78,22,0,408
179,19,82,20,0,459
179,20,86,22,0,50
179,21,90,20,0,203
179,22,94,20,0,203
180,1,10,27,0,48
180,2,14,20,0,101
180,3,18,27,0,101
180,4,22,13,0,357
180,5,26,27,0,101
180,6,30,14,0,357
180,7,34,25,0,101
180,8,38,27,0,46
180,9,42,19,0,152
180,10,46,25,0,194
180,11,50,23,0,152
180,12,54,26,0,101
180,13,58,17,0,254
180,14,62,27,0,50
180,15,66,27,0,50
180,16,70,22,0,254
180,17,74,23,0,101
180,18,78,24,0,101
180,19,82,26,0,50
180,20,86,23,0,715
180,21,90,34,0,50
180,22,94,22,0,459
181,1,10,27,0,99
181,2,14,19,1,50
181,3,18,34,0,50
181,4,22,15,0,50
181,5,26,22,0,50
181,6,30,30,0,101
181,7,34,20,0,50
181,8,38,28,0,101
181,9,42,27,0,50
181,10,46,23,0,50
181,11,50,17,0,510
181,12,54,24,0,50
181,13,58,19,0,510
181,14,62,21,0,50
181,15,66,27,0,50
181,16,70,29,0,254
181,17,74,22,0,50
181,18,78,25,0,50
181,19,82,16,0,11
181,20,86,28,0,50
181,21,90,27,0,50
181,22,94,25,0,50
181,23,98,13,0,152
181,24,102,25,0,203
181,25,106,23,0,50
181,26,110,23,0,50
181,27,114,23,0,50
182,1,10,20,0,48
182,2,14,20,0,50
182,3,18,24,0,306
182,4,22,15,0,971
182,5,26,30,0,50
182,6,30,21,0,715
182,7,34,26,0,152
182,8,38,27,0,50
182,9,42,22,0,50
182,10,46,23,0,510
182,11,50,16,0,664
182,12,54,29,0,50
182,13,58,28,0,101
183,1,10,26,0,48
183,2,14,26,0,203
183,3,18,19,0,101
183,4,22,25,0,152
183,5,26,21,0,218
183,6,30,21,0,101
183,7,34,16,0,50
183,8,38,27,0,50
183,9,42,30,0,101
183,10,46,10,0,971
183,11,50,18,0,664
183,12,54,25,0,50
183,13,58,26,0,203
183,14,62,22,0,50
183,15,66,27,0,101
183,16,70,24,0,50
183,17,74,0,1,48
184,1,10,30,0,48
184,2,14,12,0,920
184,3,18,29,0,50
184,4,22,19,0,306
184,5,26,19,0,152
184,6,30,20,0,50
184,7,34,24,0,43
184,8,38,24,0,50
184,9,42,27,0,98
184,10,46,17,0,101
184,11,50,22,0,50
184,12,54,19,0,818
184,13,58,30,0,50
184,14,62,24,0,45
184,15,66,27,0,50
184,16,70,21,0,613
184,17,74,21,0,101
184,18,78,28,0,101
184,19,82,16,0,50
184,20,86,14,0,408
184,21,90,20,0,101
184,22,94,23,0,254
184,23,98,18,0,152
184,24,102,23,0,254
184,25,106,12,0,306
184,26,110,24,0,318
185,1,10,20,1,50
185,2,14,29,0,50
185,3,18,21,0,50
185,4,22,22,0,8
185,5,26,28,0,101
185,6,30,26,0,70
185,7,34,25,0,50
185,8,38,10,0,152
185,9,42,17,0,664
185,10,46,26,0,152
185,11,50,27,0,203
185,12,54,24,0,254
185,13,58,32,0,152
185,14,62,9,0,50
185,15,66,17,0,254
185,16,70,31,0,50
185,17,74,25,0,101
185,18,78,27,0,50
185,19,82,22,0,254
185,20,86,19,0,101
185,21,90,25,0,101
186,1,10,21,0,99
186,2,14,21,0,152
186,3,18,17,0,510
186,4,22,20,0,306
186,5,26,24,0,50
186,6,30,29,0,152
186,7,34,21,0,50
186,8,38,27,0,254
186,9,42,33,0,50
186,10,46,27,0,50
186,11,50,12,0,50
187,1,10,27,0,48
187,2,14,33,0,50
187,3,18,27,0,152
187,4,22,25,0,101
187,5,26,29,0,230
187,6,30,21,0,101
187,7,34,21,0,101
187,8,38,29,0,50
187,9,42,16,0,408
187,10,46,26,0,152
187,11,50,15,0,203
187,12,54,29,0,152
187,13,58,26,0,152
187,14,62,25,0,37
187,15,66,23,0,203
187,16,70,22,0,50
188,1,10,33,0,150
188,2,14,27,0,152
188,3,18,29,0,43
188,4,22,28,0,50
188,5,26,27,0,50
188,6,30,11,0,997
188,7,34,19,0,459
188,8,38,27,0,101
188,9,42,18,0,408
188,10,46,25,0,152
188,11,50,27,0,203
188,12,54,23,0,152
188,13,58,31,0,101
188,14,62,19,0,101
188,15,66,26,0,50
188,16,70,30,0,50
188,17,74,21,0,101
188,18,78,28,0,152
188,19,82,20,0,357
188,20,86,18,0,50
188,21,90,25,0,50
188,22,94,17,0,288
188,23,98,23,0,50
188,24,102,31,0,101
188,25,106,21,0,203
188,26,110,26,0,306
188,27,114,27,0,152
189,1,10,23,0,48
189,2,14,26,0,50
189,3,18,20,0,357
189,4,22,24,0,253
189,5,26,31,0,50
189,6,30,27,0,152
189,7,34,13,0,203
189,8,38,24,0,357
189,9,42,11,0,408
189,10,46,24,0,101
189,11,50,27,0,254
189,12,54,29,0,101
189,13,58,20,0,869
189,14,62,24,0,50
189,15,66,26,0,152
189,16,70,27,0,186
189,17,74,18,0,101
189,18,78,20,0,562
189,19,82,31,0,50
189,20,86,29,0,152
190,1,10,22,0,765
190,2,14,24,0,562
190,3,18,22,0,101
190,4,22,25,0,101
190,5,26,24,0,254
190,6,30,28,0,50
190,7,34,29,0,357
190,8,38,29,0,101
190,9,42,24,0,152
190,10,46,20,0,50
190,11,50,11,0,357
191,1,10,20,0,48
191,2,14,21,0,101
191,3,18,34,0,50
191,4,22,22,0,357
191,5,26,9,0,50
191,6,30,23,0,134
191,7,34,21,0,426
191,8,38,25,0,459
191,9,42,31,0,101
191,10,46,20,0,715
191,11,50,24,0,50
191,12,54,25,0,510
191,13,58,29,0,50
191,14,62,10,0,971
191,15,66,16,0,101
191,16,70,22,0,254
192,1,10,25,0,99
192,2,14,19,0,357
192,3,18,25,0,101
192,4,22,28,0,131
192,5,26,26,0,408
192,6,30,25,0,50
192,7,34,27,0,50
192,8,38,27,0,459
192,9,42,14,0,818
192,10,46,27,0,408
192,11,50,22,0,101
192,12,54,26,0,101
192,13,58,18,0,920
192,14,62,22,0,152
192,15,66,21,0,254
192,16,70,30,0,50
192,17,74,30,0,203
192,18,78,15,0,203
192,19,82,24,0,250
192,20,86,20,0,101
192,21,90,27,0,50
192,22,94,22,0,101
192,23,98,17,0,459
192,24,102,26,0,306
193,1,10,27,0,99
193,2,14,25,0,93
193,3,18,13,0,1074
193,4,22,19,0,101
193,5,26,28,0,101
193,6,30,11,0,357
193,7,34,29,0,50
193,8,38,17,0,152
193,9,42,21,0,101
193,10,46,15,0,306
193,11,50,25,0,152
193,12,54,27,0,50
193,13,58,23,0,254
193,14,62,24,0,50
193,15,66,18,0,101
193,16,70,19,0,50
193,17,74,17,0,818
193,18,78,22,0,50
193,19,82,21,0,50
193,20,86,33,0,50
193,21,90,20,0,50
193,22,94,12,0,869
193,23,98,28,0,203
193,24,102,18,0,50
193,25,106,22,0,50
193,26,110,27,0,50
194,1,10,21,0,48
194,2,14,24,0,203
194,3,18,21,0,101
194,4,22,26,0,152
194,5,26,22,0,101
194,6,30,17,0,203
194,7,34,25,0,408
194,8,38,26,0,50
194,9,42,20,0,152
194,10,46,26,0,59
194,11,50,30,0,50
194,12,54,23,0,715
194,13,58,31,0,50
194,14,62,20,0,203
194,15,66,25,0,203
194,16,70,27,0,152
194,17,74,23,0,203
194,18,78,21,0,152
194,19,82,24,0,50
194,20,86,17,0,203
194,21,90,31,0,254
194,22,94,22,0,152
194,23,98,27,0,101
194,24,102,28,0,50
194,25,106,22,0,152
194,26,110,29,0,182
195,1,10,22,0,304
195,2,14,21,0,50
195,3,18,30,0,101
195,4,22,20,0,152
195,5,26,32,0,50
195,6,30,16,0,101
195,7,34,31,0,152
195,8,38,23,0,195
195,9,42,27,0,101
195,10,46,17,0,818
195,11,50,23,0,50
195,12,54,17,0,101
195,13,58,14,0,869
195,14,62,25,0,50
195,15,66,22,0,50
195,16,70,31,0,50
195,17,74,17,0,101
195,18,78,26,0,306
195,19,82,22,0,50
195,20,86,17,0,818
195,21,90,25,0,50
195,22,94,25,0,306
196,1,10,22,0,48
196,2,14,31,0,101
196,3,18,20,1,50
196,4,22,30,0,50
196,5,26,26,0,203
196,6,30,30,0,203
196,7,34,23,0,50
196,8,38,10,0,50
196,9,42,27,0,203
196,10,46,24,0,152
196,11,50,21,0,357
196,12,54,28,0,101
196,13,58,22,0,203
196,14,62,23,0,152
196,15,66,24,0,101
196,16,70,25,0,254
196,17,74,27,0,152
196,18,78,23,0,50
196,19,82,10,0,1381
197,1,10,13,1,50
197,2,14,24,0,50
197,3,18,27,0,50
197,4,22,26,0,50
197,5,26,26,0,50
197,6,30,14,0,152
197,7,34,9,0,971
197,8,38,25,0,101
197,9,42,32,0,101
197,10,46,19,0,306
197,11,50,27,0,50
197,12,54,24,0,306
198,1,10,28,0,99
198,2,14,19,0,203
198,3,18,24,0,306
198,4,22,27,0,50
198,5,26,21,0,429
198,6,30,28,0,50
198,7,34,27,0,50
198,8,38,18,0,1013
198,9,42,29,0,152
198,10,46,25,0,195
198,11,50,23,0,510
198,12,54,36,0,50
198,13,58,25,0,203
198,14,62,27,0,42
198,15,66,19,0,357
198,16,70,24,0,50
198,17,74,22,0,50
198,18,78,12,0,728
199,1,10,22,0,202
199,2,14,26,0,306
199,3,18,26,0,203
199,4,22,9,0,522
199,5,26,25,0,50
199,6,30,29,0,50
199,7,34,29,0,50
199,8,38,19,0,152
199,9,42,23,0,101
199,10,46,24,0,459
199,11,50,16,0,203
199,12,54,23,0,50
199,13,58,24,0,50
199,14,62,24,0,459
199,15,66,20,0,50
199,16,70,21,0,306
199,17,74,20,0,254
199,18,78,32,0,51
199,19,82,31,0,50
199,20,86,25,0,101
199,21,90,24,0,152
200,1,10,22,0,99
200,2,14,23,0,50
200,3,18,8,0,1278
200,4,22,21,0,184
200,5,26,16,0,664
200,6,30,30,0,50
200,7,34,28,0,304
200,8,38,22,0,152
200,9,42,14,0,50
200,10,46,27,0,152
200,11,50,20,0,101
200,12,54,13,0,254
200,13,58,28,0,254
200,14,62,20,0,101
200,15,66,17,0,115
200,16,70,19,0,254
200,17,74,27,0,50
200,18,78,24,0,50
200,19,82,21,0,254
200,20,86,26,0,50
200,21,90,24,0,50
201,1,10,22,0,253
201,2,14,26,0,50
201,3,18,24,0,408
201,4,22,27,0,50
201,5,26,24,0,82
201,6,30,27,0,152
201,7,34,28,0,101
201,8,38,28,0,101
201,9,42,27,0,72
201,10,46,27,0,101
201,11,50,31,0,101
201,12,54,18,0,510
201,13,58,22,0,101
201,14,62,20,0,101
201,15,66,19,0,50
201,16,70,18,0,715
202,1,10,30,0,202
202,2,14,18,0,101
202,3,18,30,0,50
202,4,22,14,0,101
202,5,26,22,0,101
202,6,30,22,0,115
202,7,34,24,0,50
202,8,38,21,0,101
202,9,42,29,0,306
202,10,46,26,0,50
202,11,50,26,0,50
202,12,54,22,0,50
202,13,58,16,0,254
202,14,62,25,0,101
202,15,66,23,0,50
202,16,70,25,0,203
202,17,74,24,0,203
202,18,78,21,0,50
202,19,82,27,0,50
202,20,86,18,0,152
203,1,10,27,0,48
203,2,14,22,0,152
203,3,18,33,0,174
203,4,22,19,0,50
203,5,26,25,0,238
203,6,30,26,0,254
203,7,34,25,0,50
203,8,38,24,0,50
203,9,42,26,0,101
203,10,46,26,0,254
203,11,50,22,0,152
203,12,54,19,0,101
203,13,58,26,0,254
203,14,62,29,0,101
203,15,66,27,0,50
203,16,70,28,0,254
203,17,74,18,0,152
203,18,78,30,0,50
203,19,82,27,0,50
203,20,86,20,0,152
203,21,90,27,0,254
203,22,94,24,0,101
203,23,98,27,0,203
203,24,102,23,0,152
204,1,10,27,0,150
204,2,14,12,0,408
204,3,18,34,0,50
204,4,22,30,0,357
204,5,26,26,0,99
204,6,30,25,0,50
204,7,34,11,0,101
204,8,38,24,0,50
204,9,42,29,0,142
204,10,46,25,0,50
204,11,50,24,0,408
204,12,54,27,0,203
204,13,58,28,0,227
204,14,62,23,0,50
204,15,66,25,0,152
204,16,70,29,0,101
204,17,74,20,0,203
204,18,78,13,0,101
204,19,82,26,0,50
204,20,86,17,0,101
204,21,90,24,0,306
204,22,94,19,0,898
204,23,98,14,0,613
204,24,102,27,0,101
204,25,106,14,0,766
204,26,110,25,0,50
204,27,114,30,0,50
205,1,10,16,1,50
205,2,14,30,0,101
205,3,18,28,0,408
205,4,22,34,0,13
205,5,26,34,1,50
205,6,30,24,0,50
205,7,34,11,0,971
205,8,38,17,0,766
205,9,42,25,0,152
205,10,46,18,0,152
205,11,50,27,0,101
205,12,54,33,0,50
205,13,58,15,0,203
206,1,10,14,1,50
206,2,14,25,0,101
206,3,18,24,0,101
206,4,22,22,0,50
206,5,26,36,0,10
206,6,30,29,0,152
206,7,34,25,0,50
206,8,38,26,0,50
206,9,42,29,0,50
206,10,46,24,0,50
206,11,50,19,0,50
206,12,54,17,0,869
206,13,58,31,0,203
206,14,62,25,0,152
206,15,66,24,0,101
206,16,70,23,0,50
206,17,74,19,0,254
206,18,78,19,0,357
206,19,82,14,0,101
207,1,10,23,0,304
207,2,14,24,1,50
207,3,18,17,0,357
207,4,22,32,0,53
207,5,26,14,0,203
207,6,30,28,0,101
207,7,34,18,0,203
207,8,38,23,0,152
207,9,42,29,0,110
207,10,46,17,0,50
207,11,50,26,0,101
207,12,54,15,0,203
207,13,58,26,0,80
207,14,62,25,0,50
207,15,66,31,0,50
207,16,70,20,0,50
207,17,74,20,0,254
207,18,78,19,0,50
208,1,10,22,0,458
208,2,14,29,0,13
208,3,18,12,0,306
208,4,22,19,0,101
208,5,26,17,0,101
208,6,30,20,0,50
208,7,34,30,0,50
208,8,38,29,0,3
208,9,42,20,0,45
208,10,46,23,0,358
208,11,50,22,0,254
208,12,54,20,0,101
208,13,58,21,0,101
208,14,62,14,0,562
209,1,10,16,1,50
209,2,14,29,0,152
209,3,18,29,0,50
209,4,22,20,0,50
209,5,26,22,0,50
209,6,30,34,0,50
209,7,34,21,0,50
209,8,38,13,0,869
209,9,42,18,0,203
209,10,46,25,0,254
209,11,50,20,0,50
209,12,54,31,0,101
209,13,58,25,0,50
209,14,62,27,0,32
209,15,66,24,0,306
209,16,70,23,0,50
209,17,74,22,0,664
209,18,78,20,0,306
209,19,82,30,0,50
209,20,86,26,0,50
210,1,10,17,0,150
210,2,14,22,0,203
210,3,18,23,0,203
210,4,22,25,0,408
210,5,26,27,0,101
210,6,30,27,0,101
210,7,34,25,0,50
210,8,38,20,0,254
210,9,42,24,0,50
210,10,46,21,0,408
210,11,50,25,0,101
210,12,54,33,0,50
210,13,58,4,0,1995
211,1,10,22,0,48
211,2,14,25,0,101
211,3,18,28,0,50
211,4,22,26,0,50
211,5,26,18,0,357
211,6,30,30,0,50
211,7,34,19,0,578
211,8,38,28,0,50
211,9,42,27,0,50
211,10,46,14,0,237
212,1,10,25,0,406
212,2,14,24,0,16
212,3,18,19,0,109
212,4,22,28,0,203
212,5,26,21,0,50
212,6,30,25,0,40
212,7,34,19,0,254
212,8,38,21,0,98
212,9,42,25,0,152
212,10,46,29,0,306
212,11,50,20,0,101
212,12,54,14,0,96
212,13,58,10,0,301
212,14,62,17,0,50
212,15,66,7,0,869
212,16,70,17,0,50
212,17,74,18,0,152
212,18,78,30,0,50
212,19,82,21,0,62
212,20,86,26,0,48
212,21,90,11,0,306
212,22,94,26,0,101
212,23,98,22,0,50
213,1,10,29,0,48
213,2,14,15,0,203
213,3,18,14,0,766
213,4,22,31,0,139
213,5,26,14,0,459
213,6,30,20,0,101
213,7,34,22,0,50
213,8,38,29,0,45
213,9,42,28,0,101
213,10,46,12,0,1022
213,11,50,20,0,101
213,12,54,24,0,50
213,13,58,24,0,50
213,14,62,21,0,50
213,15,66,28,0,101
213,16,70,17,0,101
213,17,74,17,0,50
213,18,78,21,0,306
213,19,82,27,0,152
213,20,86,23,0,101
213,21,90,24,0,152
213,22,94,30,0,83
213,23,98,23,0,50
214,1,10,24,0,48
214,2,14,24,0,203
214,3,18,22,0,101
214,4,22,24,0,168
214,5,26,23,0,101
214,6,30,30,0,50
214,7,34,11,0,1176
214,8,38,23,0,459
214,9,42,14,0,408
214,10,46,29,0,50
214,11,50,22,0,101
214,12,54,29,0,50
214,13,58,34,0,203
214,14,62,19,0,306
214,15,66,27,0,88
214,16,70,29,0,58
214,17,74,21,0,510
215,1,10,19,0,99
215,2,14,20,0,48
215,3,18,25,0,152
215,4,22,22,0,152
215,5,26,24,0,101
215,6,30,24,0,408
215,7,34,4,0,1842
215,8,38,18,0,254
215,9,42,21,0,459
216,1,10,13,0,48
216,2,14,11,0,152
216,3,18,25,0,50
216,4,22,27,0,50
216,5,26,30,0,101
216,6,30,14,0,715
216,7,34,27,0,203
216,8,38,29,0,203
216,9,42,24,0,158
216,10,46,17,0,50
216,11,50,22,0,101
216,12,54,26,0,50
216,13,58,26,0,203
216,14,62,21,0,766
216,15,66,23,0,613
216,16,70,23,0,50
216,17,74,25,0,42
216,18,78,13,0,152
217,1,10,29,0,150
217,2,14,28,0,50
217,3,18,24,0,50
217,4,22,24,0,357
217,5,26,24,0,306
217,6,30,17,0,296
217,7,34,29,0,101
217,8,38,22,0,50
217,9,42,15,0,50
217,10,46,17,0,613
217,11,50,20,0,357
217,12,54,29,0,98
217,13,58,18,0,203
217,14,62,23,0,101
217,15,66,21,0,203
217,16,70,23,0,459
217,17,74,23,0,50
217,18,78,23,0,101
217,19,82,24,0,101
217,20,86,18,0,306
217,21,90,32,0,203
218,1,10,26,0,253
218,2,14,30,0,203
218,3,18,27,0,152
218,4,22,27,0,101
218,5,26,23,0,203
218,6,30,25,0,48
218,7,34,30,0,50
218,8,38,25,0,101
218,9,42,21,0,101
218,10,46,29,0,50
218,11,50,33,0,50
218,12,54,24,0,254
218,13,58,26,0,203
218,14,62,31,0,50
218,15,66,23,0,50
218,16,70,21,0,101
218,17,74,31,0,50
218,18,78,24,0,101
218,19,82,23,0,50
218,20,86,28,0,613
218,21,90,18,0,50
218,22,94,20,0,306
219,1,10,20,0,816
219,2,14,26,0,101
219,3,18,24,0,152
219,4,22,21,0,101
219,5,26,27,0,50
219,6,30,26,0,50
219,7,34,15,0,766
219,8,38,31,0,50
219,9,42,26,0,50
219,10,46,29,0,101
219,11,50,24,0,50
219,12,54,21,0,50
219,13,58,30,0,16
219,14,62,27,0,62
219,15,66,24,0,101
219,16,70,24,0,459
219,17,74,23,0,203
219,18,78,21,0,152
219,19,82,24,0,50
219,20,86,16,0,408
220,1,10,15,0,765
220,2,14,22,0,50
220,3,18,24,0,152
220,4,22,28,0,30
220,5,26,28,0,50
220,6,30,28,0,101
220,7,34,20,0,562
220,8,38,27,0,50
220,9,42,27,0,254
220,10,46,24,0,254
220,11,50,22,0,50
220,12,54,16,0,152
220,13,58,27,0,254
220,14,62,20,0,50
220,15,66,19,0,254
220,16,70,24,0,101
220,17,74,18,0,459
220,18,78,25,0,101
220,19,82,20,0,357
220,20,86,28,0,203
220,21,90,23,0,459
220,22,94,15,0,50
220,23,98,28,0,357
221,1,10,20,0,202
221,2,14,33,0,50
221,3,18,20,1,50
221,4,22,14,0,510
221,5,26,11,0,869
221,6,30,27,0,50
221,7,34,20,0,664
221,8,38,32,0,8
221,9,42,21,0,101
221,10,46,32,0,50
221,11,50,14,0,152
221,12,54,25,0,50
221,13,58,31,0,50
221,14,62,24,0,357
221,15,66,16,0,408
221,16,70,21,0,50
221,17,74,21,0,101
221,18,78,23,0,203
221,19,82,27,0,50
221,20,86,31,0,152
221,21,90,29,0,101
221,22,94,16,0,470
221,23,98,20,0,254
222,1,10,15,1,50
222,2,14,25,0,50
222,3,18,18,0,254
222,4,22,20,0,254
222,5,26,22,0,306
222,6,30,20,0,152
222,7,34,31,0,101
222,8,38,27,0,50
222,9,42,26,0,101
222,10,46,30,0,50
222,11,50,24,0,306
222,12,54,25,0,203
223,1,10,26,0,48
223,2,14,27,0,152
223,3,18,16,0,459
223,4,22,35,0,50
223,5,26,24,0,152
223,6,30,29,0,50
223,7,34,30,0,101
223,8,38,28,0,152
223,9,42,26,0,152
223,10,46,21,0,203
223,11,50,23,0,152
223,12,54,25,0,50
223,13,58,29,0,203
223,14,62,27,0,408
223,15,66,24,0,101
223,16,70,24,0,50
223,17,74,27,0,50
223,18,78,14,0,101
223,19,82,17,0,8
224,1,10,29,0,48
224,2,14,21,0,203
224,3,18,22,0,50
224,4,22,26,0,152
224,5,26,23,0,6
224,6,30,18,0,254
224,7,34,21,0,50
224,8,38,14,0,50
224,9,42,28,0,254
224,10,46,24,0,101
224,11,50,11,0,613
224,12,54,20,0,254
224,13,58,4,0,1582
224,14,62,28,0,357
224,15,66,15,0,50
224,16,70,23,0,254
224,17,74,27,0,203
224,18,78,22,0,50
224,19,82,32,0,50
225,1,10,28,0,48
225,2,14,26,0,35
225,3,18,24,0,254
225,4,22,25,0,408
225,5,26,24,0,152
225,6,30,32,0,254
225,7,34,21,0,715
225,8,38,25,0,459
225,9,42,18,0,1022
225,10,46,27,0,74
225,11,50,20,0,203
225,12,54,26,0,101
225,13,58,11,0,510
226,1,10,31,0,99
226,2,14,24,0,101
226,3,18,33,0,101
226,4,22,27,0,50
226,5,26,32,0,50
226,6,30,24,0,50
226,7,34,28,0,50
226,8,38,22,0,152
226,9,42,19,0,50
226,10,46,27,0,50
226,11,50,20,0,101
226,12,54,20,0,306
226,13,58,20,0,766
226,14,62,23,0,664
226,15,66,24,0,50
226,16,70,23,0,333
226,17,74,23,0,203
226,18,78,15,0,459
227,1,10,22,0,48
227,2,14,29,0,50
227,3,18,26,0,50
227,4,22,23,0,203
227,5,26,30,0,101
227,6,30,26,0,50
227,7,34,29,0,50
227,8,38,20,0,357
227,9,42,30,0,50
227,10,46,31,0,101
227,11,50,23,0,459
227,12,54,11,0,50
227,13,58,24,0,203
227,14,62,23,0,101
227,15,66,26,0,459
227,16,70,22,0,50
227,17,74,27,0,50
227,18,78,21,0,203
227,19,82,24,0,50
227,20,86,22,0,50
228,1,10,26,0,99
228,2,14,23,0,152
228,3,18,25,0,50
228,4,22,17,0,50
228,5,26,32,0,50
228,6,30,29,0,50
228,7,34,24,0,101
228,8,38,26,0,101
228,9,42,15,0,357
228,10,46,23,0,50
228,11,50,21,0,50
228,12,54,30,0,50
228,13,58,7,0,1330
228,14,62,9,0,152
228,15,66,23,0,50
228,16,70,13,0,50
228,17,74,21,0,50
228,18,78,27,0,101
228,19,82,29,0,46
228,20,86,16,0,50
229,1,10,26,0,150
229,2,14,23,0,101
229,3,18,11,0,203
229,4,22,25,0,254
229,5,26,23,0,101
229,6,30,26,0,254
229,7,34,21,0,664
229,8,38,28,0,101
229,9,42,13,0,536
229,10,46,13,0,818
229,11,50,23,0,203
229,12,54,26,0,101
229,13,58,21,0,50
229,14,62,27,0,101
229,15,66,21,0,101
229,16,70,24,0,510
229,17,74,12,0,715
229,18,78,23,0,101
229,19,82,24,0,306
229,20,86,25,0,101
229,21,90,22,0,357
229,22,94,19,0,357
229,23,98,25,0,101
229,24,102,27,0,29
229,25,106,20,0,306
229,26,110,25,0,50
229,27,114,16,0,664
229,28,118,23,0,152
229,29,122,25,0,411
230,1,10,26,0,48
230,2,14,17,0,50
230,3,18,22,0,11
230,4,22,25,0,50
230,5,26,26,0,50
230,6,30,27,0,50
230,7,34,29,0,50
230,8,38,21,0,50
230,9,42,20,0,152
230,10,46,25,0,101
230,11,50,22,0,50
230,12,54,14,0,50
230,13,58,27,0,101
230,14,62,17,0,101
230,15,66,20,0,203
231,1,10,14,1,50
231,2,14,31,0,50
231,3,18,31,0,254
231,4,22,30,0,50
231,5,26,29,0,50
231,6,30,17,0,101
231,7,34,22,0,306
231,8,38,21,0,72
231,9,42,31,0,101
231,10,46,22,0,203
231,11,50,12,0,869
231,12,54,26,0,152
231,13,58,26,0,101
231,14,62,22,0,50
231,15,66,16,0,203
231,16,70,21,0,101
231,17,74,25,0,50
231,18,78,16,0,408
231,19,82,28,0,152
231,20,86,11,0,203
232,1,10,12,0,1533
232,2,14,21,0,101
232,3,18,26,0,306
232,4,22,27,0,101
232,5,26,23,0,152
232,6,30,24,0,13
232,7,34,25,0,203
232,8,38,25,0,254
232,9,42,16,0,357
232,10,46,22,0,101
232,11,50,24,0,50
232,12,54,20,0,152
232,13,58,27,0,50
232,14,62,16,0,613
233,1,10,23,0,48
233,2,14,28,0,152
233,3,18,27,0,152
233,4,22,19,0,101
233,5,26,20,0,152
233,6,30,25,0,101
233,7,34,26,0,101
233,8,38,25,0,427
233,9,42,28,0,101
233,10,46,27,0,50
233,11,50,29,0,152
233,12,54,24,0,254
233,13,58,23,0,408
233,14,62,17,0,408
233,15,66,26,0,203
233,16,70,31,0,152
233,17,74,22,0,203
233,18,78,31,0,101
233,19,82,26,0,101
233,20,86,20,0,203
233,21,90,25,0,50
233,22,94,27,0,152
233,23,98,18,0,203
233,24,102,26,0,50
233,25,106,26,0,50
233,26,110,19,0,254
233,27,114,30,0,50
233,28,118,23,0,50
234,1,10,13,1,50
234,2,14,23,1,50
234,3,18,25,0,50
234,4,22,24,0,152
234,5,26,30,0,101
234,6,30,22,0,254
234,7,34,28,0,61
234,8,38,18,0,2
234,9,42,33,0,50
234,10,46,27,0,50
234,11,50,26,0,101
234,12,54,28,0,152
234,13,58,27,0,101
234,14,62,17,0,101
234,15,66,29,0,101
234,16,70,25,0,50
234,17,74,13,0,818
234,18,78,20,0,306
234,19,82,15,0,664
234,20,86,27,0,50
235,1,10,16,0,48
235,2,14,32,0,50
235,3,18,30,0,50
235,4,22,27,0,101
235,5,26,26,0,152
235,6,30,22,0,50
235,7,34,26,0,50
235,8,38,31,0,50
235,9,42,24,0,274
235,10,46,30,0,50
235,11,50,15,0,152
235,12,54,25,0,203
235,13,58,23,0,203
235,14,62,23,0,101
235,15,66,25,0,357
235,16,70,25,0,101
235,17,74,24,0,152
235,18,78,24,0,152
235,19,82,22,0,50
235,20,86,28,0,152
235,21,90,18,0,254
236,1,10,23,0,48
236,2,14,19,0,50
236,3,18,22,0,50
236,4,22,11,0,562
236,5,26,28,0,74
236,6,30,31,0,50
236,7,34,14,0,34
236,8,38,7,0,1701
236,9,42,32,0,50
236,10,46,21,0,152
236,11,50,26,0,101
236,12,54,24,0,254
236,13,58,20,0,254
236,14,62,26,0,50
236,15,66,25,0,152
236,16,70,27,0,24
236,17,74,21,0,203
236,18,78,15,0,101
237,1,10,21,0,48
237,2,14,19,0,122
237,3,18,17,0,50
237,4,22,25,0,197
237,5,26,23,0,254
237,6,30,28,0,101
237,7,34,25,0,101
237,8,38,25,0,50
237,9,42,21,0,203
237,10,46,28,0,50
237,11,50,26,0,50
237,12,54,19,0,357
237,13,58,17,0,50
237,14,62,26,0,101
237,15,66,27,0,50
237,16,70,26,0,50
237,17,74,23,0,203
237,18,78,17,0,50
237,19,82,21,0,50
237,20,86,16,0,101
237,21,90,17,0,766
238,1,10,18,0,355
238,2,14,26,0,203
238,3,18,24,0,50
238,4,22,16,0,306
238,5,26,23,0,50
238,6,30,21,0,459
238,7,34,26,0,50
238,8,38,22,0,203
238,9,42,25,0,203
238,10,46,21,0,50
238,11,50,18,0,88
238,12,54,23,0,152
239,1,10,30,0,99
239,2,14,27,0,50
239,3,18,27,0,50
239,4,22,27,0,54
239,5,26,24,0,101
239,6,30,23,0,50
239,7,34,20,0,152
239,8,38,18,0,533
239,9,42,11,0,766
239,10,46,25,0,152
239,11,50,31,0,42
239,12,54,28,0,101
239,13,58,22,0,203
239,14,62,8,0,50
239,15,66,31,0,50
239,16,70,17,0,766
239,17,74,21,0,203
239,18,78,19,0,203
239,19,82,19,0,715
239,20,86,26,0,152
239,21,90,14,0,101
239,22,94,22,0,147
239,23,98,19,0,203
239,24,102,28,0,50
239,25,106,22,0,50
240,1,10,30,0,48
240,2,14,29,0,152
240,3,18,22,0,50
240,4,22,30,0,152
240,5,26,17,0,152
240,6,30,22,0,818
240,7,34,24,0,50
240,8,38,22,0,50
240,9,42,19,0,306
240,10,46,19,0,203
240,11,50,22,0,50
240,12,54,21,0,152
240,13,58,26,0,101
240,14,62,24,0,152
240,15,66,28,0,101
240,16,70,30,0,157
240,17,74,29,0,152
240,18,78,8,0,459
240,19,82,16,0,398
240,20,86,28,0,50
240,21,90,26,0,152
240,22,94,23,0,101
240,23,98,24,0,203
240,24,102,23,0,152
240,25,106,17,0,80
241,1,10,27,0,48
241,2,14,24,0,306
241,3,18,26,0,101
241,4,22,27,0,50
241,5,26,26,0,478
241,6,30,28,0,152
241,7,34,18,0,93
241,8,38,28,0,50
241,9,42,22,0,248
241,10,46,24,0,152
241,11,50,24,0,562
241,12,54,14,0,357
241,13,58,25,0,50
241,14,62,21,0,152
241,15,66,19,0,50
241,16,70,18,0,101
242,1,10,26,0,458
242,2,14,25,0,189
242,3,18,27,0,101
242,4,22,28,0,101
242,5,26,31,0,50
242,6,30,30,0,50
242,7,34,26,0,101
242,8,38,20,0,459
242,9,42,20,0,50
242,10,46,21,0,254
242,11,50,19,0,50
242,12,54,22,0,203
242,13,58,21,0,101
242,14,62,19,0,306
242,15,66,23,0,50
242,16,70,21,0,634
242,17,74,30,0,203
242,18,78,24,0,50
242,19,82,28,0,152
242,20,86,22,0,306
242,21,90,19,0,50
242,22,94,25,0,50
242,23,98,16,0,766
242,24,102,27,0,203
242,25,106,27,0,152
243,1,10,19,0,48
243,2,14,21,0,29
243,3,18,26,0,50
243,4,22,34,0,50
243,5,26,31,0,50
243,6,30,14,0,1176
243,7,34,23,0,203
243,8,38,23,0,101
243,9,42,22,0,203
243,10,46,10,0,1278
243,11,50,26,0,562
243,12,54,30,0,101
243,13,58,27,0,50
243,14,62,17,0,101
244,1,10,25,0,406
244,2,14,23,0,32
244,3,18,23,0,138
244,4,22,21,0,203
244,5,26,26,0,50
244,6,30,32,0,50
244,7,34,17,0,101
244,8,38,20,0,562
244,9,42,20,0,101
244,10,46,24,0,254
244,11,50,23,0,152
244,12,54,18,0,152
244,13,58,12,0,11
244,14,62,26,0,152
244,15,66,19,0,254
244,16,70,12,0,1381
244,17,74,22,0,254
244,18,78,20,0,101
244,19,82,26,0,50
244,20,86,21,0,126
244,21,90,17,0,101
245,1,10,33,0,48
245,2,14,11,0,254
245,3,18,15,0,734
245,4,22,21,0,152
245,5,26,29,0,50
245,6,30,26,0,384
245,7,34,20,0,101
245,8,38,20,0,254
245,9,42,24,0,203
245,10,46,26,0,101
245,11,50,27,0,203
245,12,54,23,0,152
245,13,58,28,0,152
245,14,62,31,0,50
245,15,66,22,0,306
245,16,70,26,0,50
245,17,74,30,0,18
245,18,78,23,0,50
245,19,82,17,0,203
245,20,86,23,0,101
246,1,10,25,0,99
246,2,14,32,0,16
246,3,18,14,0,459
246,4,22,26,0,203
246,5,26,20,0,154
246,6,30,19,0,101
246,7,34,23,0,264
246,8,38,25,0,50
246,9,42,21,0,203
246,10,46,29,0,50
246,11,50,22,0,408
246,12,54,28,0,152
246,13,58,19,0,459
246,14,62,13,0,510
246,15,66,24,0,50
246,16,70,21,0,254
246,17,74,24,0,203
246,18,78,26,0,50
246,19,82,21,0,152
246,20,86,29,0,203
246,21,90,34,0,50
246,22,94,25,0,32
246,23,98,23,0,50
246,24,102,21,0,50
246,25,106,29,0,101
246,26,110,20,0,101
247,1,10,19,0,48
247,2,14,22,0,50
247,3,18,19,0,203
247,4,22,27,0,50
247,5,26,26,0,59
247,6,30,21,0,152
247,7,34,18,0,203
247,8,38,25,0,50
247,9,42,20,0,101
247,10,46,24,0,69
247,11,50,29,0,101
247,12,54,26,0,459
247,13,58,20,0,203
247,14,62,20,0,152
247,15,66,24,0,50
247,16,70,25,0,101
247,17,74,19,0,101
247,18,78,20,0,459
247,19,82,21,0,50
247,20,86,21,0,613
247,21,90,24,0,101
247,22,94,27,0,50
247,23,98,19,0,50
248,1,10,24,0,48
248,2,14,18,0,510
248,3,18,29,0,8
248,4,22,25,0,562
248,5,26,24,0,101
248,6,30,25,0,357
248,7,34,26,0,50
248,8,38,19,0,101
248,9,42,19,0,306
248,10,46,23,0,101
248,11,50,24,0,50
248,12,54,27,0,50
248,13,58,30,0,101
248,14,62,18,0,50
248,15,66,21,0,408
248,16,70,20,0,459
248,17,74,23,0,50
248,18,78,19,0,459
248,19,82,20,0,152
248,20,86,22,0,50
248,21,90,14,0,1125
248,22,94,21,0,101
248,23,98,30,0,66
248,24,102,24,0,50
248,25,106,26,0,50
249,1,10,24,0,253
249,2,14,25,0,254
249,3,18,21,0,152
249,4,22,29,0,203
249,5,26,26,0,50
249,6,30,26,0,203
249,7,34,25,0,50
249,8,38,31,0,101
249,9,42,16,0,459
249,10,46,19,0,67
249,11,50,15,0,203
249,12,54,26,0,50
249,13,58,5,0,152
250,1,10,19,1,50
250,2,14,27,0,152
250,3,18,22,0,158
250,4,22,30,0,203
250,5,26,24,0,50
250,6,30,26,0,26
250,7,34,28,0,101
250,8,38,22,0,101
250,9,42,23,0,50
250,10,46,24,0,203
250,11,50,18,0,510
250,12,54,26,0,50
250,13,58,23,0,50
250,14,62,18,0,357
250,15,66,17,0,152
250,16,70,22,0,152
250,17,74,24,0,50
250,18,78,16,0,101
250,19,82,32,0,101
250,20,86,23,0,101
251,1,10,22,0,406
251,2,14,20,0,254
251,3,18,32,0,50
251,4,22,13,0,357
251,5,26,33,0,50
251,6,30,28,0,50
251,7,34,27,0,147
251,8,38,20,0,408
251,9,42,24,0,8
251,10,46,25,0,50
251,11,50,27,0,152
251,12,54,34,0,101
251,13,58,22,0,101
251,14,62,21,0,101
251,15,66,29,0,50
251,16,70,15,0,50
251,17,74,20,0,101
252,1,10,19,0,99
252,2,14,17,1,50
252,3,18,24,0,203
252,4,22,33,0,50
252,5,26,25,0,123
252,6,30,25,0,203
252,7,34,26,0,50
252,8,38,16,0,664
252,9,42,29,0,216
252,10,46,36,0,50
252,11,50,23,0,306
252,12,54,20,0,101
252,13,58,37,0,0
252,14,62,22,0,510
252,15,66,20,0,101
252,16,70,26,0,203
252,17,74,27,0,101
252,18,78,26,0,50
252,19,82,13,0,357
253,1,10,25,0,48
253,2,14,13,0,1330
253,3,18,23,0,357
253,4,22,21,0,408
253,5,26,18,0,459
253,6,30,31,0,50
253,7,34,30,0,50
253,8,38,18,0,254
253,9,42,18,0,664
253,10,46,28,0,50
253,11,50,18,0,101
253,12,54,20,0,101
253,13,58,19,0,101
253,14,62,22,0,50
253,15,66,30,0,101
253,16,70,19,0,254
253,17,74,12,0,1022
254,1,10,24,0,99
254,2,14,25,0,50
254,3,18,21,0,254
254,4,22,27,1,50
254,5,26,29,0,50
254,6,30,27,0,50
254,7,34,16,0,306
254,8,38,19,0,254
254,9,42,12,0,152
254,10,46,23,0,50
255,1,10,30,0,150
255,2,14,28,0,50
255,3,18,32,0,50
255,4,22,27,1,50
255,5,26,19,0,562
255,6,30,9,0,155
255,7,34,23,0,50
255,8,38,23,0,50
255,9,42,29,0,101
255,10,46,28,0,152
255,11,50,19,0,203
255,12,54,2,1,50
256,1,10,15,0,99
256,2,14,27,0,254
256,3,18,21,0,152
256,4,22,28,0,101
256,5,26,25,0,50
256,6,30,22,0,101
256,7,34,28,0,203
256,8,38,14,0,50
256,9,42,17,0,50
256,10,46,22,0,152
256,11,50,30,0,152
256,12,54,22,0,50
256,13,58,18,0,133
256,14,62,23,0,152
256,15,66,31,0,50
256,16,70,20,0,152
256,17,74,24,0,510
256,18,78,15,0,203
256,19,82,24,0,152
256,20,86,11,0,101
256,21,90,17,0,920
256,22,94,17,0,50
256,23,98,21,0,562
256,24,102,16,0,357
256,25,106,24,0,459
257,1,10,23,0,150
257,2,14,24,0,510
257,3,18,32,0,254
257,4,22,30,0,203
257,5,26,25,0,50
257,6,30,28,0,50
257,7,34,20,0,101
257,8,38,22,0,50
257,9,42,19,0,101
257,10,46,25,0,50
257,11,50,18,0,152
257,12,54,25,0,101
257,13,58,28,0,50
257,14,62,29,0,328
257,15,66,22,0,203
257,16,70,26,0,50
257,17,74,29,0,50
257,18,78,24,0,254
257,19,82,23,0,50
257,20,86,25,0,50
257,21,90,27,0,203
257,22,94,28,0,152
257,23,98,28,0,50
257,24,102,18,0,203
257,25,106,23,0,306
258,1,10,25,0,253
258,2,14,27,0,152
258,3,18,22,0,101
258,4,22,19,0,510
258,5,26,22,0,101
258,6,30,26,0,50
258,7,34,26,0,50
258,8,38,25,0,101
258,9,42,22,0,174
258,10,46,25,0,50
258,11,50,24,0,50
258,12,54,14,0,350
258,13,58,29,0,50
258,14,62,29,0,50
258,15,66,27,0,152
258,16,70,18,0,50
259,1,10,14,0,150
259,2,14,27,0,50
259,3,18,25,0,50
259,4,22,22,0,306
259,5,26,18,0,50
259,6,30,7,0,50
259,7,34,25,0,101
259,8,38,25,0,152
259,9,42,20,0,459
259,10,46,16,0,152
259,11,50,26,0,101
259,12,54,20,0,50
259,13,58,14,0,254
259,14,62,26,0,101
259,15,66,18,0,254
259,16,70,21,0,101
259,17,74,28,0,50
259,18,78,14,0,1245
260,1,10,25,0,48
260,2,14,15,0,499
260,3,18,27,1,50
260,4,22,29,0,50
260,5,26,24,0,101
260,6,30,25,0,101
260,7,34,22,0,101
260,8,38,20,0,147
260,9,42,19,0,254
260,10,46,31,0,50
260,11,50,19,0,152
260,12,54,23,0,306
260,13,58,24,0,50
260,14,62,20,0,50
260,15,66,17,0,203
260,16,70,23,0,50
261,1,10,22,0,99
261,2,14,26,0,101
261,3,18,21,0,82
261,4,22,30,0,101
261,5,26,24,0,152
261,6,30,22,0,50
261,7,34,28,0,50
261,8,38,25,0,203
261,9,42,20,0,50
261,10,46,23,0,50
261,11,50,14,0,357
261,12,54,17,0,50
261,13,58,12,0,254
261,14,62,12,0,152
261,15,66,25,0,101
261,16,70,26,0,152
262,1,10,25,0,48
262,2,14,17,1,50
262,3,18,27,0,50
262,4,22,20,0,152
262,5,26,31,0,50
262,6,30,20,0,50
262,7,34,20,0,50
262,8,38,28,0,306
262,9,42,30,0,8
262,10,46,29,0,101
262,11,50,25,0,50
262,12,54,31,0,101
262,13,58,24,0,408
262,14,62,25,0,50
262,15,66,30,0,14
262,16,70,22,0,152
262,17,74,26,0,203
262,18,78,28,0,101
262,19,82,14,0,101
263,1,10,24,0,48
263,2,14,24,0,306
263,3,18,32,0,203
263,4,22,30,0,101
263,5,26,22,0,50
263,6,30,23,0,101
263,7,34,23,0,562
263,8,38,23,0,459
263,9,42,17,0,50
263,10,46,32,0,152
263,11,50,21,0,459
263,12,54,17,0,94
263,13,58,16,0,459
263,14,62,19,0,408
263,15,66,31,0,50
263,16,70,29,0,152
263,17,74,16,0,664
263,18,78,32,0,0
263,19,82,21,0,50
263,20,86,29,0,50
263,21,90,24,0,101
263,22,94,29,0,152
263,23,98,21,0,101
263,24,102,23,0,50
263,25,106,10,0,306
263,26,110,21,0,50
263,27,114,8,0,920
264,1,10,24,0,99
264,2,14,18,0,613
264,3,18,25,0,50
264,4,22,31,0,50
264,5,26,26,0,50
264,6,30,22,0,101
264,7,34,22,0,357
264,8,38,27,0,152
264,9,42,26,0,101
264,10,46,10,0,613
265,1,10,21,0,99
265,2,14,21,0,50
265,3,18,28,0,274
265,4,22,22,0,101
265,5,26,18,0,562
265,6,30,24,0,203
265,7,34,25,0,125
265,8,38,22,0,152
265,9,42,20,0,152
265,10,46,21,0,50
265,11,50,24,0,203
265,12,54,19,0,357
265,13,58,18,0,101
265,14,62,27,0,78
266,1,10,27,0,48
266,2,14,19,0,50
266,3,18,20,0,408
266,4,22,23,0,562
266,5,26,17,0,50
266,6,30,20,0,101
266,7,34,22,0,10
266,8,38,22,0,336
266,9,42,29,0,101
266,10,46,22,0,152
266,11,50,15,0,152
266,12,54,18,0,152
266,13,58,19,0,203
266,14,62,29,0,50
266,15,66,14,0,152
266,16,70,24,0,152
267,1,10,14,1,50
267,2,14,27,0,50
267,3,18,17,0,152
267,4,22,32,0,2
267,5,26,23,0,50
267,6,30,26,0,50
267,7,34,29,0,50
267,8,38,19,0,203
267,9,42,29,0,50
267,10,46,28,0,50
267,11,50,27,0,152
267,12,54,25,0,152
267,13,58,20,0,152
267,14,62,29,0,50
267,15,66,23,0,50
267,16,70,23,0,50
267,17,74,22,0,50
267,18,78,23,0,203
267,19,82,19,0,101
267,20,86,23,0,101
267,21,90,31,0,50
267,22,94,32,0,101
267,23,98,21,0,50
268,1,10,26,0,253
268,2,14,28,0,50
268,3,18,21,0,101
268,4,22,22,0,101
268,5,26,23,0,562
268,6,30,29,0,154
268,7,34,23,0,101
268,8,38,31,0,152
268,9,42,26,0,50
268,10,46,25,0,101
268,11,50,20,0,254
268,12,54,25,0,152
268,13,58,21,0,50
268,14,62,20,0,152
268,15,66,12,0,152
268,16,70,19,0,203
268,17,74,28,0,50
268,18,78,20,0,101
268,19,82,18,0,50
268,20,86,15,0,152
268,21,90,22,0,101
268,22,94,18,0,50
268,23,98,24,0,50
268,24,102,31,0,50
268,25,106,17,0,101
268,26,110,28,0,50
269,1,10,21,0,509
269,2,14,26,0,152
269,3,18,29,1,50
269,4,22,30,0,101
269,5,26,25,0,24
269,6,30,33,0,50
269,7,34,20,0,50
269,8,38,22,0,50
269,9,42,18,0,306
269,10,46,27,0,101
269,11,50,29,0,152
269,12,54,22,0,50
269,13,58,26,0,50
269,14,62,25,0,136
269,15,66,22,0,152
269,16,70,25,0,306
269,17,74,15,0,408
270,1,10,19,0,48
270,2,14,28,0,352
270,3,18,26,0,101
270,4,22,16,0,510
270,5,26,24,0,101
270,6,30,25,0,50
270,7,34,31,0,50
270,8,38,23,0,357
270,9,42,27,0,101
270,10,46,29,0,101
270,11,50,25,0,203
270,12,54,28,0,50
270,13,58,25,0,254
270,14,62,27,0,50
270,15,66,30,0,101
270,16,70,29,0,50
270,17,74,13,0,1330
270,18,78,14,0,203
270,19,82,24,0,50
270,20,86,29,0,101
270,21,90,28,0,267
270,22,94,21,0,203
271,1,10,18,0,99
271,2,14,31,0,101
271,3,18,27,0,152
271,4,22,22,0,254
271,5,26,31,0,110
271,6,30,25,0,50
271,7,34,12,0,1074
271,8,38,26,0,222
271,9,42,30,0,56
271,10,46,12,0,101
271,11,50,22,0,152
271,12,54,17,0,152
271,13,58,18,0,152
271,14,62,23,0,50
271,15,66,23,0,254
271,16,70,16,0,510
272,1,10,23,0,99
272,2,14,23,0,459
272,3,18,24,0,8
272,4,22,22,0,357
272,5,26,29,0,101
272,6,30,28,0,101
272,7,34,19,0,50
272,8,38,28,0,109
272,9,42,28,0,101
272,10,46,20,0,101
272,11,50,18,0,50
272,12,54,15,0,50
272,13,58,11,0,715
272,14,62,25,0,50
272,15,66,12,0,1278
272,16,70,22,0,203
272,17,74,13,0,408
272,18,78,18,0,562
272,19,82,8,0,613
272,20,86,19,0,50
272,21,90,20,0,203
272,22,94,24,0,152
272,23,98,22,0,203
272,24,102,21,0,50
273,1,10,26,0,48
273,2,14,24,0,50
273,3,18,24,0,50
273,4,22,33,0,50
273,5,26,27,0,50
273,6,30,25,0,50
273,7,34,23,0,101
273,8,38,29,0,50
273,9,42,24,0,66
273,10,46,23,0,152
273,11,50,20,0,10
273,12,54,23,0,203
273,13,58,25,0,50
273,14,62,24,0,50
273,15,66,23,0,562
273,16,70,23,0,152
273,17,74,16,0,101
274,1,10,21,0,406
274,2,14,21,0,50
274,3,18,27,0,50
274,4,22,24,0,50
274,5,26,26,0,152
274,6,30,11,0,613
274,7,34,20,0,160
274,8,38,27,0,152
274,9,42,11,0,50
274,10,46,25,0,50
274,11,50,24,0,101
274,12,54,25,0,101
274,13,58,13,0,101
274,14,62,17,0,408
274,15,66,29,0,50
274,16,70,25,0,101
275,1,10,28,0,48
275,2,14,22,0,818
275,3,18,31,0,152
275,4,22,23,0,50
275,5,26,24,0,254
275,6,30,24,0,101
275,7,34,24,0,408
275,8,38,27,0,50
275,9,42,25,0,101
275,10,46,26,0,101
275,11,50,27,0,203
275,12,54,13,0,50
275,13,58,26,0,50
275,14,62,18,0,331
276,1,10,23,0,99
276,2,14,29,0,50
276,3,18,26,0,50
276,4,22,20,0,50
276,5,26,23,0,50
276,6,30,18,0,357
276,7,34,23,0,50
276,8,38,31,0,50
276,9,42,27,0,2
276,10,46,19,0,459
276,11,50,27,0,101
276,12,54,29,0,203
276,13,58,22,0,459
276,14,62,21,0,408
276,15,66,24,0,101
276,16,70,19,0,50
276,17,74,13,0,869
277,1,10,26,0,150
277,2,14,20,0,50
277,3,18,26,0,50
277,4,22,21,0,101
277,5,26,24,0,203
277,6,30,16,0,1125
277,7,34,27,0,254
277,8,38,26,0,101
277,9,42,27,0,408
277,10,46,30,0,50
277,11,50,20,0,50
277,12,54,18,0,152
277,13,58,27,0,152
277,14,62,25,0,50
277,15,66,25,0,254
277,16,70,23,0,50
277,17,74,22,0,306
277,18,78,10,0,50
277,19,82,26,0,50
277,20,86,14,0,715
277,21,90,18,0,101
277,22,94,18,0,101
277,23,98,12,0,101
278,1,10,20,0,99
278,2,14,29,0,3
278,3,18,19,0,50
278,4,22,20,0,50
278,5,26,24,0,101
278,6,30,28,0,51
278,7,34,28,0,203
278,8,38,10,0,101
278,9,42,25,0,40
278,10,46,22,0,101
278,11,50,20,0,50
278,12,54,22,0,144
278,13,58,25,0,50
278,14,62,23,0,459
278,15,66,29,0,306
278,16,70,20,0,50
278,17,74,23,0,37
278,18,78,23,0,101
279,1,10,27,0,406
279,2,14,11,0,1091
279,3,18,34,0,101
279,4,22,27,0,152
279,5,26,21,0,50
279,6,30,25,0,50
279,7,34,25,0,152
279,8,38,27,0,50
279,9,42,23,0,306
279,10,46,32,0,101
279,11,50,30,0,101
279,12,54,19,0,357
279,13,58,22,0,50
279,14,62,18,0,203
279,15,66,21,0,203
279,16,70,18,0,357
279,17,74,26,0,101
279,18,78,19,0,50
279,19,82,26,0,50
279,20,86,17,0,101
279,21,90,18,0,50
279,22,94,26,0,101
279,23,98,25,0,101
279,24,102,22,0,152
279,25,106,25,0,101
279,26,110,26,0,254
279,27,114,16,0,50
279,28,118,22,0,50
279,29,122,25,0,101
279,30,126,17,0,254
279,31,130,31,0,101
279,32,134,26,0,152
280,1,10,29,0,48
280,2,14,23,0,152
280,3,18,24,0,101
280,4,22,11,0,254
280,5,26,25,0,50
280,6,30,22,0,459
280,7,34,32,0,48
280,8,38,24,0,357
280,9,42,20,0,101
280,10,46,30,0,50
280,11,50,21,0,50
280,12,54,32,0,101
280,13,58,20,0,21
280,14,62,29,0,101
280,15,66,15,0,50
280,16,70,23,0,50
280,17,74,24,0,133
281,1,10,25,0,99
281,2,14,31,0,50
281,3,18,21,1,50
281,4,22,21,0,152
281,5,26,30,0,50
281,6,30,27,0,50
281,7,34,30,0,101
281,8,38,22,0,414
281,9,42,24,0,43
281,10,46,18,0,203
281,11,50,24,0,50
281,12,54,11,0,152
281,13,58,18,0,50
281,14,62,17,0,254
281,15,66,24,0,254
281,16,70,25,0,306
281,17,74,25,0,21
281,18,78,12,0,971
281,19,82,24,0,152
281,20,86,19,0,50
281,21,90,29,0,101
281,22,94,25,0,101
282,1,10,27,0,99
282,2,14,28,0,50
282,3,18,29,0,50
282,4,22,30,0,50
282,5,26,16,0,50
282,6,30,24,0,50
282,7,34,19,0,50
282,8,38,24,0,50
282,9,42,22,0,408
282,10,46,27,0,50
282,11,50,30,0,50
282,12,54,28,0,50
282,13,58,19,0,562
282,14,62,23,0,50
282,15,66,30,0,50
282,16,70,25,0,101
283,1,10,30,0,150
283,2,14,27,0,13
283,3,18,27,0,459
283,4,22,27,0,203
283,5,26,14,0,50
283,6,30,16,0,459
283,7,34,32,0,50
283,8,38,24,0,50
283,9,42,26,0,53
283,10,46,24,0,152
283,11,50,18,0,152
283,12,54,30,0,80
283,13,58,26,0,101
283,14,62,25,0,50
283,15,66,23,0,50
283,16,70,21,0,306
283,17,74,19,0,254
283,18,78,32,0,254
283,19,82,19,0,50
283,20,86,26,0,147
283,21,90,24,0,203
283,22,94,26,0,50
283,23,98,31,0,152
283,24,102,22,0,101
283,25,106,22,0,101
283,26,110,14,0,203
284,1,10,22,0,611
284,2,14,15,0,50
284,3,18,25,0,101
284,4,22,28,0,152
284,5,26,26,0,101
284,6,30,29,0,50
284,7,34,23,0,50
284,8,38,26,0,50
284,9,42,15,0,203
285,1,10,24,0,150
285,2,14,25,0,50
285,3,18,23,0,50
285,4,22,25,0,306
285,5,26,23,0,101
285,6,30,19,0,101
285,7,34,26,0,101
285,8,38,35,0,152
285,9,42,27,0,152
285,10,46,22,0,101
285,11,50,18,0,101
286,1,10,19,0,304
286,2,14,15,0,766
286,3,18,26,0,254
286,4,22,29,1,50
286,5,26,16,0,562
286,6,30,14,0,920
286,7,34,21,0,101
286,8,38,13,0,254
286,9,42,19,0,101
286,10,46,15,0,50
286,11,50,25,0,50
286,12,54,27,0,152
286,13,58,25,0,50
286,14,62,21,0,50
286,15,66,25,0,203
286,16,70,29,0,101
286,17,74,18,0,254
286,18,78,24,0,306
287,1,10,26,0,202
287,2,14,28,0,50
287,3,18,23,0,306
287,4,22,26,0,50
287,5,26,27,0,50
287,6,30,21,0,152
287,7,34,17,0,101
287,8,38,27,0,50
287,9,42,25,0,101
287,10,46,29,0,50
287,11,50,16,0,613
287,12,54,20,0,254
287,13,58,27,0,50
287,14,62,25,0,50
287,15,66,20,0,459
287,16,70,27,0,50
287,17,74,18,0,254
287,18,78,18,0,101
288,1,10,19,0,150
288,2,14,30,0,50
288,3,18,17,0,613
288,4,22,25,1,50
288,5,26,24,0,50
288,6,30,18,0,152
288,7,34,13,0,306
288,8,38,18,0,50
288,9,42,20,0,254
288,10,46,25,0,101
288,11,50,21,0,138
288,12,54,26,0,50
288,13,58,16,0,203
288,14,62,25,0,510
288,15,66,12,0,1125
288,16,70,29,0,82
288,17,74,27,0,101
288,18,78,21,0,50
288,19,82,24,0,363
288,20,86,13,0,306
288,21,90,15,0,613
288,22,94,27,0,50
288,23,98,23,0,152
289,1,10,23,0,48
289,2,14,31,0,42
289,3,18,22,0,93
289,4,22,26,0,50
289,5,26,26,0,18
289,6,30,17,0,715
289,7,34,13,0,1125
289,8,38,31,0,50
289,9,42,18,0,50
289,10,46,14,0,50
289,11,50,27,0,203
289,12,54,22,0,357
289,13,58,21,0,152
289,14,62,30,0,50
289,15,66,25,0,203
289,16,70,22,0,101
289,17,74,15,0,152
289,18,78,23,0,50
289,19,82,17,0,101
290,1,10,25,0,48
290,2,14,30,0,101
290,3,18,26,0,203
290,4,22,13,0,715
290,5,26,28,0,306
290,6,30,16,0,50
290,7,34,26,0,152
290,8,38,26,0,50
290,9,42,24,0,50
290,10,46,24,0,510
290,11,50,22,0,152
290,12,54,27,0,50
290,13,58,25,0,152
290,14,62,21,0,152
290,15,66,25,0,50
290,16,70,21,0,408
290,17,74,19,0,787
290,18,78,14,0,766
290,19,82,18,0,203
290,20,86,16,0,50
290,21,90,19,0,101
290,22,94,19,0,510
291,1,10,27,0,48
291,2,14,19,0,306
291,3,18,32,0,50
291,4,22,23,0,203
291,5,26,33,0,101
291,6,30,25,0,50
291,7,34,26,0,50
291,8,38,26,0,282
291,9,42,14,0,971
291,10,46,22,0,50
291,11,50,18,0,50
291,12,54,21,0,50
291,13,58,26,0,50
291,14,62,23,0,510
291,15,66,25,0,227
291,16,70,28,0,50
291,17,74,21,0,101
291,18,78,25,0,254
291,19,82,12,0,152
292,1,10,17,0,355
292,2,14,24,0,50
292,3,18,30,0,254
292,4,22,27,0,152
292,5,26,22,0,50
292,6,30,27,0,50
292,7,34,27,0,50
292,8,38,27,0,101
292,9,42,7,0,50
293,1,10,19,0,150
293,2,14,22,1,50
293,3,18,18,0,357
293,4,22,27,0,152
293,5,26,16,0,715
293,6,30,24,0,152
293,7,34,21,0,101
293,8,38,28,0,101
293,9,42,29,0,27
293,10,46,25,0,152
293,11,50,26,0,50
293,12,54,29,0,50
293,13,58,0,1,48
294,1,10,32,0,48
294,2,14,20,0,152
294,3,18,26,0,50
294,4,22,22,0,203
294,5,26,24,0,50
294,6,30,25,0,357
294,7,34,28,0,32
294,8,38,25,0,50
294,9,42,27,0,50
294,10,46,14,0,459
294,11,50,21,0,50
294,12,54,25,0,254
294,13,58,15,0,306
294,14,62,25,0,115
294,15,66,16,0,101
294,16,70,31,0,50
294,17,74,16,0,510
294,18,78,26,0,50
294,19,82,32,0,50
294,20,86,18,0,101
294,21,90,15,0,48
294,22,94,22,0,408
294,23,98,18,0,152
294,24,102,18,0,114
294,25,106,19,0,101
295,1,10,28,0,99
295,2,14,28,1,50
295,3,18,23,0,101
295,4,22,16,0,152
295,5,26,28,0,101
295,6,30,25,0,50
295,7,34,16,0,101
295,8,38,26,0,50
295,9,42,26,0,408
295,10,46,28,0,101
295,11,50,10,0,203
295,12,54,28,0,50
295,13,58,22,0,101
295,14,62,23,0,357
295,15,66,26,0,50
295,16,70,22,0,37
295,17,74,22,0,203
295,18,78,18,0,50
295,19,82,5,0,1278
296,1,10,22,0,48
296,2,14,24,0,306
296,3,18,17,0,152
296,4,22,27,0,50
296,5,26,18,0,357
296,6,30,23,0,69
296,7,34,18,0,10
296,8,38,21,0,357
296,9,42,26,0,50
296,10,46,25,0,50
296,11,50,20,0,50
296,12,54,29,0,152
296,13,58,23,0,203
296,14,62,19,0,648
296,15,66,11,0,408
296,16,70,19,0,101
296,17,74,28,0,50
296,18,78,21,0,50
296,19,82,30,0,50
296,20,86,26,0,38
296,21,90,27,0,101
296,22,94,26,0,101
296,23,98,18,0,306
297,1,10,27,0,48
297,2,14,26,0,50
297,3,18,14,0,254
297,4,22,21,0,510
297,5,26,22,0,50
297,6,30,29,0,101
297,7,34,20,0,45
297,8,38,19,0,50
297,9,42,27,0,8
297,10,46,22,0,50
297,11,50,19,0,50
297,12,54,22,0,101
297,13,58,26,0,101
297,14,62,24,0,408
297,15,66,23,0,203
297,16,70,24,0,152
297,17,74,26,0,357
297,18,78,13,0,459
297,19,82,16,0,408
297,20,86,25,0,50
297,21,90,17,0,101
297,22,94,19,0,50
298,1,10,20,0,48
298,2,14,26,0,152
298,3,18,27,0,50
298,4,22,28,0,203
298,5,26,24,0,50
298,6,30,31,0,50
298,7,34,30,0,50
298,8,38,25,0,50
298,9,42,24,0,510
298,10,46,26,0,50
298,11,50,18,0,227
298,12,54,22,0,203
298,13,58,12,0,101
298,14,62,19,0,152
299,1,10,30,0,48
299,2,14,14,0,50
299,3,18,22,0,664
299,4,22,31,0,50
299,5,26,22,0,50
299,6,30,23,0,50
299,7,34,19,0,357
299,8,38,22,0,50
299,9,42,21,0,306
299,10,46,22,0,562
299,11,50,21,0,50
299,12,54,18,0,459
299,13,58,26,0,357
299,14,62,24,0,101
299,15,66,19,0,50
299,16,70,21,0,50
299,17,74,23,0,101
299,18,78,15,0,1022
300,1,10,25,0,99
300,2,14,33,0,50
300,3,18,23,0,152
300,4,22,19,0,869
300,5,26,29,0,54
300,6,30,26,0,50
300,7,34,33,0,86
300,8,38,25,0,69
300,9,42,16,0,664
300,10,46,22,0,50
300,11,50,25,0,101
300,12,54,19,0,408
300,13,58,23,0,203
300,14,62,18,0,101
300,15,66,14,0,50
300,16,70,26,0,254
300,17,74,28,0,101
300,18,78,21,0,152
300,19,82,20,0,306
300,20,86,28,0,203
300,21,90,22,0,152
300,22,94,17,0,98
300,23,98,19,0,101
300,24,102,25,0,50
300,25,106,26,0,50
301,1,10,28,0,99
301,2,14,19,0,50
301,3,18,21,0,203
301,4,22,30,0,210
301,5,26,19,0,869
301,6,30,24,0,254
301,7,34,26,0,50
301,8,38,23,0,152
301,9,42,33,0,50
301,10,46,28,0,101
301,11,50,19,0,203
301,12,54,20,0,50
301,13,58,23,0,101
301,14,62,29,0,203
301,15,66,18,0,152
301,16,70,26,0,101
301,17,74,20,0,203
301,18,78,27,0,152
301,19,82,29,0,50
301,20,86,27,0,50
302,1,10,20,0,458
302,2,14,20,0,203
302,3,18,27,0,181
302,4,22,28,0,50
302,5,26,24,0,50
302,6,30,21,0,50
302,7,34,29,0,50
302,8,38,24,0,357
302,9,42,29,0,152
302,10,46,21,0,50
303,1,10,19,0,202
303,2,14,24,0,50
303,3,18,23,0,254
303,4,22,28,0,203
303,5,26,23,0,50
303,6,30,20,0,562
303,7,34,24,0,50
303,8,38,30,0,101
303,9,42,32,0,101
303,10,46,26,0,306
303,11,50,28,0,203
303,12,54,20,0,50
303,13,58,23,0,50
303,14,62,17,0,357
303,15,66,33,0,50
303,16,70,28,0,50
303,17,74,32,0,203
303,18,78,24,0,42
303,19,82,27,0,50
303,20,86,24,0,50
304,1,10,26,0,202
304,2,14,31,1,50
304,3,18,21,0,152
304,4,22,24,0,50
304,5,26,14,0,678
304,6,30,27,0,152
304,7,34,18,0,203
304,8,38,29,0,50
304,9,42,27,0,50
304,10,46,22,0,306
304,11,50,20,0,286
304,12,54,21,0,101
304,13,58,28,0,50
304,14,62,21,0,152
304,15,66,16,0,50
304,16,70,20,0,50
304,17,74,19,0,101
304,18,78,15,0,152
304,19,82,12,0,50
304,20,86,19,0,50
304,21,90,26,0,306
304,22,94,24,0,101
304,23,98,26,0,152
304,24,102,22,0,101
305,1,10,23,0,202
305,2,14,25,0,101
305,3,18,27,0,50
305,4,22,30,0,50
305,5,26,24,0,357
305,6,30,35,0,101
305,7,34,30,0,64
305,8,38,25,0,50
305,9,42,27,0,306
305,10,46,16,0,254
305,11,50,20,0,459
305,12,54,12,0,818
305,13,58,19,0,408
305,14,62,30,0,50
305,15,66,26,0,50
305,16,70,21,0,254
305,17,74,28,0,101
305,18,78,25,0,133
305,19,82,28,0,152
305,20,86,18,0,203
305,21,90,27,0,101
305,22,94,27,0,152
305,23,98,26,0,50
305,24,102,19,0,357
305,25,106,20,0,50
305,26,110,26,0,254
305,27,114,22,0,50
305,28,118,28,0,254
305,29,122,16,0,50
306,1,10,23,0,48
306,2,14,20,0,147
306,3,18,24,0,50
306,4,22,27,0,50
306,5,26,26,0,254
306,6,30,30,0,50
306,7,34,25,0,203
306,8,38,26,0,152
306,9,42,27,0,50
306,10,46,21,0,50
306,11,50,24,0,152
306,12,54,17,0,350
306,13,58,26,0,50
306,14,62,18,0,766
306,15,66,29,0,152
306,16,70,30,0,50
306,17,74,26,0,50
306,18,78,18,0,101
306,19,82,26,0,101
306,20,86,29,0,152
306,21,90,20,0,118
306,22,94,21,0,50
306,23,98,23,0,50
306,24,102,30,0,357
306,25,106,18,0,101
306,26,110,20,0,235
306,27,114,22,0,152
306,28,118,26,0,50
307,1,10,18,0,150
307,2,14,27,0,50
307,3,18,17,0,203
307,4,22,25,1,50
307,5,26,24,0,101
307,6,30,26,0,101
307,7,34,30,0,45
307,8,38,30,0,50
307,9,42,17,0,152
307,10,46,17,0,306
307,11,50,21,0,50
307,12,54,18,0,50
307,13,58,18,0,203
307,14,62,9,0,1227
307,15,66,20,0,254
307,16,70,17,0,203
307,17,74,22,0,152
307,18,78,28,0,101
307,19,82,18,0,18
307,20,86,24,0,152
308,1,10,17,1,50
308,2,14,33,0,203
308,3,18,23,0,203
308,4,22,24,0,50
308,5,26,31,0,101
308,6,30,25,0,101
308,7,34,21,0,357
308,8,38,25,0,152
308,9,42,26,0,50
308,10,46,25,0,50
308,11,50,26,0,357
308,12,54,23,0,152
308,13,58,19,0,50
308,14,62,25,0,69
308,15,66,29,0,50
308,16,70,27,0,50
308,17,74,16,0,306
308,18,78,21,0,50
308,19,82,34,0,50
308,20,86,1,1,50
309,1,10,28,0,99
309,2,14,26,0,141
309,3,18,19,0,254
309,4,22,31,0,50
309,5,26,20,0,102
309,6,30,20,0,50
309,7,34,25,0,254
309,8,38,19,0,510
309,9,42,32,0,50
309,10,46,28,0,101
309,11,50,30,0,101
309,12,54,25,0,50
309,13,58,29,0,50
309,14,62,17,0,459
309,15,66,30,0,203
309,16,70,29,0,50
309,17,74,25,0,101
309,18,78,30,0,101
309,19,82,22,0,357
309,20,86,30,0,50
310,1,10,25,0,48
310,2,14,27,0,101
310,3,18,15,0,1022
310,4,22,23,0,306
310,5,26,23,0,50
310,6,30,24,0,50
310,7,34,27,0,5
310,8,38,26,0,50
310,9,42,6,0,1176
311,1,10,24,0,202
311,2,14,25,0,50
311,3,18,21,0,715
311,4,22,24,0,203
311,5,26,26,0,50
311,6,30,27,0,139
311,7,34,17,0,101
311,8,38,25,0,101
311,9,42,21,0,254
311,10,46,22,0,101
311,11,50,24,0,101
311,12,54,17,0,459
311,13,58,28,0,50
311,14,62,25,0,50
311,15,66,20,0,50
311,16,70,25,0,50
311,17,74,21,0,16
311,18,78,18,0,664
311,19,82,23,0,101
311,20,86,30,0,24
311,21,90,25,0,101
311,22,94,17,0,408
311,23,98,23,0,203
312,1,10,29,0,48
312,2,14,26,0,50
312,3,18,21,0,21
312,4,22,25,0,50
312,5,26,31,0,50
312,6,30,29,0,101
312,7,34,7,0,357
312,8,38,23,0,50
312,9,42,21,0,101
312,10,46,24,0,101
312,11,50,20,0,152
312,12,54,29,0,50
312,13,58,26,0,333
312,14,62,27,0,101
312,15,66,26,0,357
312,16,70,21,0,101
312,17,74,25,0,50
312,18,78,27,0,16
312,19,82,26,0,101
312,20,86,24,0,50
312,21,90,23,0,50
312,22,94,23,0,152
312,23,98,16,0,510
312,24,102,19,0,357
313,1,10,32,0,48
313,2,14,20,0,101
313,3,18,28,0,50
313,4,22,28,0,299
313,5,26,30,0,101
313,6,30,23,0,203
313,7,34,20,0,203
313,8,38,14,0,203
313,9,42,27,0,50
313,10,46,28,0,101
313,11,50,22,0,50
313,12,54,21,0,50
313,13,58,24,0,50
313,14,62,26,0,50
313,15,66,21,0,203
313,16,70,33,0,50
313,17,74,15,0,766
314,1,10,25,0,150
314,2,14,19,0,254
314,3,18,17,0,542
314,4,22,17,0,510
314,5,26,27,0,50
314,6,30,30,0,50
314,7,34,23,0,152
314,8,38,19,0,101
314,9,42,23,0,50
314,10,46,24,0,50
314,11,50,25,0,357
314,12,54,22,0,298
314,13,58,19,0,101
314,14,62,29,0,152
314,15,66,17,0,203
314,16,70,19,0,50
314,17,74,28,0,50
314,18,78,26,0,50
314,19,82,16,0,408
314,20,86,27,0,50
314,21,90,21,0,408
314,22,94,24,0,50
314,23,98,29,0,122
314,24,102,23,0,152
314,25,106,28,0,152
314,26,110,21,0,152
314,27,114,30,0,50
314,28,118,13,0,254
314,29,122,22,0,254
315,1,10,27,0,99
315,2,14,22,0,50
315,3,18,6,0,1739
315,4,22,27,0,101
315,5,26,21,0,50
315,6,30,17,0,818
315,7,34,18,0,50
315,8,38,25,0,459
315,9,42,26,0,203
315,10,46,25,0,306
315,11,50,22,0,408
315,12,54,22,0,254
315,13,58,16,0,306
315,14,62,24,0,50
315,15,66,31,0,50
315,16,70,19,0,357
315,17,74,24,0,101
315,18,78,20,0,152
315,19,82,21,0,50
315,20,86,22,0,203
315,21,90,24,0,357
315,22,94,23,0,101
315,23,98,29,0,99
315,24,102,23,0,254
316,1,10,30,0,48
316,2,14,21,0,50
316,3,18,16,0,296
316,4,22,21,0,408
316,5,26,20,0,766
316,6,30,34,0,34
316,7,34,25,0,254
316,8,38,30,0,50
316,9,42,28,0,152
316,10,46,17,0,50
316,11,50,28,0,101
316,12,54,22,0,152
316,13,58,25,0,352
316,14,62,22,0,101
316,15,66,24,0,152
316,16,70,12,0,152
316,17,74,13,0,203
316,18,78,25,0,50
316,19,82,28,0,152
316,20,86,15,0,254
317,1,10,17,0,150
317,2,14,20,0,715
317,3,18,21,0,101
317,4,22,28,0,101
317,5,26,28,0,254
317,6,30,31,0,50
317,7,34,28,0,50
317,8,38,26,0,152
317,9,42,22,0,8
317,10,46,27,0,50
317,11,50,11,0,869
317,12,54,17,0,408
317,13,58,23,0,306
317,14,62,16,0,766
317,15,66,24,0,101
317,16,70,21,0,408
317,17,74,10,0,152
317,18,78,23,0,50
317,19,82,23,0,45
317,20,86,27,0,101
317,21,90,10,0,101
318,1,10,27,0,48
318,2,14,28,0,50
318,3,18,21,0,101
318,4,22,23,0,50
318,5,26,30,0,50
318,6,30,24,0,101
318,7,34,31,0,50
318,8,38,23,0,203
318,9,42,25,0,101
318,10,46,17,0,766
318,11,50,20,0,50
318,12,54,28,0,50
318,13,58,18,0,101
319,1,10,34,0,48
319,2,14,20,0,234
319,3,18,30,0,101
319,4,22,23,0,147
319,5,26,25,0,50
319,6,30,24,0,45
319,7,34,25,0,203
319,8,38,27,0,50
319,9,42,23,0,101
319,10,46,17,0,203
319,11,50,24,0,152
319,12,54,9,0,306
319,13,58,13,0,254
319,14,62,26,0,152
319,15,66,24,0,357
319,16,70,24,0,101
319,17,74,24,0,50
319,18,78,21,0,50
319,19,82,30,0,101
319,20,86,21,0,50
320,1,10,14,0,99
320,2,14,20,0,101
320,3,18,16,0,50
320,4,22,25,0,104
320,5,26,24,0,50
320,6,30,21,0,283
320,7,34,25,0,101
320,8,38,32,0,101
320,9,42,24,0,50
320,10,46,22,0,50
320,11,50,26,0,101
320,12,54,18,0,818
320,13,58,21,0,613
320,14,62,25,0,306
320,15,66,32,0,50
320,16,70,23,0,50
320,17,74,19,0,306
320,18,78,11,0,254
321,1,10,30,0,99
321,2,14,32,1,50
321,3,18,28,0,203
321,4,22,13,0,1176
321,5,26,21,0,254
321,6,30,19,0,510
321,7,34,31,0,50
321,8,38,27,0,50
321,9,42,20,0,101
321,10,46,19,0,50
321,11,50,21,0,134
321,12,54,19,0,101
321,13,58,22,0,101
321,14,62,1,1,50
322,1,10,31,0,48
322,2,14,21,0,685
322,3,18,28,0,50
322,4,22,21,0,152
322,5,26,20,0,101
322,6,30,19,0,50
322,7,34,29,0,50
322,8,38,26,0,203
322,9,42,19,0,254
322,10,46,18,0,152
322,11,50,25,0,50
322,12,54,12,0,971
322,13,58,23,0,203
322,14,62,23,0,101
322,15,66,19,0,160
322,16,70,22,0,254
322,17,74,19,0,254
322,18,78,26,0,50
322,19,82,21,0,203
322,20,86,25,0,50
323,1,10,25,0,48
323,2,14,27,0,408
323,3,18,22,0,306
323,4,22,29,0,50
323,5,26,28,0,50
323,6,30,16,0,152
323,7,34,21,0,50
323,8,38,16,0,50
323,9,42,27,0,50
323,10,46,21,0,50
323,11,50,26,0,50
323,12,54,20,0,203
324,1,10,24,0,150
324,2,14,30,0,50
324,3,18,22,0,459
324,4,22,18,0,920
324,5,26,26,0,101
324,6,30,17,0,101
324,7,34,17,0,101
324,8,38,28,0,101
324,9,42,27,0,101
324,10,46,24,0,101
324,11,50,16,0,664
324,12,54,18,0,408
324,13,58,29,0,50
324,14,62,19,0,101
324,15,66,21,0,50
324,16,70,21,0,306
324,17,74,16,0,562
324,18,78,24,0,152
324,19,82,21,0,50
324,20,86,19,0,152
324,21,90,24,0,101
324,22,94,26,0,64
324,23,98,27,0,152
324,24,102,22,0,357
324,25,106,15,0,715
324,26,110,25,0,50
324,27,114,22,0,83
324,28,118,29,0,173
324,29,122,19,0,50
324,30,126,22,0,101
325,1,10,26,0,48
325,2,14,21,0,613
325,3,18,26,0,50
325,4,22,22,0,101
325,5,26,28,1,50
325,6,30,22,0,203
325,7,34,27,0,50
325,8,38,18,0,459
325,9,42,29,0,50
325,10,46,25,0,101
325,11,50,24,0,152
325,12,54,22,0,1022
325,13,58,29,0,50
325,14,62,22,0,50
325,15,66,29,0,38
325,16,70,26,0,50
325,17,74,31,0,50
325,18,78,27,0,357
325,19,82,19,0,50
326,1,10,31,0,48
326,2,14,27,0,50
326,3,18,21,0,203
326,4,22,23,0,3
326,5,26,31,0,50
326,6,30,14,0,152
326,7,34,18,0,306
327,1,10,23,0,253
327,2,14,23,1,50
327,3,18,24,0,101
327,4,22,25,0,152
327,5,26,22,0,715
327,6,30,16,0,408
327,7,34,20,0,101
327,8,38,24,0,152
327,9,42,21,0,50
327,10,46,29,0,50
327,11,50,29,0,50
327,12,54,17,0,101
327,13,58,28,0,50
327,14,62,28,0,50
327,15,66,17,0,50
327,16,70,27,0,203
327,17,74,23,0,50
327,18,78,30,0,101
327,19,82,28,0,203
327,20,86,24,0,50
327,21,90,20,0,152
327,22,94,22,0,562
327,23,98,23,0,101
327,24,102,17,0,152
328,1,10,22,1,306
328,2,14,16,1,50
328,3,18,13,0,408
328,4,22,27,0,152
328,5,26,28,0,152
328,6,30,24,0,101
328,7,34,18,0,459
328,8,38,24,0,152
328,9,42,20,0,152
328,10,46,24,0,101
328,11,50,15,0,50
328,12,54,31,0,50
328,13,58,21,0,510
328,14,62,35,0,101
328,15,66,26,0,152
328,16,70,19,0,46
328,17,74,17,0,715
328,18,78,18,0,50
328,19,82,27,0,19
328,20,86,16,0,152
328,21,90,18,0,254
328,22,94,31,0,50
328,23,98,17,0,50
328,24,102,23,0,152
329,1,10,25,0,150
329,2,14,26,0,101
329,3,18,20,1,50
329,4,22,28,0,50
329,5,26,35,0,50
329,6,30,27,0,50
329,7,34,25,0,50
329,8,38,29,0,408
329,9,42,28,0,50
329,10,46,24,0,203
329,11,50,30,0,101
329,12,54,18,0,101
330,1,10,17,0,48
330,2,14,28,0,152
330,3,18,17,0,926
330,4,22,30,0,152
330,5,26,20,0,160
330,6,30,16,0,254
330,7,34,28,0,459
330,8,38,17,0,50
330,9,42,16,0,50
330,10,46,24,0,357
330,11,50,24,0,152
330,12,54,24,0,254
330,13,58,6,0,152
330,14,62,6,1,50
331,1,10,24,0,48
331,2,14,28,0,101
331,3,18,18,0,162
331,4,22,20,0,152
331,5,26,24,0,101
331,6,30,26,0,101
331,7,34,18,0,50
331,8,38,16,0,1131
331,9,42,17,0,101
331,10,46,28,0,101
331,11,50,25,0,24
331,12,54,24,0,50
331,13,58,19,0,50
331,14,62,23,0,50
331,15,66,21,0,101
331,16,70,17,0,152
331,17,74,27,0,3
331,18,78,19,0,50
331,19,82,16,0,766
332,1,10,25,0,48
332,2,14,18,0,152
332,3,18,27,0,101
332,4,22,28,0,192
332,5,26,16,0,74
332,6,30,28,0,152
332,7,34,21,0,101
332,8,38,28,0,101
332,9,42,23,0,152
332,10,46,19,0,101
332,11,50,20,0,101
332,12,54,14,0,920
332,13,58,22,0,203
332,14,62,26,0,221
332,15,66,22,0,254
332,16,70,22,0,152
333,1,10,20,0,202
333,2,14,24,0,101
333,3,18,18,0,869
333,4,22,24,1,50
333,5,26,34,0,50
333,6,30,26,0,50
333,7,34,25,0,101
333,8,38,28,0,152
333,9,42,26,0,101
333,10,46,30,0,50
333,11,50,23,0,50
333,12,54,19,0,306
333,13,58,22,0,101
333,14,62,25,0,50
333,15,66,20,0,152
333,16,70,24,0,254
333,17,74,28,0,101
333,18,78,26,0,357
333,19,82,18,0,152
333,20,86,23,0,101
334,1,10,19,0,150
334,2,14,21,0,304
334,3,18,27,0,101
334,4,22,27,1,50
334,5,26,31,0,101
334,6,30,21,0,50
334,7,34,24,0,459
334,8,38,20,0,203
334,9,42,24,0,50
334,10,46,15,0,613
334,11,50,25,0,101
334,12,54,11,0,715
334,13,58,27,0,29
334,14,62,20,0,101
334,15,66,26,0,203
334,16,70,10,0,1022
335,1,10,22,0,48
335,2,14,14,0,971
335,3,18,14,0,408
335,4,22,28,0,86
335,5,26,25,0,16
335,6,30,28,0,101
335,7,34,23,0,50
335,8,38,28,0,101
335,9,42,30,0,50
335,10,46,21,0,459
335,11,50,19,0,50
335,12,54,20,0,101
335,13,58,29,0,50
335,14,62,16,0,101
335,15,66,27,0,152
335,16,70,23,0,50
335,17,74,23,0,50
335,18,78,28,0,101
335,19,82,23,0,50
336,1,10,28,0,48
336,2,14,33,0,19
336,3,18,28,0,50
336,4,22,29,0,50
336,5,26,23,0,254
336,6,30,29,0,50
336,7,34,13,0,613
336,8,38,11,0,459
336,9,42,28,0,152
336,10,46,19,0,408
336,11,50,24,0,101
336,12,54,24,0,50
336,13,58,23,0,101
336,14,62,26,0,254
336,15,66,9,0,1534
336,16,70,15,0,152
336,17,74,27,0,50
336,18,78,25,0,50
336,19,82,32,0,50
336,20,86,25,0,152
336,21,90,21,0,203
337,1,10,19,0,48
337,2,14,26,1,50
337,3,18,17,0,613
337,4,22,23,0,101
337,5,26,25,0,91
337,6,30,21,0,357
337,7,34,18,0,50
337,8,38,26,0,50
337,9,42,29,0,50
337,10,46,21,0,50
337,11,50,23,0,254
337,12,54,26,0,101
337,13,58,20,0,203
337,14,62,30,0,50
337,15,66,28,0,101
337,16,70,16,0,50
337,17,74,25,0,50
337,18,78,22,0,152
337,19,82,21,0,50
337,20,86,18,0,1120
337,21,90,19,0,203
338,1,10,30,0,48
338,2,14,25,0,101
338,3,18,27,0,50
338,4,22,20,0,203
338,5,26,31,0,101
338,6,30,23,0,152
338,7,34,29,0,306
338,8,38,23,0,101
338,9,42,24,0,101
338,10,46,20,0,50
338,11,50,27,0,101
338,12,54,14,0,50
338,13,58,23,0,203
338,14,62,25,0,50
338,15,66,25,0,50
338,16,70,24,0,50
338,17,74,25,0,203
339,1,10,26,0,48
339,2,14,20,0,50
339,3,18,26,0,50
339,4,22,24,0,40
339,5,26,24,0,50
339,6,30,21,0,50
339,7,34,21,0,160
339,8,38,13,0,254
339,9,42,24,0,59
339,10,46,28,0,101
339,11,50,15,0,613
339,12,54,21,0,50
339,13,58,22,0,152
339,14,62,21,0,50
339,15,66,26,0,306
339,16,70,19,0,50
339,17,74,24,0,510
339,18,78,29,0,101
339,19,82,28,0,50
339,20,86,12,0,459
339,21,90,18,0,357
339,22,94,21,0,203
339,23,98,20,0,459
339,24,102,29,0,50
339,25,106,16,0,576
339,26,110,26,0,101
340,1,10,26,0,99
340,2,14,30,0,50
340,3,18,27,0,203
340,4,22,14,0,1125
340,5,26,22,0,50
340,6,30,21,0,101
340,7,34,20,0,306
340,8,38,30,0,50
340,9,42,24,0,254
340,10,46,24,0,50
340,11,50,23,0,50
340,12,54,21,0,254
340,13,58,23,0,50
340,14,62,25,0,101
340,15,66,19,0,254
340,16,70,8,0,1454
341,1,10,27,0,48
341,2,14,28,0,101
341,3,18,23,0,142
341,4,22,20,0,101
341,5,26,22,0,101
341,6,30,27,0,254
341,7,34,13,0,838
341,8,38,24,0,50
341,9,42,25,0,37
341,10,46,13,0,664
341,11,50,25,0,152
341,12,54,14,0,101
341,13,58,14,0,50
341,14,62,18,0,50
341,15,66,26,0,101
341,16,70,27,0,152
342,1,10,28,0,48
342,2,14,13,0,50
342,3,18,31,0,306
342,4,22,33,0,19
342,5,26,26,0,50
342,6,30,16,0,101
342,7,34,29,0,101
342,8,38,23,0,101
342,9,42,25,0,101
342,10,46,24,0,50
342,11,50,25,0,459
342,12,54,21,0,664
342,13,58,16,0,357
342,14,62,20,0,306
342,15,66,25,0,357
342,16,70,27,0,152
342,17,74,24,0,203
342,18,78,25,0,50
342,19,82,27,0,50
342,20,86,24,0,50
343,1,10,10,0,1328
343,2,14,23,0,48
343,3,18,27,0,64
343,4,22,18,0,613
343,5,26,27,0,357
343,6,30,24,0,50
343,7,34,16,0,50
343,8,38,23,0,306
343,9,42,14,0,562
343,10,46,26,0,152
343,11,50,16,0,715
343,12,54,15,0,510
343,13,58,29,0,152
343,14,62,27,0,203
343,15,66,23,0,50
343,16,70,23,0,203
343,17,74,24,0,50
343,18,78,23,0,101
343,19,82,22,0,254
343,20,86,12,0,1125
343,21,90,22,0,306
343,22,94,34,0,27
344,1,10,20,0,48
344,2,14,29,0,50
344,3,18,22,0,50
344,4,22,21,0,101
344,5,26,22,0,459
344,6,30,27,0,50
344,7,34,26,0,613
344,8,38,22,0,152
344,9,42,28,0,50
344,10,46,25,0,152
344,11,50,24,0,254
344,12,54,17,0,1074
344,13,58,25,0,50
344,14,62,24,0,152
344,15,66,24,0,184
344,16,70,34,0,101
344,17,74,10,0,254
344,18,78,21,0,203
344,19,82,20,0,152
344,20,86,25,0,254
344,21,90,21,0,152
344,22,94,16,0,242
344,23,98,25,0,101
344,24,102,26,0,69
344,25,106,20,0,357
344,26,110,22,0,50
345,1,10,20,0,48
345,2,14,24,0,152
345,3,18,21,0,101
345,4,22,24,0,254
345,5,26,23,0,510
345,6,30,34,0,32
345,7,34,19,0,101
345,8,38,26,0,50
345,9,42,25,0,50
345,10,46,28,0,50
345,11,50,11,0,101
345,12,54,25,0,50
345,13,58,20,0,50
345,14,62,24,0,46
345,15,66,31,0,50
345,16,70,24,0,0
345,17,74,18,0,254
345,18,78,12,0,101
345,19,82,25,0,306
345,20,86,26,0,254
345,21,90,24,0,50
345,22,94,24,0,715
345,23,98,28,0,50
346,1,10,27,0,48
346,2,14,25,0,254
346,3,18,26,0,306
346,4,22,17,0,11
346,5,26,23,0,510
346,6,30,25,0,50
346,7,34,26,0,101
346,8,38,30,0,198
346,9,42,25,0,101
346,10,46,25,0,50
346,11,50,21,0,203
346,12,54,7,0,1637
347,1,10,22,0,150
347,2,14,27,0,50
347,3,18,30,0,40
347,4,22,20,0,203
347,5,26,29,0,11
347,6,30,27,0,50
347,7,34,27,0,101
347,8,38,30,0,50
347,9,42,9,0,50
347,10,46,18,0,50
347,11,50,17,0,50
347,12,54,30,0,101
347,13,58,24,0,101
347,14,62,13,0,254
347,15,66,18,0,50
347,16,70,24,0,50
347,17,74,33,0,152
347,18,78,13,0,152
347,19,82,31,0,50
347,20,86,17,0,306
347,21,90,20,0,101
347,22,94,24,0,510
347,23,98,18,0,30
347,24,102,25,0,50
348,1,10,24,0,99
348,2,14,23,1,50
348,3,18,27,0,50
348,4,22,23,0,101
348,5,26,24,0,152
348,6,30,28,0,50
348,7,34,26,0,101
348,8,38,21,0,357
348,9,42,27,0,101
348,10,46,14,0,50
348,11,50,23,0,152
348,12,54,27,0,101
348,13,58,21,0,152
348,14,62,29,0,50
348,15,66,12,0,83
348,16,70,19,0,488
348,17,74,23,0,101
348,18,78,20,0,50
348,19,82,18,0,459
348,20,86,19,0,459
348,21,90,22,0,50
348,22,94,6,0,203
349,1,10,26,0,48
349,2,14,23,0,50
349,3,18,20,0,50
349,4,22,21,0,50
349,5,26,19,0,829
349,6,30,24,0,254
349,7,34,18,0,254
349,8,38,29,0,50
349,9,42,30,0,50
349,10,46,29,0,50
349,11,50,25,0,50
349,12,54,19,0,50
349,13,58,27,0,101
349,14,62,25,0,101
349,15,66,24,0,50
349,16,70,28,0,101
349,17,74,21,0,122
349,18,78,17,0,306
349,19,82,17,0,971
349,20,86,11,0,1022
349,21,90,27,0,152
349,22,94,32,0,50
349,23,98,14,0,101
349,24,102,17,0,203
349,25,106,25,0,203
349,26,110,24,0,357
350,1,10,19,0,48
350,2,14,27,0,50
350,3,18,24,0,254
350,4,22,27,0,66
350,5,26,22,0,101
350,6,30,28,0,408
350,7,34,27,0,34
350,8,38,15,0,869
350,9,42,24,0,50
350,10,46,27,0,101
350,11,50,21,0,152
350,12,54,23,0,50
350,13,58,27,0,6
350,14,62,22,0,152
350,15,66,33,0,50
350,16,70,23,0,510
350,17,74,19,0,203
350,18,78,18,0,50
350,19,82,19,0,50
350,20,86,23,0,101
350,21,90,23,0,203
350,22,94,26,0,203
351,1,10,14,0,48
351,2,14,19,0,112
351,3,18,24,0,101
351,4,22,30,0,101
351,5,26,34,0,101
351,6,30,27,0,50
351,7,34,30,0,50
351,8,38,21,0,50
351,9,42,27,0,101
351,10,46,23,0,50
351,11,50,22,0,459
351,12,54,32,0,50
351,13,58,16,0,50
351,14,62,16,0,203
351,15,66,26,0,50
351,16,70,30,0,50
351,17,74,27,0,50
351,18,78,31,0,254
351,19,82,17,0,50
351,20,86,26,0,50
351,21,90,27,0,50
351,22,94,21,0,152
351,23,98,29,0,50
352,1,10,21,0,48
352,2,14,23,0,152
352,3,18,22,0,50
352,4,22,28,0,101
352,5,26,31,0,50
352,6,30,26,0,203
352,7,34,30,0,50
352,8,38,21,0,254
352,9,42,25,0,27
352,10,46,31,0,50
352,11,50,29,0,50
352,12,54,23,0,459
352,13,58,24,0,50
352,14,62,18,0,50
352,15,66,29,0,50
352,16,70,18,0,50
352,17,74,30,0,50
352,18,78,23,0,50
353,1,10,27,0,48
353,2,14,30,0,38
353,3,18,28,0,48
353,4,22,23,0,50
353,5,26,31,0,50
353,6,30,24,0,254
353,7,34,27,0,50
353,8,38,29,0,50
353,9,42,26,0,203
353,10,46,20,0,357
353,11,50,22,0,101
353,12,54,21,0,152
353,13,58,22,0,101
353,14,62,30,0,50
353,15,66,10,0,50
353,16,70,9,1,50
354,1,10,26,0,48
354,2,14,27,0,203
354,3,18,27,0,101
354,4,22,26,0,203
354,5,26,32,0,19
354,6,30,22,0,357
354,7,34,23,0,101
354,8,38,19,0,254
354,9,42,26,0,254
354,10,46,23,0,510
354,11,50,30,0,101
354,12,54,26,0,50
354,13,58,25,0,29
354,14,62,22,0,408
354,15,66,16,0,101
354,16,70,18,0,50
354,17,74,20,0,50
354,18,78,19,0,50
354,19,82,21,0,510
355,1,10,27,0,48
355,2,14,20,0,254
355,3,18,26,0,50
355,4,22,23,0,408
355,5,26,27,0,152
355,6,30,31,0,101
355,7,34,21,0,101
355,8,38,18,0,408
355,9,42,20,0,50
355,10,46,26,0,101
355,11,50,21,0,203
355,12,54,17,0,357
355,13,58,31,0,221
355,14,62,33,0,50
355,15,66,25,0,50
355,16,70,21,0,152
355,17,74,35,0,50
355,18,78,19,0,203
355,19,82,21,0,50
355,20,86,19,0,613
355,21,90,13,0,101
356,1,10,23,0,202
356,2,14,29,0,101
356,3,18,31,0,101
356,4,22,22,0,50
356,5,26,23,0,50
356,6,30,20,0,50
356,7,34,35,0,50
356,8,38,23,0,101
356,9,42,26,0,408
356,10,46,31,0,152
356,11,50,21,0,203
356,12,54,17,0,254
356,13,58,21,0,101
357,1,10,33,0,150
357,2,14,36,0,50
357,3,18,25,0,101
357,4,22,30,0,50
357,5,26,23,0,203
357,6,30,25,0,152
357,7,34,13,0,766
357,8,38,19,0,510
357,9,42,27,0,306
357,10,46,24,0,50
357,11,50,15,0,203
357,12,54,11,0,1074
358,1,10,30,0,99
358,2,14,30,0,50
358,3,18,23,0,533
358,4,22,33,0,50
358,5,26,30,0,50
358,6,30,21,0,50
358,7,34,27,0,152
358,8,38,22,0,50
358,9,42,24,0,101
358,10,46,24,0,50
358,11,50,28,0,101
358,12,54,20,0,254
358,13,58,21,0,50
358,14,62,22,0,254
358,15,66,26,0,43
358,16,70,29,0,152
358,17,74,26,0,101
358,18,78,25,0,101
358,19,82,17,0,152
358,20,86,22,0,152
358,21,90,14,0,664
359,1,10,24,0,150
359,2,14,30,0,101
359,3,18,24,0,101
359,4,22,24,0,32
359,5,26,18,0,101
359,6,30,27,0,254
359,7,34,19,0,50
359,8,38,18,0,613
359,9,42,24,0,50
359,10,46,21,0,152
359,11,50,23,0,50
359,12,54,22,0,101
359,13,58,23,0,101
359,14,62,24,0,22
359,15,66,20,0,306
359,16,70,21,0,254
359,17,74,19,0,106
359,18,78,18,0,50
359,19,82,15,0,1022
359,20,86,27,0,50
359,21,90,28,0,101
360,1,10,23,0,48
360,2,14,22,0,35
360,3,18,21,0,101
360,4,22,22,0,118
360,5,26,24,0,5
360,6,30,31,0,101
360,7,34,19,0,510
360,8,38,24,0,101
360,9,42,27,0,14
360,10,46,21,0,50
360,11,50,20,1,50
361,1,10,20,0,99
361,2,14,27,0,50
361,3,18,26,0,50
361,4,22,27,0,70
361,5,26,25,0,10
361,6,30,20,0,715
361,7,34,25,0,50
361,8,38,29,0,0
361,9,42,18,0,510
361,10,46,17,0,562
361,11,50,22,0,50
361,12,54,19,0,50
361,13,58,21,0,50
361,14,62,23,0,50
361,15,66,26,0,50
361,16,70,24,0,112
361,17,74,17,0,50
361,18,78,17,0,357
361,19,82,15,0,50
361,20,86,20,0,408
362,1,10,30,0,48
362,2,14,14,0,920
362,3,18,28,0,254
362,4,22,28,0,45
362,5,26,14,0,306
362,6,30,23,0,152
362,7,34,26,0,203
362,8,38,19,0,357
362,9,42,16,0,101
362,10,46,20,0,50
362,11,50,27,0,152
362,12,54,22,0,408
362,13,58,16,0,510
362,14,62,19,0,664
362,15,66,20,0,306
362,16,70,16,0,254
362,17,74,25,0,59
362,18,78,22,0,187
362,19,82,23,0,50
362,20,86,25,0,240
362,21,90,18,0,459
362,22,94,24,0,50
363,1,10,24,0,99
363,2,14,17,0,459
363,3,18,22,1,50
363,4,22,21,0,50
363,5,26,27,0,101
363,6,30,25,0,101
363,7,34,22,0,50
363,8,38,29,0,152
363,9,42,30,0,101
363,10,46,15,0,101
363,11,50,26,0,101
363,12,54,24,0,562
363,13,58,27,0,254
363,14,62,27,0,306
363,15,66,30,0,152
363,16,70,22,0,50
363,17,74,16,0,101
363,18,78,16,0,306
363,19,82,22,0,203
363,20,86,21,0,152
363,21,90,29,0,101
363,22,94,24,0,50
363,23,98,20,0,203
363,24,102,23,0,306
363,25,106,18,0,715
363,26,110,22,0,50
364,1,10,17,0,970
364,2,14,20,0,50
364,3,18,22,0,357
364,4,22,24,0,254
364,5,26,27,0,152
364,6,30,23,0,101
364,7,34,25,0,664
364,8,38,28,0,50
364,9,42,18,0,152
364,10,46,13,0,1125
364,11,50,34,0,101
364,12,54,30,0,101
364,13,58,19,0,510
364,14,62,18,0,306
364,15,66,26,0,101
364,16,70,20,0,254
364,17,74,28,0,50
364,18,78,21,0,50
364,19,82,27,0,101
364,20,86,21,0,152
364,21,90,23,0,357
364,22,94,22,0,408
365,1,10,27,1,50
365,2,14,34,1,50
365,3,18,20,1,50
365,4,22,25,0,101
365,5,26,24,0,336
365,6,30,29,0,254
365,7,34,26,0,152
365,8,38,15,0,664
365,9,42,31,0,53
365,10,46,21,0,50
365,11,50,20,0,306
365,12,54,16,0,50
365,13,58,23,0,298
365,14,62,18,0,101
365,15,66,14,0,254
365,16,70,24,0,389
365,17,74,20,0,46
365,18,78,26,0,50
366,1,10,27,0,48
366,2,14,27,0,50
366,3,18,28,0,104
366,4,22,26,0,50
366,5,26,21,0,254
366,6,30,29,0,50
366,7,34,12,0,462
366,8,38,23,0,408
366,9,42,19,0,101
366,10,46,29,0,101
366,11,50,17,0,101
366,12,54,24,0,152
366,13,58,29,0,50
366,14,62,28,0,101
366,15,66,25,0,117
366,16,70,23,0,50
366,17,74,27,0,152
366,18,78,31,0,50
366,19,82,17,0,818
366,20,86,22,0,152
366,21,90,23,0,101
366,22,94,28,0,152
366,23,98,24,0,101
366,24,102,12,0,50
367,1,10,23,0,48
367,2,14,22,0,152
367,3,18,18,0,306
367,4,22,28,0,56
367,5,26,28,0,306
367,6,30,24,0,101
367,7,34,18,0,715
367,8,38,22,0,50
367,9,42,25,0,2
367,10,46,23,0,101
367,11,50,27,0,152
367,12,54,18,0,101
367,13,58,22,0,101
367,14,62,9,0,101
367,15,66,23,0,50
367,16,70,31,0,101
368,1,10,26,0,150
368,2,14,20,0,50
368,3,18,25,0,152
368,4,22,23,0,101
368,5,26,18,0,818
368,6,30,26,0,29
368,7,34,26,0,160
368,8,38,20,0,498
368,9,42,15,0,91
368,10,46,22,0,50
368,11,50,22,0,254
368,12,54,20,0,613
368,13,58,31,0,152
368,14,62,28,0,408
368,15,66,24,0,459
368,16,70,28,0,152
368,17,74,28,0,16
369,1,10,32,0,99
369,2,14,25,0,50
369,3,18,23,0,254
369,4,22,19,0,715
369,5,26,27,0,101
369,6,30,13,0,1330
369,7,34,29,0,101
369,8,38,22,0,50
369,9,42,26,0,306
369,10,46,16,0,152
370,1,10,21,1,50
370,2,14,22,0,50
370,3,18,28,0,50
370,4,22,20,0,613
370,5,26,21,0,50
370,6,30,20,0,408
370,7,34,22,0,203
370,8,38,26,0,50
370,9,42,18,0,254
370,10,46,22,0,50
370,11,50,26,0,101
370,12,54,22,0,254
370,13,58,15,0,50
370,14,62,24,0,357
370,15,66,24,0,50
370,16,70,11,0,315
370,17,74,20,0,510
370,18,78,19,0,562
370,19,82,22,0,203
370,20,86,24,0,50
370,21,90,22,0,50
370,22,94,31,0,50
370,23,98,16,0,101
370,24,102,21,0,136
370,25,106,30,0,50
370,26,110,24,0,50
370,27,114,13,0,101
370,28,118,26,0,442
371,1,10,25,0,48
371,2,14,24,0,101
371,3,18,28,0,101
371,4,22,15,0,50
371,5,26,28,0,50
371,6,30,22,0,101
371,7,34,10,0,920
371,8,38,14,0,664
371,9,42,33,0,152
371,10,46,30,0,50
371,11,50,12,0,971
372,1,10,30,0,48
372,2,14,11,0,357
372,3,18,27,0,101
372,4,22,28,0,50
372,5,26,30,0,101
372,6,30,25,0,152
372,7,34,29,0,77
372,8,38,29,0,50
372,9,42,27,0,50
372,10,46,18,0,510
372,11,50,20,0,254
372,12,54,28,0,203
372,13,58,23,0,50
372,14,62,17,0,50
372,15,66,16,0,152
372,16,70,25,0,254
372,17,74,24,0,101
372,18,78,19,0,101
372,19,82,11,0,152
372,20,86,20,0,50
372,21,90,20,0,306
372,22,94,16,0,562
372,23,98,23,0,152
373,1,10,24,0,99
373,2,14,19,0,50
373,3,18,18,0,50
373,4,22,22,0,203
373,5,26,28,0,74
373,6,30,25,0,152
373,7,34,25,0,200
373,8,38,21,0,306
373,9,42,30,0,152
373,10,46,22,0,306
373,11,50,25,0,50
373,12,54,26,0,152
373,13,58,8,0,1227
373,14,62,19,0,254
373,15,66,23,0,101
373,16,70,30,0,50
373,17,74,24,0,306
373,18,78,17,0,0
373,19,82,25,0,357
373,20,86,22,0,152
374,1,10,29,0,48
374,2,14,27,0,357
374,3,18,11,0,149
374,4,22,27,0,306
374,5,26,30,1,50
374,6,30,23,0,50
374,7,34,30,0,101
374,8,38,25,0,101
374,9,42,27,0,152
374,10,46,31,0,11
374,11,50,18,0,510
374,12,54,10,1,50
375,1,10,26,0,48
375,2,14,16,1,50
375,3,18,23,0,101
375,4,22,26,0,50
375,5,26,16,0,510
375,6,30,23,0,203
375,7,34,22,0,101
375,8,38,23,0,50
375,9,42,29,0,50
375,10,46,26,0,152
375,11,50,32,0,50
375,12,54,22,0,357
375,13,58,24,0,50
375,14,62,22,0,50
375,15,66,27,0,50
375,16,70,16,0,357
376,1,10,30,0,150
376,2,14,15,0,459
376,3,18,17,0,101
376,4,22,17,0,562
376,5,26,23,0,101
376,6,30,32,0,203
376,7,34,22,0,101
376,8,38,28,0,50
376,9,42,33,0,50
376,10,46,18,0,101
376,11,50,29,0,101
376,12,54,29,0,50
376,13,58,27,0,203
376,14,62,22,0,203
376,15,66,21,0,101
376,16,70,21,0,101
376,17,74,22,0,203
376,18,78,10,0,50
377,1,10,24,0,48
377,2,14,28,0,152
377,3,18,29,0,133
377,4,22,19,0,357
377,5,26,28,0,101
377,6,30,23,0,254
377,7,34,27,0,50
377,8,38,20,0,50
377,9,42,23,0,562
377,10,46,30,0,50
377,11,50,16,0,50
377,12,54,21,0,152
377,13,58,10,0,562
378,1,10,21,0,48
378,2,14,21,0,659
378,3,18,25,0,101
378,4,22,25,0,203
378,5,26,23,0,50
378,6,30,28,0,101
378,7,34,19,0,149
378,8,38,20,0,152
378,9,42,18,0,152
378,10,46,21,0,50
378,11,50,21,0,101
378,12,54,24,0,254
378,13,58,24,0,152
378,14,62,26,0,101
378,15,66,17,0,101
378,16,70,21,0,152
378,17,74,24,0,254
378,18,78,26,0,101
379,1,10,35,0,99
379,2,14,19,0,152
379,3,18,21,0,181
379,4,22,26,0,254
379,5,26,33,0,50
379,6,30,20,0,50
379,7,34,20,0,306
379,8,38,19,0,510
379,9,42,21,0,27
379,10,46,29,0,152
379,11,50,30,0,101
379,12,54,25,0,101
379,13,58,19,0,562
379,14,62,30,0,27
379,15,66,32,0,50
379,16,70,17,0,152
379,17,74,27,0,50
379,18,78,27,0,203
379,19,82,23,0,101
379,20,86,24,0,101
379,21,90,23,0,50
379,22,94,20,0,50
379,23,98,18,0,101
379,24,102,27,0,50
379,25,106,23,0,203
379,26,110,26,0,101
379,27,114,23,0,357
379,28,118,20,0,390
380,1,10,28,0,48
380,2,14,11,0,766
380,3,18,18,0,203
380,4,22,22,0,664
380,5,26,15,0,766
380,6,30,23,0,101
380,7,34,13,0,101
380,8,38,21,0,152
380,9,42,26,0,101
380,10,46,28,0,50
380,11,50,19,0,50
380,12,54,20,0,101
380,13,58,19,0,203
380,14,62,26,0,50
380,15,66,24,0,152
381,1,10,23,0,458
381,2,14,21,0,101
381,3,18,26,0,101
381,4,22,24,0,101
381,5,26,26,0,408
381,6,30,23,0,50
381,7,34,19,0,203
381,8,38,28,0,50
381,9,42,29,0,101
381,10,46,14,0,1074
381,11,50,20,0,50
381,12,54,15,0,152
381,13,58,25,0,50
381,14,62,9,0,408
382,1,10,25,0,99
382,2,14,20,0,101
382,3,18,27,0,88
382,4,22,23,0,50
382,5,26,27,0,50
382,6,30,28,0,50
382,7,34,17,0,203
382,8,38,25,0,101
382,9,42,27,0,50
382,10,46,22,0,203
382,11,50,25,0,152
382,12,54,12,0,664
382,13,58,23,0,50
382,14,62,22,0,357
382,15,66,26,0,306
382,16,70,16,0,152
382,17,74,21,0,408
382,18,78,27,0,50
382,19,82,29,0,152
382,20,86,28,0,50
382,21,90,22,0,459
382,22,94,25,0,101
382,23,98,27,0,152
382,24,102,23,0,96
382,25,106,16,0,152
382,26,110,9,0,306
382,27,114,20,0,152
382,28,118,29,0,50
382,29,122,16,0,106
383,1,10,29,0,48
383,2,14,24,0,203
383,3,18,19,0,101
383,4,22,24,0,101
383,5,26,23,1,50
384,1,10,32,0,48
384,2,14,23,0,26
384,3,18,28,0,50
384,4,22,21,0,50
384,5,26,29,0,152
384,6,30,25,0,203
384,7,34,32,0,29
384,8,38,26,0,101
384,9,42,27,0,50
384,10,46,20,0,101
384,11,50,22,0,152
384,12,54,19,0,101
384,13,58,24,0,50
384,14,62,37,0,21
384,15,66,13,0,818
384,16,70,21,0,181
384,17,74,17,0,101
384,18,78,13,0,203
385,1,10,15,0,867
385,2,14,27,0,29
385,3,18,11,0,254
385,4,22,29,0,13
385,5,26,17,0,869
385,6,30,26,0,2
385,7,34,26,0,101
385,8,38,25,0,254
385,9,42,26,0,50
385,10,46,22,0,203
385,11,50,24,0,203
385,12,54,19,0,50
385,13,58,20,0,101
385,14,62,28,0,50
385,15,66,25,0,50
385,16,70,20,0,306
385,17,74,22,0,357
385,18,78,22,0,152
385,19,82,24,0,203
385,20,86,27,0,254
385,21,90,19,0,50
385,22,94,18,0,562
385,23,98,17,0,101
386,1,10,25,0,48
386,2,14,26,0,152
386,3,18,22,0,280
386,4,22,23,0,203
386,5,26,24,0,152
386,6,30,32,0,50
386,7,34,27,0,101
386,8,38,24,0,152
386,9,42,21,0,203
386,10,46,26,0,50
386,11,50,28,0,152
386,12,54,22,0,101
386,13,58,15,0,562
386,14,62,19,0,306
386,15,66,22,0,149
386,16,70,16,0,50
386,17,74,21,0,50
386,18,78,17,0,50
386,19,82,28,0,101
386,20,86,19,0,101
386,21,90,30,0,50
386,22,94,29,0,306
386,23,98,23,0,346
386,24,102,19,0,664
386,25,106,34,0,50
386,26,110,20,0,306
387,1,10,22,0,304
387,2,14,23,0,173
387,3,18,19,0,50
387,4,22,21,0,254
387,5,26,11,0,1125
387,6,30,30,0,101
387,7,34,21,0,408
387,8,38,12,0,50
387,9,42,32,0,50
387,10,46,26,0,50
387,11,50,28,0,50
387,12,54,30,0,14
387,13,58,31,0,50
387,14,62,7,0,1637
387,15,66,27,0,357
387,16,70,21,0,184
387,17,74,23,0,50
387,18,78,24,0,203
387,19,82,16,0,152
387,20,86,30,0,50
387,21,90,8,0,664
387,22,94,18,0,306
387,23,98,22,0,203
387,24,102,25,0,101
387,25,106,24,0,152
388,1,10,18,0,458
388,2,14,28,1,50
388,3,18,22,0,306
388,4,22,20,0,216
388,5,26,31,0,43
388,6,30,27,0,50
388,7,34,16,0,510
388,8,38,19,0,510
388,9,42,27,0,101
388,10,46,22,0,50
388,11,50,18,0,152
388,12,54,20,0,357
388,13,58,23,0,50
388,14,62,26,0,101
388,15,66,20,0,203
388,16,70,22,0,152
388,17,74,22,0,101
389,1,10,18,0,202
389,2,14,28,0,50
389,3,18,7,0,1227
389,4,22,23,0,306
389,5,26,21,0,101
389,6,30,24,0,510
389,7,34,34,0,50
389,8,38,30,0,50
389,9,42,26,0,50
389,10,46,31,0,152
389,11,50,27,0,190
389,12,54,17,0,459
389,13,58,26,0,101
389,14,62,27,0,152
389,15,66,16,0,254
389,16,70,27,0,96
389,17,74,26,0,50
389,18,78,19,0,50
389,19,82,21,0,408
389,20,86,28,0,152
389,21,90,28,0,115
389,22,94,25,0,50
389,23,98,20,0,50
389,24,102,19,0,766
389,25,106,18,0,203
389,26,110,19,0,408
390,1,10,27,0,202
390,2,14,28,0,50
390,3,18,22,0,50
390,4,22,22,0,306
390,5,26,31,0,152
390,6,30,24,0,101
390,7,34,23,0,357
390,8,38,29,0,152
390,9,42,24,0,43
390,10,46,12,0,357
390,11,50,13,0,27
390,12,54,15,0,101
390,13,58,22,0,306
390,14,62,12,0,152
390,15,66,18,0,408
390,16,70,29,0,101
390,17,74,24,0,50
390,18,78,25,0,254
391,1,10,27,0,99
391,2,14,21,0,50
391,3,18,27,0,101
391,4,22,29,0,101
391,5,26,18,0,562
391,6,30,23,0,43
391,7,34,25,0,50
391,8,38,17,0,459
391,9,42,24,0,408
391,10,46,24,0,203
391,11,50,18,0,50
391,12,54,27,0,48
391,13,58,22,0,50
391,14,62,27,0,101
391,15,66,18,0,459
391,16,70,17,0,306
392,1,10,13,0,816
392,2,14,28,0,203
392,3,18,25,0,459
392,4,22,22,0,50
392,5,26,20,0,152
392,6,30,32,0,50
392,7,34,20,0,203
392,8,38,11,0,650
392,9,42,26,0,101
392,10,46,23,0,50
392,11,50,28,0,50
392,12,54,33,0,50
392,13,58,29,0,101
392,14,62,12,0,50
392,15,66,23,0,77
392,16,70,13,0,766
392,17,74,27,0,152
392,18,78,28,0,50
393,1,10,29,0,48
393,2,14,22,0,306
393,3,18,25,0,50
393,4,22,25,0,101
393,5,26,27,0,50
393,6,30,15,0,510
393,7,34,23,0,101
393,8,38,22,0,50
393,9,42,24,0,254
393,10,46,23,0,101
393,11,50,19,0,613
393,12,54,19,0,101
393,13,58,24,0,203
393,14,62,15,0,357
393,15,66,23,0,50
393,16,70,23,0,101
393,17,74,27,0,101
393,18,78,20,0,203
393,19,82,17,0,50
393,20,86,24,0,152
394,1,10,25,0,48
394,2,14,18,0,664
394,3,18,27,0,50
394,4,22,32,0,50
394,5,26,28,0,50
394,6,30,28,0,50
394,7,34,17,0,152
394,8,38,28,0,94
394,9,42,26,0,101
394,10,46,19,0,50
394,11,50,27,0,50
394,12,54,21,0,766
394,13,58,26,0,254
394,14,62,20,0,50
394,15,66,27,0,152
394,16,70,18,0,254
394,17,74,19,0,101
394,18,78,22,0,50
394,19,82,28,0,101
394,20,86,36,0,38
394,21,90,29,0,27
394,22,94,16,0,562
394,23,98,16,0,459
394,24,102,26,0,152
394,25,106,31,0,0
394,26,110,18,0,152
394,27,114,27,0,50
395,1,10,30,0,48
395,2,14,22,1,50
395,3,18,18,0,203
395,4,22,28,0,101
395,5,26,26,0,50
395,6,30,27,0,306
395,7,34,31,0,152
395,8,38,22,0,50
395,9,42,20,0,101
395,10,46,13,0,306
395,11,50,13,0,715
395,12,54,19,0,194
395,13,58,9,0,306
395,14,62,21,0,475
395,15,66,22,0,50
395,16,70,23,0,254
395,17,74,21,0,613
395,18,78,23,0,50
395,19,82,25,0,50
395,20,86,22,0,101
395,21,90,33,0,50
395,22,94,11,0,101
395,23,98,23,0,50
395,24,102,6,0,920
395,25,106,18,0,50
396,1,10,21,0,99
396,2,14,28,0,50
396,3,18,21,0,50
396,4,22,7,0,1806
396,5,26,22,0,14
396,6,30,22,0,50
396,7,34,22,0,50
396,8,38,27,0,50
396,9,42,25,0,50
396,10,46,10,0,152
396,11,50,28,0,50
396,12,54,26,0,101
396,13,58,25,0,50
396,14,62,18,0,101
396,15,66,18,1,50
397,1,10,26,0,48
397,2,14,32,0,50
397,3,18,27,0,50
397,4,22,27,0,50
397,5,26,21,0,62
397,6,30,20,0,50
397,7,34,22,0,408
397,8,38,23,0,50
397,9,42,20,0,101
397,10,46,22,0,152
397,11,50,10,0,971
398,1,10,22,0,48
398,2,14,26,0,101
398,3,18,27,0,152
398,4,22,23,0,50
398,5,26,15,0,152
398,6,30,24,0,101
398,7,34,18,0,50
398,8,38,14,0,869
398,9,42,18,0,59
398,10,46,26,0,306
398,11,50,20,0,203
398,12,54,15,0,306
398,13,58,28,0,50
398,14,62,26,0,203
398,15,66,18,0,408
398,16,70,21,0,50
398,17,74,11,0,920
399,1,10,32,0,150
399,2,14,25,0,203
399,3,18,31,0,203
399,4,22,22,0,101
399,5,26,29,0,459
399,6,30,21,0,50
399,7,34,24,0,254
399,8,38,22,0,357
399,9,42,24,0,418
399,10,46,23,0,101
399,11,50,30,0,50
399,12,54,18,0,357
399,13,58,25,0,101
399,14,62,23,0,117
399,15,66,22,0,357
399,16,70,13,0,50
399,17,74,21,0,101
399,18,78,10,0,357
399,19,82,20,0,152
399,20,86,27,0,101
399,21,90,29,0,50
399,22,94,18,0,254
399,23,98,14,0,613
