0,1,69,3450
0,2,63,6425
0,3,101,8225
0,4,46,10425
0,5,31,11950
0,6,65,15000
0,7,60,17025
0,8,43,18625
0,9,123,22375
0,10,95,26950
0,11,102,30350
0,12,88,34300
0,13,101,37850
0,14,97,40975
0,15,98,44800
0,16,82,48875
0,17,99,53650
0,18,86,56775
0,19,97,60150
0,20,113,65175
0,21,102,70025
0,22,104,73550
0,23,73,76175
1,1,76,3800
1,2,107,8525
1,3,28,8925
1,4,146,14375
1,5,40,16350
1,6,115,18975
1,7,116,23900
1,8,112,27050
1,9,74,29950
1,10,62,33025
1,11,64,35600
1,12,61,38175
1,13,69,41600
1,14,101,46400
1,15,80,49700
1,16,85,52900
1,17,84,56325
1,18,99,61075
1,19,96,64000
1,20,87,68000
1,21,101,72825
1,22,102,76300
1,23,101,81175
1,24,83,83875
2,1,93,4650
2,2,52,7250
2,3,35,8950
2,4,65,12150
2,5,41,13850
2,6,88,16475
2,7,51,18000
2,8,107,21325
2,9,94,24350
2,10,81,27100
2,11,73,30575
2,12,84,33600
2,13,129,39150
2,14,50,41625
3,1,91,4550
3,2,95,8975
3,3,58,10600
3,4,69,12425
3,5,108,17350
3,6,87,19625
3,7,32,21175
4,1,92,4600
4,2,99,5875
4,3,130,7000
4,4,73,10525
4,5,28,11900
4,6,43,12975
4,7,41,15025
4,8,70,18450
4,9,77,22200
4,10,73,25600
4,11,77,28125
4,12,136,32075
4,13,61,35025
4,14,73,37775
4,15,111,41325
4,16,100,45775
4,17,130,49525
4,18,83,52650
4,19,95,55875
4,20,93,60375
4,21,112,65250
4,22,98,69975
4,23,101,73500
4,24,126,78925
4,25,133,82875
4,26,120,86750
4,27,128,92350
4,28,137,98850
4,29,114,102600
5,1,111,5550
5,2,27,6400
5,3,116,8325
5,4,162,15175
5,5,110,17400
5,6,37,18500
5,7,65,21650
5,8,107,26675
5,9,112,32025
5,10,61,35050
5,11,51,37000
5,12,65,39750
5,13,101,43725
5,14,129,49800
5,15,99,53675
5,16,79,57525
5,17,77,61225
5,18,93,65725
5,19,156,69800
5,20,88,73925
5,21,87,76800
6,1,65,3250
6,2,23,3725
6,3,35,5450
6,4,34,7125
6,5,87,11225
6,6,46,13525
6,7,60,16175
6,8,61,19200
6,9,84,23375
6,10,99,27975
6,11,69,31325
6,12,63,34350
6,13,70,37275
6,14,85,41050
6,15,105,45425
6,16,119,50925
6,17,78,53625
6,18,84,57200
6,19,89,61525
6,20,106,66150
6,21,112,69950
6,22,110,75125
6,23,111,79975
6,24,143,83900
6,25,87,88000
7,1,51,2550
7,2,24,3125
7,3,125,8575
7,4,57,11300
7,5,105,13725
7,6,54,16000
7,7,114,19125
7,8,65,22075
7,9,107,25775
7,10,86,29800
7,11,110,33675
7,12,58,36550
7,13,65,39150
7,14,75,42725
7,15,72,46100
7,16,91,50400
7,17,113,55900
7,18,5,56350
8,1,117,5850
8,2,55,8550
8,3,60,11150
8,4,83,14825
8,5,87,17275
8,6,46,19475
8,7,55,22150
8,8,94,26300
8,9,96,29475
8,10,109,34450
8,11,69,37825
8,12,85,41875
8,13,64,44975
8,14,98,49625
8,15,74,52075
8,16,72,55625
8,17,81,59100
8,18,107,63975
8,19,83,66925
8,20,110,70425
8,21,119,75600
8,22,72,78175
9,1,128,6400
9,2,55,9150
9,3,87,13475
9,4,29,14925
9,5,38,17025
9,6,102,19875
9,7,63,22950
9,8,115,26250
9,9,51,28375
9,10,68,30950
9,11,101,35750
9,12,87,38775
9,13,95,43025
9,14,113,46925
9,15,1,47175
10,1,80,4000
10,2,161,8050
10,3,47,10150
10,4,90,14175
10,5,87,18375
10,6,46,19975
10,7,111,23450
10,8,48,24975
10,9,73,27725
10,10,35,29075
11,1,39,1950
11,2,30,2600
11,3,126,8250
11,4,60,11100
11,5,102,16025
11,6,132,19150
11,7,79,22775
11,8,50,25225
11,9,93,29550
11,10,74,33200
11,11,47,35100
12,1,49,2450
12,2,18,2675
12,3,43,4700
12,4,93,8825
12,5,64,10500
12,6,68,12500
12,7,43,14475
12,8,44,16650
12,9,97,20625
12,10,98,24675
12,11,67,26875
12,12,105,30200
12,13,63,33325
12,14,86,37175
12,15,72,40700
12,16,93,45300
12,17,75,49000
12,18,114,52825
12,19,96,56000
12,20,9,56450
13,1,36,1800
13,2,44,2500
13,3,48,4650
13,4,31,6200
13,5,134,11950
13,6,78,15500
13,7,88,19750
13,8,53,21625
13,9,91,25450
13,10,121,30350
13,11,86,34375
13,12,70,37125
13,13,72,40725
13,14,89,43475
13,15,97,47675
13,16,80,51475
13,17,78,55125
13,18,161,61575
13,19,98,66300
13,20,90,69200
13,21,102,73175
13,22,122,78750
13,23,115,82400
13,24,90,85775
14,1,42,2100
14,2,58,3425
14,3,58,6200
14,4,93,10200
14,5,34,11375
14,6,88,15625
14,7,43,17000
14,8,49,19375
14,9,102,24125
14,10,52,26000
14,11,63,29100
14,12,60,31975
14,13,110,36775
14,14,113,42000
14,15,81,45825
14,16,81,49725
14,17,73,53350
15,1,87,4350
15,2,61,7375
15,3,137,13625
15,4,61,16625
15,5,65,19675
15,6,101,22575
15,7,38,24475
15,8,51,27000
15,9,97,31500
15,10,62,34525
15,11,89,38750
15,12,74,41475
15,13,109,44925
15,14,90,49225
15,15,85,52750
15,16,81,55950
15,17,88,59625
15,18,85,63675
15,19,88,66850
15,20,117,71925
15,21,99,76250
15,22,106,79500
15,23,71,82500
16,1,39,1950
16,2,28,3550
16,3,104,5200
16,4,53,7675
16,5,57,10525
16,6,61,13550
16,7,36,15200
16,8,131,21150
16,9,55,23825
16,10,72,26375
16,11,61,28575
16,12,61,31625
16,13,87,34400
16,14,96,38750
16,15,71,42000
16,16,92,45225
16,17,4,45425
17,1,23,1350
17,2,160,8000
17,3,94,9125
17,4,97,11275
17,5,78,13475
17,6,73,16650
17,7,48,19050
17,8,51,21600
17,9,98,26200
17,10,54,28175
17,11,51,30675
17,12,86,33650
17,13,116,37450
17,14,67,39925
17,15,119,45300
17,16,69,48550
18,1,38,1900
18,2,74,5575
18,3,96,10025
18,4,84,13700
18,5,101,18150
18,6,77,20325
18,7,55,22700
18,8,61,25700
18,9,54,27575
18,10,97,32050
18,11,55,34750
18,12,97,39300
18,13,76,43000
18,14,80,46975
18,15,84,51050
18,16,38,52850
19,1,30,1500
19,2,48,3800
19,3,96,7975
19,4,84,9700
19,5,56,12350
19,6,49,14775
19,7,59,17675
19,8,40,19650
19,9,87,23475
19,10,105,28600
19,11,88,31800
19,12,66,34550
19,13,80,38350
19,14,73,41550
19,15,81,44700
19,16,91,48825
19,17,106,53600
19,18,123,57325
19,19,92,61350
19,20,78,64400
20,1,15,950
20,2,57,3750
20,3,84,7625
20,4,91,11625
20,5,56,14300
20,6,98,17450
20,7,40,19450
20,8,55,22175
20,9,87,26150
20,10,92,30575
20,11,110,33650
20,12,37,35375
21,1,67,3350
21,2,141,8725
21,3,63,10075
21,4,66,12875
21,5,52,15300
21,6,101,19975
21,7,63,22925
21,8,45,24925
21,9,72,28100
21,10,119,32750
21,11,85,36925
21,12,56,39225
21,13,102,42675
21,14,78,46225
21,15,140,50075
21,16,107,54675
21,17,75,58375
21,18,97,62975
21,19,94,66150
21,20,105,70300
21,21,106,75175
21,22,100,79650
21,23,109,84325
21,24,153,90875
21,25,123,94275
21,26,117,99325
21,27,106,104425
22,1,42,2100
22,2,39,4050
22,3,82,8000
22,4,26,8850
22,5,71,12325
22,6,79,15800
22,7,66,18975
22,8,60,21850
22,9,82,25100
22,10,94,28800
22,11,63,31925
22,12,73,34500
22,13,68,37800
22,14,75,41450
22,15,78,45175
22,16,97,48750
22,17,98,51775
22,18,94,54875
22,19,118,60200
22,20,87,63075
22,21,99,66825
22,22,98,71525
22,23,112,75425
22,24,106,80125
22,25,132,84100
22,26,118,89400
22,27,128,95350
22,28,133,100625
22,29,90,104200
23,1,131,6550
23,2,67,9650
23,3,20,10150
23,4,67,11750
23,5,48,14100
23,6,46,15325
23,7,59,17200
23,8,55,19000
23,9,90,22075
23,10,48,24350
23,11,91,27625
23,12,69,30700
23,13,91,34875
23,14,98,39150
23,15,100,43650
23,16,115,46925
23,17,89,49625
23,18,61,51850
24,1,135,6750
24,2,76,10475
24,3,80,14400
24,4,66,15400
24,5,70,17350
24,6,89,19775
24,7,44,21900
24,8,61,24900
24,9,95,29075
24,10,100,32525
24,11,33,34175
25,1,52,2600
25,2,100,7375
25,3,26,8875
25,4,70,12250
25,5,33,13900
25,6,43,16025
25,7,64,19125
25,8,47,21350
25,9,96,24425
25,10,49,26825
25,11,63,29175
25,12,99,33575
25,13,86,36750
25,14,34,38425
26,1,80,4000
26,2,55,6575
26,3,41,8275
26,4,74,11775
26,5,49,14150
26,6,127,19575
26,7,47,21900
26,8,70,25250
26,9,57,27950
26,10,134,31975
26,11,59,34850
26,12,130,40550
26,13,80,44550
26,14,68,47550
26,15,78,50350
26,16,129,54200
26,17,142,60175
26,18,139,64125
26,19,107,67150
26,20,78,70200
27,1,44,2200
27,2,20,3400
27,3,32,4950
27,4,116,9775
27,5,148,12650
27,6,103,17100
27,7,64,20250
27,8,59,22500
27,9,90,26950
27,10,65,29400
27,11,141,36025
27,12,63,38600
27,13,83,42500
27,14,79,46450
27,15,82,50275
27,16,98,54625
27,17,62,56675
28,1,68,3400
28,2,60,6325
28,3,98,9950
28,4,94,13950
28,5,105,18725
28,6,90,22700
28,7,44,24250
28,8,70,27600
28,9,72,31075
28,10,87,34950
28,11,80,38025
28,12,59,40900
28,13,97,45575
28,14,137,49425
28,15,73,51800
28,16,94,56000
28,17,106,59550
28,18,146,63075
28,19,137,68750
28,20,116,73700
28,21,144,79975
28,22,124,84900
28,23,119,90650
28,24,107,95800
28,25,129,100475
28,26,103,105350
29,1,62,3100
29,2,48,3650
29,3,127,9325
29,4,26,10575
29,5,50,13025
29,6,89,16925
29,7,82,20400
29,8,58,22725
29,9,48,25100
29,10,98,28675
29,11,100,32950
29,12,69,36350
29,13,81,39475
29,14,62,42100
29,15,95,46700
29,16,81,49950
29,17,80,53500
29,18,87,56550
29,19,77,59450
30,1,25,1250
30,2,92,5675
30,3,60,8575
30,4,36,10175
30,5,52,12775
30,6,36,14550
30,7,48,16900
30,8,27,18125
31,1,13,850
31,2,35,2425
31,3,29,3875
31,4,81,7525
31,5,37,9275
31,6,113,14175
31,7,49,16550
31,8,44,18625
31,9,77,22325
31,10,75,25925
31,11,59,28300
31,12,51,30025
32,1,63,3150
32,2,17,4200
32,3,67,7275
32,4,91,9150
32,5,86,11250
32,6,91,13300
32,7,90,17700
32,8,56,20250
32,9,52,22825
32,10,62,25900
32,11,69,29275
32,12,89,32225
32,13,67,35200
32,14,108,38850
32,15,59,41175
33,1,120,6000
33,2,72,8925
33,3,45,11175
33,4,45,12525
33,5,118,16900
33,6,90,21375
33,7,50,23875
33,8,100,28525
33,9,68,31600
33,10,133,37750
33,11,65,40850
33,12,102,44200
33,13,80,48025
33,14,77,51825
33,15,75,55550
33,16,78,58300
33,17,122,63875
33,18,85,67925
33,19,127,73425
33,20,102,76875
33,21,96,81250
33,22,140,85300
33,23,105,90075
33,24,98,94500
34,1,30,1500
34,2,59,4425
34,3,94,8425
34,4,46,9850
34,5,166,12500
34,6,33,14150
34,7,130,17325
34,8,40,19275
34,9,44,21475
34,10,100,24550
34,11,74,28200
34,12,109,31900
34,13,73,35425
34,14,2,35525
35,1,126,6300
35,2,74,9850
35,3,106,14550
35,4,117,16775
35,5,72,19750
35,6,93,22300
35,7,76,26100
35,8,92,30700
35,9,52,33175
35,10,69,36575
35,11,63,39250
35,12,74,42050
35,13,118,47675
35,14,91,51725
35,15,76,55100
35,16,97,58350
35,17,77,61975
35,18,126,67325
35,19,115,71175
35,20,139,77275
35,21,106,80900
35,22,119,86175
35,23,103,91025
35,24,121,94600
35,25,121,98325
35,26,133,101825
35,27,134,106875
35,28,85,109700
36,1,68,3400
36,2,39,5275
36,3,29,6700
36,4,51,9200
36,5,81,12825
36,6,36,14625
36,7,47,16950
36,8,86,19900
36,9,70,23100
36,10,71,26350
36,11,55,28600
36,12,58,31500
36,13,66,34675
36,14,46,36825
37,1,29,1450
37,2,72,4925
37,3,108,6425
37,4,44,7650
37,5,70,9500
37,6,49,11875
37,7,54,14575
37,8,63,16900
37,9,54,19250
37,10,98,23475
37,11,66,26650
37,12,105,30000
37,13,90,33250
37,14,86,36425
37,15,76,39025
37,16,114,44000
37,17,133,47900
37,18,96,51475
37,19,107,55800
37,20,96,60500
37,21,113,64275
37,22,103,68625
37,23,117,74200
37,24,126,79775
37,25,125,83250
37,26,73,86075
38,1,68,3400
38,2,55,6050
38,3,103,7875
38,4,30,9350
38,5,132,14700
38,6,115,17825
38,7,53,19925
38,8,47,22200
38,9,55,24400
38,10,50,26800
38,11,151,30850
38,12,62,33600
38,13,85,37725
38,14,73,41025
38,15,74,43750
38,16,54,46375
39,1,152,7600
39,2,40,9575
39,3,48,11950
39,4,80,14100
39,5,103,18650
39,6,36,20375
39,7,52,22750
39,8,70,26100
39,9,61,28725
39,10,60,31150
39,11,53,33775
39,12,59,36700
39,13,76,40400
39,14,69,43800
39,15,93,48100
39,16,90,51400
39,17,88,55750
39,18,99,59300
39,19,90,62650
39,20,93,65925
39,21,104,70325
39,22,92,74450
40,1,32,1600
40,2,42,3700
40,3,32,5275
40,4,76,7050
40,5,32,8650
40,6,51,10900
40,7,123,16225
40,8,40,18100
40,9,91,22525
40,10,51,24900
40,11,54,27525
40,12,83,30775
40,13,60,33775
40,14,106,38775
40,15,96,42275
40,16,76,46025
40,17,76,49650
40,18,60,52525
41,1,16,1000
41,2,119,5950
41,3,43,8025
41,4,41,10000
41,5,33,11100
41,6,75,14850
41,7,57,17625
41,8,46,19900
41,9,59,22375
41,10,124,26225
41,11,71,29000
41,12,89,32075
41,13,89,35525
41,14,95,38675
41,15,117,42675
41,16,77,45950
41,17,90,50325
41,18,141,56325
41,19,110,59725
41,20,96,62950
41,21,144,67000
41,22,96,71300
41,23,109,75125
41,24,113,78750
41,25,95,83275
42,1,49,2450
42,2,22,3025
42,3,67,6300
42,4,67,9575
42,5,63,12650
42,6,39,14225
42,7,36,16025
42,8,47,18375
42,9,75,21875
42,10,61,24850
42,11,56,27500
42,12,92,31725
42,13,93,35075
42,14,78,38800
42,15,92,42925
42,16,79,46575
42,17,141,53175
42,18,86,56550
42,19,94,59600
42,20,93,62650
42,21,113,67925
42,22,132,71675
42,23,139,77475
42,24,104,82275
42,25,147,85900
42,26,135,90475
42,27,140,95725
42,28,126,99550
42,29,67,102650
43,1,28,1400
43,2,99,6075
43,3,113,11225
43,4,75,14825
43,5,43,16975
43,6,67,19800
43,7,41,21850
43,8,59,24625
43,9,123,28475
43,10,59,31350
43,11,58,34225
43,12,66,36750
43,13,70,39400
43,14,84,42500
43,15,77,45375
43,16,86,49300
43,17,81,53000
43,18,130,56875
43,19,71,59425
44,1,42,2100
44,2,74,5475
44,3,93,9825
44,4,43,10800
44,5,58,13575
44,6,52,15000
44,7,92,18075
44,8,78,21925
44,9,104,26750
44,10,58,29450
44,11,64,32525
44,12,70,35200
44,13,91,39275
44,14,76,42775
44,15,69,46225
44,16,128,50175
44,17,92,53450
44,18,86,57650
44,19,100,61100
44,20,97,64850
44,21,39,66300
45,1,72,3600
45,2,60,6575
45,3,65,9800
45,4,49,12225
45,5,62,14175
45,6,121,19925
45,7,79,23700
45,8,42,25200
45,9,121,30600
45,10,69,33150
45,11,88,36000
45,12,126,39775
45,13,69,42725
45,14,96,45850
45,15,117,51575
45,16,107,55275
45,17,149,61675
45,18,120,65550
45,19,102,70025
45,20,139,73925
45,21,99,78325
45,22,95,82700
45,23,99,87300
45,24,131,93475
45,25,139,97450
45,26,124,101475
45,27,160,107050
45,28,105,109850
46,1,40,2000
46,2,52,3000
46,3,102,7725
46,4,94,9225
46,5,65,12025
46,6,62,14025
46,7,60,16925
46,8,110,21525
46,9,46,23725
46,10,92,28275
46,11,109,31975
46,12,115,37425
46,13,78,41150
46,14,84,44500
46,15,77,47225
46,16,79,51100
46,17,113,55000
46,18,106,59750
46,19,85,63900
46,20,105,68650
46,21,108,73825
46,22,125,77725
46,23,114,82250
46,24,124,87950
46,25,139,91900
46,26,111,96950
46,27,129,100750
46,28,98,105375
47,1,114,5700
47,2,39,7625
47,3,45,9750
47,4,30,10375
47,5,86,14625
47,6,57,17450
47,7,76,21175
47,8,63,24075
47,9,68,27475
47,10,74,30500
47,11,65,32925
47,12,62,35975
47,13,96,39475
47,14,82,43550
47,15,75,46475
47,16,99,51100
47,17,100,56075
47,18,98,60650
47,19,107,65600
47,20,66,68125
48,1,61,3050
48,2,187,10125
48,3,92,14625
48,4,44,16750
48,5,105,21625
48,6,87,25925
48,7,70,28900
48,8,94,31750
48,9,85,35850
48,10,94,38825
48,11,152,42825
48,12,62,45775
48,13,76,49400
48,14,79,53300
48,15,68,56575
48,16,79,60350
48,17,84,64425
48,18,129,68300
48,19,103,73375
48,20,109,78275
48,21,125,81725
48,22,129,87150
48,23,101,91550
48,24,109,96250
48,25,115,100050
48,26,126,105500
48,27,123,110925
48,28,104,114375
49,1,91,4550
49,2,44,5525
49,3,33,7175
49,4,73,10700
49,5,51,11925
49,6,92,14200
49,7,138,17525
49,8,55,20200
49,9,103,24950
49,10,59,27550
49,11,66,30825
49,12,116,36100
49,13,91,39600
49,14,122,43325
49,15,134,47175
49,16,142,53625
49,17,60,56200
50,1,41,2050
50,2,102,5100
50,3,53,7625
50,4,82,11575
50,5,50,14050
50,6,61,16850
50,7,57,19625
50,8,111,22975
50,9,53,25450
50,10,85,29425
50,11,70,32900
50,12,56,35650
50,13,59,38500
50,14,109,42275
50,15,86,45450
50,16,104,48875
50,17,52,51450
51,1,22,1100
51,2,38,3000
51,3,43,5050
51,4,45,7275
51,5,15,7825
52,1,29,1450
52,2,81,5225
52,3,100,9625
52,4,73,13075
52,5,68,14775
52,6,45,16525
52,7,122,19625
52,8,96,24150
52,9,53,26425
52,10,148,30500
52,11,74,33500
52,12,32,35075
53,1,120,6000
53,2,65,8975
53,3,65,11875
53,4,74,13950
53,5,73,17175
53,6,62,19950
53,7,39,21900
53,8,103,25075
53,9,57,27325
53,10,73,30925
53,11,82,34800
53,12,120,39625
53,13,128,45550
53,14,66,48750
53,15,106,52250
53,16,104,56800
53,17,95,61100
53,18,98,65525
53,19,67,68575
54,1,83,4150
54,2,105,5250
54,3,57,7800
54,4,111,10050
54,5,67,13350
54,6,35,15100
54,7,80,18150
54,8,43,20300
54,9,47,22650
54,10,94,25950
54,11,81,29775
54,12,80,33525
54,13,83,36525
54,14,81,39500
54,15,75,42900
54,16,84,46950
54,17,49,49400
55,1,63,3150
55,2,47,5350
55,3,67,6750
55,4,30,8225
55,5,62,9975
55,6,56,12625
55,7,67,15725
55,8,53,18350
55,9,146,24925
55,10,52,27475
55,11,62,30450
55,12,68,33850
55,13,70,37175
55,14,80,40300
55,15,128,45475
55,16,104,50250
55,17,115,53850
55,18,111,57575
55,19,90,61575
55,20,97,65025
55,21,98,68800
55,22,126,72125
55,23,127,76050
55,24,70,78825
56,1,111,5550
56,2,58,8325
56,3,26,8950
56,4,80,11150
56,5,27,11900
56,6,101,15925
56,7,51,18275
56,8,52,20875
56,9,71,23100
56,10,28,24400
57,1,72,3600
57,2,32,5200
57,3,37,7025
57,4,69,8725
57,5,67,11775
57,6,63,14825
57,7,116,20025
57,8,118,25150
57,9,90,28125
57,10,83,31625
57,11,106,36175
57,12,18,37050
58,1,36,1800
58,2,30,3275
58,3,56,5475
58,4,55,8050
58,5,47,10325
58,6,85,13725
58,7,18,14525
59,1,34,1700
59,2,106,6575
59,3,42,8675
59,4,99,10350
59,5,40,12350
59,6,77,14700
59,7,123,20525
59,8,72,24125
59,9,47,26325
59,10,61,29300
59,11,80,33125
59,12,119,36950
59,13,85,41000
59,14,109,44425
59,15,84,48500
59,16,67,50850
60,1,109,5450
60,2,90,9875
60,3,95,14325
60,4,47,16625
60,5,60,18625
60,6,46,20100
60,7,123,23200
60,8,76,25900
60,9,96,30000
60,10,86,32925
60,11,83,35750
60,12,84,39150
60,13,64,42300
60,14,73,44600
60,15,85,47625
60,16,116,51575
60,17,97,56250
60,18,93,60775
60,19,115,64575
60,20,96,67750
60,21,103,72075
60,22,6,72375
61,1,26,1300
61,2,18,2075
61,3,80,4000
61,4,41,6025
61,5,58,8925
61,6,68,12125
61,7,96,15775
61,8,60,17925
61,9,99,22450
61,10,49,24875
61,11,72,28375
61,12,65,31400
61,13,79,35150
61,14,99,38775
61,15,89,43050
61,16,81,46925
61,17,94,51250
61,18,96,55550
61,19,91,58525
61,20,84,62550
62,1,68,3400
62,2,61,6225
62,3,29,7650
62,4,54,10300
62,5,56,11875
62,6,38,13750
62,7,63,15725
62,8,66,18975
62,9,93,23100
62,10,106,26025
62,11,71,29425
62,12,63,32500
62,13,116,37350
62,14,96,40600
62,15,78,44425
62,16,73,47950
62,17,91,52325
62,18,83,56450
62,19,90,59750
62,20,131,65050
62,21,110,68850
62,22,31,70300
63,1,65,3250
63,2,88,7475
63,3,74,10900
63,4,95,15300
63,5,75,18775
63,6,63,21625
63,7,144,25075
63,8,98,29375
63,9,56,31850
63,10,57,34475
63,11,99,39000
63,12,101,43725
63,13,101,46975
63,14,70,49475
63,15,96,53075
63,16,78,56475
63,17,105,61525
63,18,85,65750
63,19,94,68825
63,20,113,72125
63,21,158,76475
63,22,98,80975
63,23,105,85925
63,24,126,89550
63,25,76,92200
64,1,89,4450
64,2,22,5750
64,3,20,6950
64,4,55,8425
64,5,29,9875
64,6,36,11675
64,7,55,13200
64,8,42,14350
64,9,51,16875
64,10,104,20800
64,11,63,23325
64,12,49,24850
65,1,47,2350
65,2,28,2750
65,3,34,4450
65,4,144,10050
65,5,29,10950
65,6,52,13525
65,7,88,17200
65,8,52,19775
65,9,69,23200
65,10,46,25450
65,11,16,26250
66,1,42,2100
66,2,25,3550
66,3,45,4625
66,4,146,7300
66,5,54,9125
66,6,65,12250
66,7,116,17425
66,8,122,20300
66,9,50,22350
66,10,57,24950
66,11,26,26050
67,1,26,1300
67,2,19,2450
67,3,99,4950
67,4,51,7325
67,5,40,9325
67,6,104,12150
67,7,104,14900
67,8,82,18475
67,9,60,21425
67,10,103,26425
67,11,52,28975
67,12,58,31825
67,13,90,35075
67,14,66,38275
67,15,89,42575
67,16,76,46275
67,17,73,49000
68,1,46,2300
68,2,60,5075
68,3,28,6450
68,4,24,7825
68,5,70,9300
68,6,39,11200
68,7,62,14200
68,8,97,18850
68,9,87,21900
68,10,99,26050
68,11,61,28950
68,12,2,29250
69,1,63,3150
69,2,35,4850
69,3,73,8375
69,4,54,10150
69,5,41,11425
69,6,76,15175
69,7,55,17875
69,8,45,19625
69,9,72,23000
69,10,114,26975
69,11,88,30950
69,12,56,33350
69,13,58,36225
69,14,130,40025
69,15,71,43425
69,16,83,47400
69,17,109,51150
69,18,104,54375
69,19,109,59350
69,20,114,64000
69,21,110,67550
69,22,113,72500
69,23,109,75800
69,24,78,78725
70,1,18,900
70,2,52,3475
70,3,94,5100
70,4,49,7500
70,5,96,11550
70,6,56,13150
70,7,45,15275
70,8,57,18050
70,9,58,20875
70,10,84,24350
70,11,120,28125
70,12,65,31300
70,13,89,35700
70,14,67,39050
70,15,91,43175
70,16,96,46650
70,17,115,51875
70,18,90,55500
70,19,79,58500
71,1,45,2250
71,2,125,6250
71,3,80,7625
71,4,61,10550
71,5,124,16100
71,6,41,17275
71,7,76,21050
71,8,43,23200
71,9,83,27350
71,10,130,32900
71,11,127,36750
71,12,74,40400
71,13,56,42925
72,1,14,900
72,2,78,3900
72,3,37,5725
72,4,30,7425
72,5,76,9450
72,6,51,10850
72,7,167,15900
72,8,54,18075
72,9,67,20400
72,10,62,23050
72,11,91,27475
72,12,102,32000
72,13,130,38100
72,14,68,41425
72,15,84,45500
72,16,78,48975
72,17,92,52375
72,18,111,56050
72,19,87,60250
72,20,118,64150
72,21,110,67675
72,22,75,70575
73,1,23,1350
73,2,61,3050
73,3,65,6025
73,4,36,6800
73,5,93,9375
73,6,133,12300
73,7,37,13750
73,8,43,15500
73,9,57,18300
73,10,47,20600
73,11,57,23075
73,12,65,26100
73,13,78,29925
73,14,95,34050
73,15,100,38550
73,16,33,40125
74,1,25,1250
74,2,74,3700
74,3,19,4850
74,4,72,6475
74,5,48,8850
74,6,41,10875
74,7,88,13750
74,8,54,16200
74,9,63,19200
74,10,48,21575
74,11,61,24175
74,12,61,27125
74,13,58,29475
74,14,91,33550
74,15,164,37475
74,16,74,40525
74,17,76,44125
74,18,115,49700
74,19,58,52150
75,1,113,5650
75,2,36,6275
75,3,106,11300
75,4,52,13875
75,5,71,17375
75,6,36,19175
75,7,119,24225
75,8,56,26950
75,9,62,28975
75,10,97,32300
75,11,59,35175
75,12,65,37700
75,13,95,42325
75,14,82,45550
75,15,114,49450
75,16,75,52475
75,17,95,55925
75,18,99,59300
75,19,98,62250
75,20,92,66500
75,21,117,69975
75,22,100,73550
75,23,131,76950
75,24,113,80600
75,25,98,84250
76,1,101,5050
76,2,50,7475
76,3,27,8725
76,4,57,11550
76,5,70,14750
76,6,51,17225
76,7,46,18600
76,8,53,20425
76,9,150,26050
76,10,45,27525
77,1,113,5650
77,2,27,6975
77,3,31,8525
77,4,99,13100
77,5,140,18775
77,6,71,22300
77,7,59,25250
77,8,107,28075
77,9,107,33275
77,10,105,36275
77,11,56,39000
77,12,71,42075
77,13,32,43450
78,1,20,1000
78,2,76,4700
78,3,39,6600
78,4,50,7775
78,5,83,11375
78,6,110,14500
78,7,52,16200
78,8,68,19425
78,9,100,23000
78,10,67,26325
78,11,98,31000
78,12,78,33725
78,13,58,36250
78,14,102,40525
78,15,154,44150
78,16,149,48100
78,17,94,51500
78,18,101,55200
78,19,95,58250
78,20,88,62450
78,21,108,67200
78,22,122,71075
78,23,117,75500
78,24,116,80925
78,25,80,83650
79,1,67,3350
79,2,67,4400
79,3,60,7325
79,4,24,8525
79,5,136,14375
79,6,48,16750
79,7,96,20100
79,8,116,25550
79,9,97,29800
79,10,57,32625
79,11,68,35850
79,12,100,39050
79,13,69,41875
79,14,84,45425
79,15,78,49250
79,16,90,52250
79,17,106,56700
79,18,101,61550
79,19,104,66325
79,20,138,70325
79,21,137,75175
79,22,67,77725
80,1,64,3200
80,2,48,4400
80,3,52,6950
80,4,52,9525
80,5,51,12050
80,6,47,14225
80,7,57,16875
80,8,60,19825
80,9,110,23275
80,10,62,26250
80,11,122,29725
80,12,60,31950
80,13,79,34975
80,14,78,38725
80,15,79,42600
80,16,101,47400
80,17,82,51175
80,18,128,54775
80,19,55,56975
81,1,107,5350
81,2,50,7850
81,3,123,10300
81,4,51,11600
81,5,63,14625
81,6,86,17050
81,7,94,21100
81,8,54,23775
81,9,76,27150
81,10,50,29550
81,11,117,32825
81,12,59,35675
81,13,62,38550
81,14,75,41075
81,15,67,43650
81,16,96,48275
81,17,116,53600
81,18,120,58925
81,19,82,62875
81,20,101,67600
81,21,98,70825
81,22,112,76225
81,23,104,80800
81,24,119,86350
81,25,110,89900
81,26,122,93375
81,27,123,98900
81,28,15,99500
82,1,86,4300
82,2,76,7900
82,3,82,11625
82,4,36,13425
82,5,46,15650
82,6,42,16800
82,7,62,19225
82,8,85,23175
82,9,50,25650
82,10,57,28500
82,11,58,31050
82,12,118,36425
82,13,71,39925
82,14,94,43350
82,15,82,47175
82,16,120,50800
82,17,113,54275
82,18,82,57450
82,19,102,60750
82,20,89,64375
82,21,102,69200
82,22,118,74650
82,23,79,77550
83,1,48,2400
83,2,74,3700
83,3,43,5725
83,4,50,8125
83,5,37,9950
83,6,45,11725
83,7,54,14425
83,8,97,17050
83,9,111,22000
83,10,43,24100
84,1,89,4450
84,2,113,9150
84,3,45,10100
84,4,81,13725
84,5,63,15575
84,6,128,21350
84,7,86,25500
84,8,65,28625
84,9,97,32150
84,10,137,38250
84,11,56,41025
84,12,72,43800
84,13,102,47125
84,14,72,50700
84,15,74,53500
84,16,83,57425
84,17,146,61325
84,18,92,65750
84,19,126,69500
84,20,107,72950
84,21,115,76575
84,22,143,82150
84,23,109,87500
84,24,125,91150
84,25,109,94950
84,26,143,100400
84,27,98,104900
85,1,32,1600
85,2,25,3050
85,3,104,8200
85,4,71,9800
85,5,91,11800
85,6,66,13950
85,7,72,16275
85,8,79,20075
85,9,53,22675
85,10,61,25275
85,11,64,28375
85,12,87,31475
85,13,68,34725
85,14,76,38400
85,15,92,41475
85,16,92,44300
85,17,103,48025
85,18,111,51575
85,19,115,55175
85,20,93,58725
85,21,61,61525
86,1,40,2000
86,2,71,5475
86,3,38,6825
86,4,69,9175
86,5,51,11675
86,6,38,13550
86,7,114,16450
86,8,89,19325
86,9,52,21800
86,10,57,24175
86,11,101,27875
86,12,123,31625
86,13,115,36400
86,14,114,39825
86,15,68,42150
86,16,85,46150
86,17,127,52250
86,18,113,55700
86,19,88,59875
86,20,103,64050
86,21,98,68450
86,22,99,73200
86,23,68,75800
87,1,88,4400
87,2,62,7400
87,3,74,10375
87,4,54,13050
87,5,110,16000
87,6,129,21875
87,7,77,24250
87,8,74,27425
87,9,76,30875
87,10,82,34800
87,11,68,37275
87,12,80,40025
87,13,62,43125
87,14,74,46725
87,15,71,50225
87,16,111,53750
87,17,5,54200
88,1,52,2600
88,2,58,5350
88,3,43,6350
88,4,93,10825
88,5,42,12900
88,6,72,14625
88,7,143,17925
88,8,43,20025
88,9,66,23125
88,10,88,27475
88,11,88,31500
88,12,127,36950
88,13,88,40100
88,14,68,43400
88,15,119,48975
88,16,104,52450
88,17,80,56300
88,18,64,59050
89,1,47,2350
89,2,110,7125
89,3,114,9450
89,4,86,13050
89,5,81,16725
89,6,39,18675
89,7,48,21075
89,8,151,26500
89,9,67,29750
89,10,73,33300
89,11,71,36825
89,12,95,40200
89,13,86,43525
89,14,82,47500
89,15,73,50050
89,16,78,53300
89,17,63,55750
90,1,105,5250
90,2,61,6700
90,3,39,7750
90,4,71,11175
90,5,54,13875
90,6,101,18550
90,7,82,21400
90,8,84,25450
90,9,70,28875
90,10,58,31700
90,11,110,35425
90,12,75,38075
90,13,139,42000
90,14,75,45325
90,15,74,48925
90,16,83,51675
90,17,107,55400
90,18,92,58475
90,19,85,62650
90,20,88,66525
90,21,124,72050
90,22,140,77525
90,23,65,80225
91,1,158,7900
91,2,111,12975
91,3,23,13700
91,4,55,14475
91,5,59,16300
91,6,63,19300
91,7,78,21775
91,8,70,25100
91,9,81,28050
91,10,67,30400
91,11,94,34625
91,12,65,37800
91,13,68,41025
91,14,66,43400
91,15,86,46600
91,16,84,49475
91,17,99,52400
91,18,107,55850
91,19,111,59400
91,20,87,63650
91,21,117,69125
91,22,128,72425
91,23,27,73525
92,1,79,3950
92,2,16,4950
92,3,83,8500
92,4,38,10400
92,5,33,12050
92,6,36,13850
92,7,87,16350
92,8,105,21300
92,9,56,24025
92,10,99,28925
92,11,64,31050
92,12,64,34125
92,13,108,37800
92,14,77,40775
92,15,112,45800
92,16,77,49475
92,17,125,55250
92,18,78,59000
92,19,125,62800
92,20,112,66500
92,21,95,71150
92,22,102,74375
92,23,47,76475
93,1,61,3050
93,2,52,5625
93,3,76,8875
93,4,44,10675
93,5,71,14025
93,6,58,16825
93,7,53,19325
93,8,71,21900
93,9,102,25200
93,10,64,27950
93,11,59,30825
93,12,82,33675
93,13,65,36825
93,14,71,40175
93,15,104,43575
93,16,87,46675
93,17,82,49825
93,18,76,52625
94,1,101,5050
94,2,55,6425
94,3,31,7950
94,4,112,12900
94,5,43,15025
94,6,56,16875
94,7,55,19050
94,8,46,20750
94,9,48,23025
94,10,72,26225
94,11,78,28850
94,12,78,32550
94,13,65,34850
94,14,82,38825
94,15,88,42000
94,16,87,45275
94,17,98,49800
94,18,115,53525
94,19,105,58300
94,20,101,63275
94,21,95,66750
94,22,149,70675
94,23,111,75850
94,24,110,79375
94,25,101,82775
95,1,80,4000
95,2,102,5650
95,3,102,7125
95,4,83,11025
95,5,44,12125
95,6,39,14075
95,7,58,16925
95,8,106,21750
95,9,52,23750
95,10,105,28325
95,11,76,32000
95,12,118,35900
95,13,100,40250
95,14,122,45550
95,15,79,49275
95,16,91,53725
95,17,80,56750
95,18,96,61300
95,19,96,66050
95,20,92,70100
95,21,127,73900
95,22,53,76325
96,1,52,2600
96,2,58,5450
96,3,65,8450
96,4,30,9925
96,5,50,11650
96,6,89,15525
96,7,64,18600
96,8,44,20800
96,9,75,24425
96,10,95,28650
96,11,70,32100
96,12,59,35025
96,13,63,37875
96,14,71,41375
96,15,121,46175
96,16,101,49850
96,17,159,54925
96,18,110,59625
96,19,112,63100
96,20,128,67000
96,21,96,71325
96,22,125,75875
96,23,97,79250
97,1,76,3800
97,2,57,6450
97,3,45,8650
97,4,108,10725
97,5,54,12475
97,6,48,13950
97,7,71,17325
97,8,112,22050
97,9,55,24775
97,10,128,28475
97,11,60,31450
97,12,90,35925
97,13,92,40375
97,14,92,44825
97,15,60,47225
98,1,52,2600
98,2,25,4025
98,3,31,5275
98,4,23,6425
98,5,71,9800
98,6,112,14350
98,7,133,17550
98,8,55,20275
98,9,52,22850
98,10,71,26150
98,11,109,30075
98,12,70,32500
98,13,73,35875
98,14,116,39450
98,15,95,44050
98,16,77,46675
98,17,87,49875
98,18,92,54450
98,19,85,58450
98,20,91,61825
98,21,91,66000
98,22,111,69925
98,23,101,73325
98,24,117,77050
98,25,136,81000
98,26,134,85000
98,27,127,89675
98,28,124,92775
98,29,152,99175
98,30,134,103125
98,31,147,107250
98,32,144,110950
98,33,73,113925
99,1,40,2000
99,2,50,4450
99,3,61,7475
99,4,117,12675
99,5,55,15250
99,6,53,17850
99,7,58,20725
99,8,43,22650
99,9,15,23400
100,1,41,2050
100,2,95,4750
100,3,31,6300
100,4,64,9475
100,5,97,14025
100,6,53,15675
100,7,37,17100
100,8,41,19125
100,9,74,21825
100,10,48,24150
100,11,98,27500
100,12,83,31425
100,13,63,33850
100,14,114,37425
100,15,78,41300
100,16,81,45350
100,17,91,48450
100,18,102,52800
100,19,87,56800
100,20,95,61225
100,21,133,64975
100,22,93,68900
101,1,21,1250
101,2,74,4700
101,3,110,9625
101,4,42,11725
101,5,32,13325
101,6,73,16850
101,7,86,20725
101,8,43,22875
101,9,45,25100
101,10,67,28425
101,11,105,32100
101,12,109,36800
101,13,84,40525
101,14,69,43300
101,15,64,46500
102,1,108,5400
102,2,36,7150
102,3,77,9200
102,4,91,13550
102,5,92,17475
102,6,86,20000
102,7,95,23225
102,8,86,26925
102,9,80,30375
102,10,98,34675
102,11,76,38175
102,12,84,41250
102,13,107,44925
102,14,78,48750
102,15,84,52775
102,16,122,56575
102,17,101,61000
102,18,44,62900
103,1,136,6800
103,2,82,10600
103,3,29,12050
103,4,156,18250
103,5,36,20050
103,6,80,23900
103,7,80,27875
103,8,104,32125
103,9,71,35575
103,10,49,37600
103,11,118,42675
103,12,110,47575
103,13,69,50975
103,14,88,55350
103,15,93,58550
103,16,85,62775
103,17,82,66050
103,18,81,69050
103,19,97,73350
103,20,100,77750
103,21,131,81700
103,22,101,85125
103,23,120,88850
103,24,110,93675
103,25,92,97950
104,1,111,5550
104,2,66,8375
104,3,60,11250
104,4,42,12875
104,5,53,15075
104,6,63,16675
104,7,68,19175
104,8,90,23550
104,9,96,26550
104,10,55,29200
104,11,76,31950
104,12,104,35475
104,13,71,38975
104,14,91,41950
104,15,94,46550
104,16,107,49950
104,17,99,53100
104,18,103,57650
104,19,110,61500
104,20,16,62300
105,1,64,3200
105,2,110,8225
105,3,27,9550
105,4,35,11300
105,5,65,14400
105,6,70,16600
105,7,55,18525
105,8,108,22850
105,9,55,25325
105,10,51,27875
105,11,81,31800
105,12,122,37050
105,13,132,40875
105,14,76,44525
105,15,66,47025
105,16,90,50050
105,17,88,53500
105,18,106,56875
105,19,78,60250
106,1,62,3100
106,2,47,4200
106,3,138,6900
106,4,58,9650
106,5,62,12600
106,6,52,14000
106,7,75,16525
106,8,45,18050
106,9,113,23550
106,10,96,28225
106,11,115,31850
106,12,73,35000
106,13,97,39725
106,14,86,43500
106,15,83,46875
106,16,94,50825
106,17,92,54425
106,18,95,58000
106,19,112,61300
106,20,100,64800
106,21,121,70600
106,22,74,74100
107,1,47,2350
107,2,124,8250
107,3,99,9750
107,4,66,12950
107,5,36,14650
107,6,120,17475
107,7,102,21600
107,8,54,23500
107,9,44,25650
107,10,52,28175
107,11,54,30875
107,12,63,33950
107,13,87,38075
107,14,86,42025
107,15,75,45700
107,16,59,48350
108,1,74,3700
108,2,59,6400
108,3,83,9950
108,4,28,11300
108,5,62,14275
108,6,53,15850
108,7,94,18525
108,8,46,20300
108,9,75,23975
108,10,73,27500
108,11,108,31000
108,12,104,35625
108,13,78,39425
108,14,81,42400
108,15,82,45600
108,16,83,49475
108,17,129,53175
108,18,78,56975
108,19,123,62400
108,20,115,67200
108,21,94,70775
108,22,108,75150
108,23,112,78925
108,24,123,84475
108,25,105,88100
109,1,66,3300
109,2,26,4800
109,3,29,6250
109,4,50,7325
109,5,50,9825
109,6,69,11425
109,7,39,13375
109,8,87,16100
109,9,91,20200
109,10,49,22600
109,11,88,25375
109,12,76,28325
109,13,70,30825
109,14,131,36775
109,15,91,39925
109,16,32,41350
110,1,45,2250
110,2,28,3650
110,3,61,4925
110,4,27,6475
110,5,39,8400
110,6,56,10975
110,7,157,14575
110,8,107,18375
110,9,63,21475
110,10,60,24400
110,11,100,28175
110,12,133,32175
110,13,119,36200
110,14,24,37400
111,1,41,2050
111,2,163,9050
111,3,27,10075
111,4,91,14150
111,5,76,15900
111,6,40,17850
111,7,44,20050
111,8,109,24825
111,9,59,27175
111,10,49,29425
111,11,102,34325
111,12,87,38300
111,13,76,41100
111,14,129,45025
111,15,83,49125
111,16,76,52800
111,17,102,57200
111,18,115,60925
111,19,112,64400
111,20,83,67700
112,1,20,1200
112,2,13,2050
113,1,56,2800
113,2,60,5750
113,3,97,7000
113,4,87,10575
113,5,63,13725
113,6,37,15550
113,7,56,18250
113,8,87,20950
113,9,144,24825
113,10,75,28500
113,11,77,32300
113,12,62,35350
113,13,112,40575
113,14,120,44400
113,15,100,48800
113,16,108,52050
113,17,133,57700
113,18,73,60975
114,1,60,3000
114,2,117,8050
114,3,82,9900
114,4,120,15175
114,5,117,20750
114,6,77,22700
114,7,55,25425
114,8,76,29050
114,9,71,31950
114,10,59,34775
114,11,114,38250
114,12,70,41700
114,13,100,45225
114,14,118,50875
114,15,90,54850
114,16,78,58325
114,17,88,62300
114,18,98,67175
114,19,98,70600
114,20,105,74400
114,21,113,78175
114,22,141,82025
114,23,113,85900
114,24,2,86200
115,1,37,1850
115,2,21,2275
115,3,40,3200
115,4,95,7000
115,5,42,9100
115,6,100,11875
115,7,38,13775
115,8,67,16325
115,9,50,18825
115,10,35,20225
116,1,25,1250
116,2,35,3000
116,3,75,4325
116,4,118,9200
116,5,61,12225
116,6,49,14625
116,7,77,17300
116,8,42,19125
116,9,88,22400
116,10,51,24825
116,11,121,28850
116,12,102,33500
116,13,97,36975
116,14,37,38725
117,1,94,4700
117,2,39,6575
117,3,101,11275
117,4,38,13075
117,5,66,16325
117,6,92,20850
117,7,121,23775
117,8,41,25775
117,9,52,28375
117,10,135,33925
117,11,96,38375
117,12,80,41325
117,13,91,44525
117,14,69,46925
117,15,92,51450
117,16,73,55075
117,17,81,59100
117,18,82,63150
117,19,112,68200
117,20,133,71850
117,21,55,73950
118,1,98,4900
118,2,112,9400
118,3,45,10225
118,4,61,12800
118,5,90,17025
118,6,95,21550
118,7,68,24750
118,8,46,27050
118,9,52,29075
118,10,63,32025
118,11,111,37200
118,12,89,40625
118,13,63,43675
118,14,54,45675
119,1,123,6150
119,2,77,9725
119,3,68,12850
119,4,27,13850
119,5,41,15625
119,6,64,18700
119,7,42,20775
119,8,78,24600
119,9,73,28200
119,10,104,31375
119,11,108,34925
119,12,63,38075
119,13,113,43375
119,14,78,46150
119,15,77,49875
119,16,20,50850
120,1,53,2650
120,2,19,3775
120,3,53,5050
120,4,120,9575
120,5,111,12000
120,6,99,14675
120,7,50,16325
120,8,78,20100
120,9,66,23225
120,10,125,27175
120,11,58,30050
120,12,68,32500
120,13,78,35650
120,14,72,39050
120,15,90,42425
120,16,56,44650
121,1,22,1100
121,2,51,3575
121,3,38,5150
121,4,62,7900
121,5,76,11675
121,6,54,14100
121,7,85,18175
121,8,44,20000
121,9,98,23425
121,10,55,25925
121,11,100,29125
121,12,74,32675
121,13,68,35950
121,14,67,38250
121,15,73,41875
121,16,80,44625
121,17,134,48200
121,18,156,52175
121,19,107,56275
121,20,66,58775
122,1,84,4200
122,2,98,8075
122,3,66,11300
122,4,70,14625
122,5,68,17925
122,6,60,20850
122,7,42,22650
122,8,73,26125
122,9,64,28725
122,10,57,31450
122,11,75,34375
122,12,74,37850
122,13,92,40550
122,14,64,43725
122,15,73,46600
122,16,46,48600
123,1,34,1700
123,2,84,5575
123,3,91,9975
123,4,44,11300
123,5,41,13350
123,6,61,16400
123,7,37,18250
123,8,54,20900
123,9,85,24800
123,10,101,28850
123,11,103,32675
123,12,118,38150
123,13,73,40900
123,14,44,43000
124,1,104,5200
124,2,57,7750
124,3,64,8925
124,4,55,10850
124,5,76,12825
124,6,48,15200
124,7,106,20325
124,8,45,22550
124,9,89,26400
124,10,65,29525
124,11,76,32375
124,12,119,37300
124,13,93,40825
124,14,87,44950
124,15,83,48800
124,16,73,52400
124,17,90,56800
124,18,113,60275
124,19,111,64025
124,20,100,68975
124,21,102,73750
124,22,113,78950
124,23,97,83650
125,1,54,2700
125,2,61,5500
125,3,56,8275
125,4,71,10050
125,5,45,11050
125,6,36,12825
125,7,55,14900
125,8,67,18100
125,9,76,21800
125,10,49,24250
125,11,58,26800
125,12,79,30600
125,13,96,35225
125,14,82,38025
125,15,90,42525
125,16,87,46800
125,17,91,50975
125,18,78,53925
125,19,99,58250
125,20,106,63400
125,21,102,66900
125,22,114,71675
125,23,102,75200
125,24,112,80425
125,25,123,84225
125,26,117,89500
125,27,91,93875
126,1,72,3600
126,2,94,8075
126,3,97,9800
126,4,31,11325
126,5,71,14650
126,6,51,17125
126,7,142,20375
126,8,50,22825
126,9,84,25750
126,10,62,28750
126,11,61,31050
126,12,57,33900
126,13,59,36800
126,14,76,40325
126,15,64,42625
127,1,82,4100
127,2,126,9900
127,3,21,11125
127,4,112,13375
127,5,72,15050
127,6,61,17250
127,7,71,20475
127,8,69,23900
127,9,58,25875
127,10,69,29050
127,11,75,32700
127,12,108,37900
127,13,66,41075
127,14,73,43975
127,15,60,46750
128,1,104,5200
128,2,73,8825
128,3,57,11600
128,4,109,13700
128,5,38,15600
128,6,115,20700
128,7,88,25025
128,8,61,28025
128,9,50,30300
128,10,90,34600
128,11,58,36825
128,12,124,42800
128,13,104,46525
128,14,80,50400
128,15,95,54775
128,16,111,59800
128,17,101,64525
128,18,85,68350
128,19,96,72975
128,20,99,77500
128,21,103,81225
128,22,110,85650
128,23,149,89250
128,24,131,94850
128,25,71,98300
129,1,26,1300
129,2,31,2825
129,3,66,5850
129,4,74,7000
129,5,71,10525
129,6,54,12300
129,7,112,17000
129,8,148,23800
129,9,66,27075
129,10,71,30525
129,11,53,32875
129,12,114,38175
129,13,95,41725
129,14,89,45925
129,15,69,48700
129,16,101,53175
129,17,106,58225
129,18,123,62075
129,19,102,65350
129,20,73,68875
130,1,61,3050
130,2,19,3525
130,3,76,7075
130,4,62,9925
130,5,38,11775
130,6,35,13525
130,7,64,16700
130,8,114,19725
130,9,62,22800
130,10,70,25375
130,11,106,30425
130,12,107,34250
130,13,110,39200
130,14,71,42500
130,15,44,44625
131,1,149,7450
131,2,33,9050
131,3,51,11475
131,4,91,15425
131,5,81,18600
131,6,88,21075
131,7,150,24600
131,8,54,27275
131,9,52,29575
131,10,72,32450
131,11,54,35100
131,12,117,40400
131,13,71,43250
131,14,102,47975
131,15,90,52100
131,16,83,55075
131,17,91,59025
131,18,72,62375
132,1,68,3400
132,2,48,5675
132,3,26,6975
132,4,31,8525
132,5,104,13175
132,6,43,15250
132,7,100,18000
132,8,104,21325
132,9,51,23800
132,10,74,27375
132,11,66,30550
132,12,59,33375
132,13,61,36400
132,14,86,39600
132,15,135,43650
132,16,79,46675
132,17,90,50000
132,18,99,54750
132,19,105,58275
132,20,3,58425
133,1,124,6200
133,2,60,7050
133,3,75,8475
133,4,28,10075
133,5,35,11725
133,6,58,14375
133,7,52,16800
133,8,41,18850
133,9,48,21250
133,10,75,24075
133,11,66,27325
133,12,44,28925
134,1,95,4750
134,2,64,7700
134,3,70,9175
134,4,75,11300
134,5,35,12975
134,6,48,15325
134,7,89,18100
134,8,97,21950
134,9,73,24950
134,10,95,29400
134,11,56,32150
134,12,118,35825
134,13,72,39225
134,14,97,43825
134,15,80,46675
134,16,86,49850
134,17,130,53825
134,18,104,57725
134,19,100,61125
134,20,129,66950
134,21,103,71850
134,22,129,75700
134,23,20,76675
135,1,102,5100
135,2,70,6375
135,3,120,8475
135,4,65,9850
135,5,39,11800
135,6,97,16225
135,7,84,18275
135,8,145,22200
135,9,78,25650
135,10,105,29175
135,11,68,31825
135,12,72,34425
135,13,84,37700
135,14,76,40675
135,15,105,44150
135,16,105,47575
135,17,96,50750
135,18,76,53750
136,1,32,1600
136,2,47,3900
136,3,38,5625
136,4,112,10500
136,5,112,12925
136,6,95,17575
136,7,83,21450
136,8,73,23950
136,9,82,26750
136,10,75,30375
136,11,55,33025
136,12,77,36050
136,13,97,40800
136,14,106,44600
136,15,110,49600
136,16,103,54675
136,17,92,58800
136,18,99,63500
136,19,120,67300
136,20,103,71325
136,21,96,75575
136,22,34,77100
137,1,71,3550
137,2,40,5550
137,3,129,7825
137,4,67,10900
137,5,130,13750
137,6,78,17575
137,7,37,18725
137,8,103,23000
137,9,69,26275
137,10,52,28600
137,11,129,32375
137,12,56,34500
137,13,61,37350
137,14,76,41100
137,15,49,43500
138,1,19,1150
138,2,85,5150
138,3,59,7950
138,4,77,11500
138,5,99,16025
138,6,89,20375
138,7,61,23375
138,8,56,26175
138,9,73,29700
138,10,87,33900
138,11,68,36525
138,12,68,39275
138,13,62,41750
138,14,76,44675
138,15,89,49000
138,16,83,52900
138,17,132,59150
138,18,97,63650
138,19,84,67600
138,20,115,71250
138,21,119,74650
138,22,133,78550
138,23,96,82050
139,1,57,2850
139,2,55,3875
139,3,32,5400
139,4,83,9325
139,5,127,14825
139,6,44,16575
139,7,118,19625
139,8,48,21600
139,9,60,24550
139,10,53,27200
139,11,70,30525
139,12,72,34100
139,13,76,37400
139,14,73,40975
139,15,116,44525
139,16,96,48825
139,17,119,53675
139,18,113,57700
139,19,90,61700
139,20,114,66925
139,21,100,71625
139,22,117,75600
139,23,103,79250
139,24,118,84725
139,25,110,88525
139,26,133,92100
139,27,124,97550
139,28,112,100950
140,1,61,3050
140,2,40,5050
140,3,80,6775
140,4,90,8750
140,5,94,11325
140,6,88,15625
140,7,69,18975
140,8,88,21550
140,9,57,24375
140,10,103,28000
140,11,68,31250
140,12,97,35625
140,13,79,39550
140,14,69,42975
140,15,93,47425
140,16,106,52600
140,17,113,56525
140,18,108,61075
140,19,114,65600
140,20,93,69225
140,21,110,72650
140,22,103,76000
140,23,62,78575
141,1,36,1800
141,2,57,2850
141,3,40,4850
141,4,50,6050
141,5,58,7725
141,6,63,10800
141,7,71,14000
141,8,60,16900
141,9,110,21800
141,10,72,25300
141,11,161,29850
141,12,87,32850
141,13,85,36775
141,14,121,42275
141,15,17,43300
142,1,46,2300
142,2,49,4500
142,3,56,5700
142,4,50,6850
142,5,47,9175
142,6,54,10800
142,7,82,14700
142,8,73,17875
142,9,53,20475
142,10,77,24150
142,11,82,27950
142,12,127,33525
142,13,27,34675
143,1,53,2650
143,2,29,3325
143,3,131,8900
143,4,50,10350
143,5,40,12350
143,6,70,15475
143,7,63,18525
143,8,75,21075
143,9,75,24750
143,10,63,27900
143,11,68,31025
143,12,83,35125
143,13,75,38550
143,14,115,43625
143,15,71,47100
143,16,116,50150
143,17,80,53425
143,18,93,56800
143,19,48,58225
144,1,57,2850
144,2,104,5200
144,3,26,6425
144,4,78,10100
144,5,80,13600
144,6,161,16750
144,7,136,20375
144,8,100,23475
144,9,109,27100
144,10,80,30800
144,11,60,33525
144,12,59,36400
144,13,70,39900
144,14,69,43175
144,15,110,46575
144,16,75,49375
144,17,98,53000
144,18,72,55925
145,1,62,3100
145,2,57,5875
145,3,72,9400
145,4,63,12300
145,5,62,15375
145,6,67,17325
145,7,40,19325
145,8,43,21450
145,9,53,24050
145,10,65,27050
145,11,60,30025
145,12,71,33275
145,13,75,35725
145,14,65,38825
145,15,119,44600
145,16,56,46725
146,1,88,4400
146,2,51,6275
146,3,65,9500
146,4,39,11100
146,5,32,12700
146,6,92,15725
146,7,53,17675
146,8,56,20225
146,9,88,23225
146,10,53,25200
146,11,56,27950
146,12,99,31325
146,13,63,33825
146,14,70,37200
146,15,107,42325
146,16,100,45950
146,17,110,50775
146,18,85,53875
146,19,110,58575
146,20,66,61675
147,1,34,1700
147,2,86,5975
147,3,74,9100
147,4,65,12225
147,5,64,15350
147,6,57,17200
147,7,110,21725
147,8,83,24125
147,9,98,27375
147,10,55,29950
147,11,137,33950
147,12,89,38075
147,13,64,40450
147,14,71,43825
147,15,100,48650
147,16,77,51850
147,17,83,55800
147,18,83,59700
147,19,92,62800
147,20,29,64000
148,1,65,3250
148,2,134,8575
148,3,68,11975
148,4,78,15350
148,5,88,17325
148,6,14,18025
149,1,61,3050
149,2,83,7000
149,3,61,9600
149,4,80,13100
149,5,64,16200
149,6,81,18200
149,7,81,21425
149,8,61,24450
149,9,80,28325
149,10,112,32100
149,11,97,36525
149,12,89,40875
149,13,119,46050
149,14,75,49775
149,15,84,52600
149,16,130,56325
149,17,86,59725
149,18,122,63625
149,19,90,67850
149,20,107,72300
149,21,5,72550
150,1,62,3100
150,2,110,8225
150,3,116,10075
150,4,33,11725
150,5,39,13650
150,6,56,16450
150,7,94,20950
150,8,79,24800
150,9,83,28775
150,10,64,31025
150,11,95,35625
150,12,116,39100
150,13,105,42675
150,14,70,46150
150,15,81,50150
150,16,86,53450
150,17,77,56450
150,18,112,61525
150,19,137,65350
150,20,100,70225
150,21,95,73150
150,22,116,78700
150,23,51,80825
151,1,17,1050
151,2,66,4050
151,3,73,5750
151,4,88,7875
151,5,133,10800
151,6,72,14125
151,7,113,17325
151,8,118,22950
151,9,46,25225
151,10,154,30925
151,11,64,34125
151,12,74,37675
151,13,122,41375
151,14,111,46575
151,15,89,50550
151,16,92,53575
151,17,108,56675
151,18,162,63150
151,19,103,66675
151,20,161,70550
151,21,97,74850
151,22,72,77475
152,1,41,2050
152,2,128,7400
152,3,51,9775
152,4,87,13900
152,5,72,17125
152,6,44,19325
152,7,63,22450
152,8,58,24650
152,9,75,28225
152,10,151,32450
152,11,118,35975
152,12,92,40025
152,13,147,44050
152,14,134,50000
152,15,70,53000
152,16,104,57900
152,17,74,61050
152,18,86,64875
152,19,84,69050
152,20,92,73575
152,21,59,75950
153,1,45,2250
153,2,94,6525
153,3,56,9275
153,4,76,12950
153,5,143,15050
153,6,153,18200
153,7,44,20125
153,8,56,22900
153,9,104,26275
153,10,50,28775
153,11,56,31550
153,12,67,34300
153,13,98,38450
153,14,86,42425
153,15,73,46050
153,16,82,50100
153,17,107,54950
153,18,50,56775
154,1,119,5950
154,2,16,6950
154,3,27,8300
154,4,28,9700
154,5,95,12175
154,6,59,15100
154,7,59,18025
154,8,63,20875
154,9,132,26775
154,10,74,30400
154,11,69,33600
154,12,75,36450
154,13,68,39650
154,14,82,42350
154,15,75,45975
154,16,114,49625
154,17,103,52975
154,18,92,56750
154,19,46,58625
155,1,100,5000
155,2,26,5525
155,3,44,7475
155,4,32,9025
155,5,104,12775
155,6,99,15600
155,7,90,18850
155,8,65,21950
155,9,43,24000
155,10,73,27450
155,11,59,30400
155,12,56,33000
155,13,64,35450
155,14,69,38750
155,15,84,42900
155,16,81,46650
155,17,98,50075
155,18,92,54575
155,19,89,58650
155,20,80,61550
156,1,69,3450
156,2,118,8525
156,3,116,10300
156,4,53,12600
156,5,47,14875
156,6,60,16600
156,7,60,19600
156,8,42,21525
156,9,49,23350
156,10,53,25950
156,11,64,28000
156,12,71,30750
156,13,75,33600
156,14,122,37050
156,15,70,40525
156,16,86,43875
156,17,108,48350
156,18,86,51975
156,19,91,54850
156,20,95,59500
156,21,94,63825
156,22,93,68450
157,1,116,5800
157,2,85,9825
157,3,102,13925
157,4,50,16400
157,5,45,18525
157,6,98,21125
157,7,103,25625
157,8,44,27825
157,9,56,29800
157,10,52,32375
157,11,96,35950
157,12,67,39300
157,13,103,44000
157,14,77,47650
157,15,85,51775
157,16,100,54925
157,17,78,57750
157,18,86,61225
157,19,103,64400
157,20,37,65975
158,1,91,4550
158,2,67,7825
158,3,36,9600
158,4,90,12025
158,5,104,16800
158,6,60,19725
158,7,112,24975
158,8,35,26500
159,1,12,800
159,2,32,2375
159,3,68,5625
159,4,101,7675
159,5,83,9600
159,6,39,11550
159,7,70,13975
159,8,61,16300
159,9,86,20175
159,10,117,25350
159,11,102,28900
159,12,69,31300
159,13,79,35225
159,14,65,38350
159,15,118,42100
159,16,74,45375
159,17,82,49100
159,18,75,52675
160,1,34,1700
160,2,59,2950
160,3,93,4875
160,4,49,7250
160,5,95,11750
160,6,156,14925
160,7,54,17625
160,8,83,21025
160,9,100,24250
160,10,105,29250
160,11,103,32925
160,12,82,36875
160,13,76,40550
160,14,84,44650
160,15,149,51325
160,16,96,55675
160,17,97,59850
160,18,95,63250
160,19,91,67350
160,20,89,71575
160,21,37,73175
161,1,27,1550
161,2,151,7550
161,3,71,11025
161,4,97,12875
161,5,65,15925
161,6,50,18350
161,7,112,23350
161,8,48,25500
161,9,47,27825
161,10,60,30775
161,11,78,34675
161,12,83,37750
161,13,81,41575
161,14,96,45000
161,15,99,48650
161,16,106,51850
161,17,98,55200
161,18,92,58475
161,19,91,61975
161,20,114,65525
161,21,97,68925
161,22,126,72850
161,23,121,77875
161,24,134,81850
161,25,109,85550
161,26,130,90975
161,27,118,94700
161,28,121,99950
161,29,71,103025
162,1,20,1200
162,2,32,2475
162,3,91,6775
162,4,114,9475
162,5,44,10575
162,6,47,11925
162,7,85,15800
162,8,127,21475
162,9,53,23525
162,10,48,25925
162,11,65,28500
162,12,58,31400
162,13,68,34575
162,14,86,37550
162,15,96,41050
162,16,77,44275
162,17,77,47975
162,18,52,50500
163,1,27,1350
163,2,66,3300
163,3,31,3950
163,4,48,6325
163,5,53,8850
163,6,56,10675
163,7,57,13525
163,8,84,16425
163,9,118,22050
163,10,55,24775
163,11,63,27825
163,12,76,31550
163,13,102,36575
163,14,68,39900
163,15,114,43500
163,16,111,48600
163,17,132,52525
163,18,109,55875
163,19,43,57950
164,1,47,2350
164,2,163,8150
164,3,25,9400
164,4,35,11150
164,5,88,14825
164,6,80,18475
164,7,124,23900
164,8,122,27525
164,9,46,29725
164,10,81,33525
164,11,88,36375
164,12,83,40400
164,13,95,44700
164,14,57,47325
165,1,62,3100
165,2,84,6500
165,3,83,10600
165,4,54,11700
165,5,105,16425
165,6,121,18500
165,7,39,19925
165,8,46,22225
165,9,104,26000
165,10,56,28750
165,11,54,31425
165,12,60,33550
165,13,76,36500
165,14,65,39325
165,15,95,42700
165,16,89,46100
165,17,128,49850
165,18,113,53575
165,19,93,56775
165,20,69,59250
166,1,39,1950
166,2,23,3300
166,3,75,4750
166,4,63,7800
166,5,120,13300
166,6,39,14800
166,7,125,18200
166,8,52,20400
166,9,88,24575
166,10,67,27850
166,11,57,30550
166,12,84,34550
166,13,74,37450
166,14,80,40825
166,15,95,45200
166,16,83,48975
166,17,87,51900
166,18,83,55750
166,19,104,59150
166,20,132,62625
166,21,95,67050
166,22,108,71350
166,23,102,76200
166,24,114,80200
166,25,60,82975
167,1,37,1850
167,2,89,5900
167,3,109,10575
167,4,74,13975
167,5,91,18450
167,6,149,25025
167,7,147,28150
167,8,54,30650
167,9,85,33075
167,10,88,36975
167,11,100,41850
167,12,90,45950
167,13,68,49275
167,14,69,52650
167,15,27,54000
168,1,74,3700
168,2,48,4350
168,3,71,6100
168,4,41,8100
168,5,61,10800
168,6,72,13275
168,7,93,17650
168,8,48,20050
168,9,76,23525
168,10,83,27650
168,11,86,31575
168,12,94,35750
168,13,95,38750
168,14,87,41950
168,15,95,45150
168,16,85,49125
168,17,106,52575
168,18,114,56525
168,19,101,61200
168,20,88,65475
168,21,98,68850
168,22,119,72775
168,23,112,76450
168,24,79,79650
169,1,138,6900
169,2,71,10425
169,3,57,13250
169,4,94,16450
169,5,57,19250
169,6,61,22275
169,7,26,23750
170,1,68,3400
170,2,100,8225
170,3,78,11975
170,4,37,13725
170,5,30,15125
170,6,45,17325
170,7,56,19075
170,8,37,20375
171,1,116,5800
171,2,44,6900
171,3,117,11125
171,4,57,13875
171,5,43,15050
171,6,63,17175
171,7,47,19500
171,8,98,24275
171,9,73,27825
171,10,30,29300
172,1,121,6050
172,2,57,8850
172,3,58,11675
172,4,62,14775
172,5,58,17600
172,6,77,21350
172,7,72,23200
172,8,99,26475
172,9,78,29175
172,10,70,32225
172,11,82,36325
172,12,66,39625
172,13,134,43425
172,14,72,46450
172,15,100,50900
172,16,86,54200
172,17,106,59025
172,18,93,63375
172,19,113,68550
172,20,117,72125
172,21,112,77150
172,22,107,82325
172,23,139,86050
172,24,112,90625
172,25,114,94225
172,26,113,99650
172,27,122,103425
172,28,78,107100
173,1,19,1150
173,2,89,4450
173,3,63,7575
173,4,51,9525
173,5,86,13475
173,6,63,15550
173,7,63,18650
173,8,122,24225
173,9,87,27350
173,10,121,32875
173,11,68,35000
173,12,71,37975
173,13,63,41125
173,14,110,46425
173,15,134,50400
173,16,89,54775
173,17,91,57650
173,18,90,61500
173,19,132,66975
173,20,134,72175
173,21,98,75425
173,22,116,80525
173,23,46,82500
174,1,46,2300
174,2,37,4125
174,3,52,6650
174,4,72,10175
174,5,98,15025
174,6,55,17775
174,7,67,21125
174,8,111,23975
174,9,47,26325
174,10,46,28625
174,11,10,29050
175,1,76,3800
175,2,120,8925
175,3,66,9975
175,4,33,11600
175,5,56,14225
175,6,54,16875
175,7,59,18975
175,8,50,21425
175,9,63,24575
175,10,67,27850
175,11,71,31250
175,12,82,35300
175,13,105,38375
175,14,65,41550
175,15,96,45375
175,16,74,48900
175,17,111,53525
175,18,89,56775
175,19,126,60700
175,20,103,65125
175,21,108,68625
175,22,124,72675
175,23,121,78025
175,24,110,83175
175,25,143,89525
175,26,130,95300
175,27,139,99150
175,28,124,104125
175,29,136,108025
175,30,164,115000
175,31,110,118800
176,1,23,1150
176,2,43,2150
176,3,27,3500
176,4,26,5000
176,5,111,7650
176,6,46,9950
176,7,54,12500
176,8,99,15800
176,9,68,18200
176,10,81,21400
176,11,106,26025
176,12,112,29625
176,13,103,34500
176,14,72,37700
176,15,69,41150
176,16,76,44925
176,17,106,48400
176,18,105,51875
176,19,87,56050
176,20,110,61250
176,21,89,64850
177,1,52,2600
177,2,75,6250
177,3,115,11575
177,4,72,14925
177,5,122,20425
177,6,93,23050
177,7,87,26725
177,8,126,29825
177,9,88,33975
177,10,86,37000
177,11,62,40075
177,12,63,43225
177,13,80,46100
177,14,71,48250
177,15,107,53450
177,16,88,56650
177,17,91,60350
177,18,103,63975
177,19,109,67775
177,20,106,72200
177,21,93,76225
177,22,123,80150
177,23,107,85150
177,24,106,90125
177,25,133,94075
177,26,101,97500
178,1,55,2750
178,2,33,4400
178,3,36,6125
178,4,35,7850
178,5,108,10175
178,6,68,13400
178,7,60,16375
178,8,62,18300
178,9,85,22350
178,10,91,26675
178,11,86,30925
178,12,88,35150
178,13,89,38500
178,14,105,43200
178,15,104,46750
178,16,84,50350
178,17,89,54675
178,18,92,58150
178,19,97,61775
178,20,90,65875
178,21,93,70350
178,22,104,75525
178,23,105,79975
178,24,127,85775
178,25,128,89675
178,26,120,94800
178,27,138,100250
178,28,121,106175
178,29,145,109925
178,30,99,114575
179,1,25,1450
179,2,49,3850
179,3,32,5425
179,4,25,6675
179,5,130,12500
179,6,55,14375
179,7,48,16775
179,8,55,18700
179,9,79,22550
179,10,66,25350
179,11,57,28125
179,12,76,30850
179,13,104,35425
179,14,100,39775
179,15,99,44475
179,16,90,48600
179,17,91,53000
179,18,82,56775
179,19,109,61800
179,20,95,66025
179,21,113,69425
179,22,67,71425
180,1,34,1700
180,2,65,3250
180,3,62,6325
180,4,44,7525
180,5,46,9700
180,6,41,11725
180,7,57,13750
180,8,58,16625
180,9,65,18925
180,10,59,21450
180,11,87,25650
180,12,120,31175
180,13,83,35175
180,14,105,38500
180,15,97,42675
180,16,74,46300
180,17,115,49850
180,18,159,53850
180,19,128,57675
180,20,93,61625
180,21,106,66425
180,22,90,69700
181,1,70,3500
181,2,20,4700
181,3,53,6075
181,4,94,10200
181,5,48,12550
181,6,97,16825
181,7,58,19700
181,8,123,23550
181,9,133,29300
181,10,57,32125
181,11,72,35200
181,12,65,38325
181,13,66,40700
181,14,93,44875
181,15,85,48925
181,16,80,51650
181,17,87,54825
181,18,83,57825
181,19,89,61925
181,20,98,66775
181,21,97,71200
181,22,114,74550
181,23,106,78075
181,24,104,83050
181,25,108,87600
181,26,125,91400
181,27,95,94675
182,1,51,2550
182,2,32,3275
182,3,66,6525
182,4,96,10700
182,5,50,13175
182,6,33,14725
182,7,63,16700
182,8,73,20250
182,9,117,24225
182,10,63,26925
182,11,106,32075
182,12,87,36350
182,13,53,38475
183,1,69,3450
183,2,40,4325
183,3,23,5475
183,4,28,6250
183,5,51,8700
183,6,93,12725
183,7,102,15825
183,8,42,17925
183,9,71,21400
183,10,90,25475
183,11,58,28350
183,12,94,31700
183,13,95,36225
183,14,72,39650
183,15,72,43100
183,16,93,46550
183,17,0,46750
184,1,129,6450
184,2,37,8025
184,3,50,10500
184,4,46,12775
184,5,38,14575
184,6,127,17525
184,7,48,19875
184,8,64,21950
184,9,85,26150
184,10,114,31300
184,11,68,34525
184,12,80,37950
184,13,126,42025
184,14,134,45800
184,15,148,49650
184,16,87,53725
184,17,87,56850
184,18,80,60750
184,19,85,64775
184,20,89,68575
184,21,137,74550
184,22,101,78025
184,23,136,83625
184,24,106,87925
184,25,147,91975
184,26,102,95300
185,1,21,1250
185,2,41,3275
185,3,65,4425
185,4,24,5625
185,5,52,7275
185,6,39,9225
185,7,35,10975
185,8,56,13725
185,9,54,16400
185,10,54,19100
185,11,74,22750
185,12,70,26100
185,13,78,29925
185,14,121,33450
185,15,79,37200
185,16,100,41600
185,17,96,45075
185,18,96,49300
185,19,91,53525
185,20,91,57525
185,21,84,61500
186,1,34,1700
186,2,85,5525
186,3,84,6850
186,4,25,8100
186,5,88,12300
186,6,37,14125
186,7,52,16700
186,8,72,20300
186,9,60,23300
186,10,74,27000
186,11,41,28950
187,1,32,1600
187,2,99,5825
187,3,45,7000
187,4,68,8525
187,5,71,11900
187,6,58,14775
187,7,40,16300
187,8,100,20875
187,9,101,25375
187,10,91,29575
187,11,121,34500
187,12,97,39025
187,13,67,41850
187,14,75,45325
187,15,126,48850
187,16,62,51150
188,1,74,3700
188,2,47,4700
188,3,56,7100
188,4,31,8050
188,5,99,11075
188,6,76,14600
188,7,69,17625
188,8,40,19625
188,9,113,23350
188,10,57,25725
188,11,81,29725
188,12,94,33175
188,13,93,37400
188,14,77,41150
188,15,151,48000
188,16,71,51525
188,17,106,56725
188,18,126,60700
188,19,110,65650
188,20,121,69175
188,21,134,72700
188,22,118,76050
188,23,131,82100
188,24,125,87450
188,25,116,92575
188,26,113,96375
188,27,73,99875
189,1,87,4350
189,2,55,7050
189,3,86,8925
189,4,58,11650
189,5,98,16400
189,6,55,19050
189,7,66,22350
189,8,64,25325
189,9,123,29250
189,10,78,31925
189,11,52,34425
189,12,86,37700
189,13,84,41275
189,14,69,44625
189,15,102,48000
189,16,98,52500
189,17,90,55325
189,18,83,59325
189,19,106,62650
189,20,70,66125
190,1,24,1200
190,2,31,2725
190,3,51,5200
190,4,36,7000
190,5,51,9525
190,6,109,14775
190,7,134,20400
190,8,57,23200
190,9,74,26425
190,10,97,29625
190,11,27,30975
191,1,67,3350
191,2,72,6825
191,3,95,11350
191,4,96,15575
191,5,124,17575
191,6,105,20800
191,7,66,24025
191,8,60,26900
191,9,74,29600
191,10,78,32700
191,11,82,36425
191,12,60,39350
191,13,66,41825
191,14,71,44700
191,15,111,49550
191,16,69,52850
192,1,40,2000
192,2,100,5000
192,3,122,6400
192,4,32,8000
192,5,34,9700
192,6,58,12525
192,7,74,16150
192,8,54,18025
192,9,45,20250
192,10,123,23875
192,11,56,26625
192,12,58,29500
192,13,110,33075
192,14,93,37525
192,15,89,41600
192,16,133,45975
192,17,87,49825
192,18,126,53550
192,19,93,58050
192,20,92,62100
192,21,112,65550
192,22,142,72050
192,23,101,76800
192,24,98,81200
193,1,127,6350
193,2,70,9650
193,3,138,13575
193,4,33,15200
193,5,34,16900
193,6,43,18650
193,7,53,21000
193,8,50,23450
193,9,52,25925
193,10,164,32575
193,11,107,36150
193,12,112,40575
193,13,67,43300
193,14,106,46500
193,15,84,50425
193,16,95,53875
193,17,94,58400
193,18,85,61750
193,19,130,67600
193,20,127,71200
193,21,147,76825
193,22,107,81875
193,23,102,85425
193,24,112,89350
193,25,113,92875
193,26,81,96850
194,1,112,5600
194,2,35,7325
194,3,41,9375
194,4,100,14250
194,5,35,15975
194,6,55,18500
194,7,57,21125
194,8,45,23325
194,9,85,26325
194,10,77,29850
194,11,76,33500
194,12,81,36800
194,13,74,40350
194,14,90,44725
194,15,91,49125
194,16,83,53050
194,17,92,57475
194,18,119,63025
194,19,86,67000
194,20,105,71575
194,21,100,75875
194,22,103,79800
194,23,133,83600
194,24,108,88625
194,25,136,92200
194,26,91,95650
195,1,110,5500
195,2,110,10225
195,3,31,11750
195,4,80,13500
195,5,36,15250
195,6,38,17075
195,7,82,20200
195,8,106,24700
195,9,93,28675
195,10,82,32550
195,11,148,36600
195,12,60,39475
195,13,65,42625
195,14,98,46950
195,15,94,50975
195,16,83,53600
195,17,99,57375
195,18,99,60650
195,19,86,64550
195,20,97,67750
195,21,110,72875
195,22,77,76125
196,1,78,3900
196,2,84,7850
196,3,21,9075
196,4,94,10950
196,5,110,15950
196,6,47,18225
196,7,57,21050
196,8,50,23450
196,9,89,27775
196,10,58,30650
196,11,104,34075
196,12,78,37850
196,13,125,42300
196,14,77,45375
196,15,112,49050
196,16,90,53050
196,17,79,56900
196,18,139,63200
196,19,18,64075
197,1,13,850
197,2,110,5500
197,3,70,8425
197,4,112,9850
197,5,47,12200
197,6,36,14000
197,7,130,19375
197,8,49,20825
197,9,80,24725
197,10,72,28275
197,11,55,30825
197,12,42,32875
198,1,53,2650
198,2,31,3400
198,3,27,4750
198,4,96,6600
198,5,31,8075
198,6,51,10575
198,7,101,13425
198,8,81,17050
198,9,64,19300
198,10,118,22725
198,11,99,26375
198,12,60,29375
198,13,96,32950
198,14,74,36575
198,15,101,40075
198,16,82,43325
198,17,83,46525
198,18,55,48975
199,1,61,3050
199,2,51,5325
199,3,94,6925
199,4,100,11500
199,5,56,13050
199,6,68,16100
199,7,59,18200
199,8,87,22200
199,9,58,25075
199,10,52,27500
199,11,88,31450
199,12,90,35825
199,13,83,39050
199,14,106,43900
199,15,101,47950
199,16,74,51450
199,17,122,55350
199,18,111,59900
199,19,101,64875
199,20,115,68200
199,21,85,71025
200,1,60,3000
200,2,53,5650
200,3,87,7275
200,4,118,12075
200,5,41,14100
200,6,138,17150
200,7,42,19250
200,8,69,22425
200,9,51,24550
200,10,93,28650
200,11,143,32700
200,12,61,35425
200,13,68,37700
200,14,82,40775
200,15,73,43575
200,16,85,47475
200,17,78,51375
200,18,111,56425
200,19,93,60875
200,20,101,65850
200,21,86,69175
201,1,124,6200
201,2,78,7225
201,3,84,11000
201,4,55,12600
201,5,33,14225
201,6,42,16300
201,7,42,18375
201,8,40,19700
201,9,107,24650
201,10,119,28500
201,11,108,33750
201,12,58,36625
201,13,86,40875
201,14,76,43750
201,15,104,47325
201,16,68,50600
202,1,142,7100
202,2,74,10325
202,3,88,14675
202,4,32,16125
202,5,96,18425
202,6,34,20100
202,7,98,24900
202,8,95,27750
202,9,70,30625
202,10,63,33625
202,11,67,36850
202,12,84,41025
202,13,88,44550
202,14,83,48525
202,15,69,51975
202,16,102,56675
202,17,133,62975
202,18,91,66200
202,19,109,69925
202,20,85,73525
203,1,101,5050
203,2,76,5975
203,3,45,7925
203,4,57,9125
203,5,59,12000
203,6,52,14550
203,7,46,16850
203,8,93,21200
203,9,67,23650
203,10,57,25800
203,11,60,28650
203,12,129,34350
203,13,68,37750
203,14,72,40475
203,15,83,44500
203,16,92,47625
203,17,77,50925
203,18,116,54600
203,19,92,58825
203,20,109,63775
203,21,125,68650
203,22,102,71900
203,23,136,75525
203,24,55,77925
204,1,59,2950
204,2,64,5950
204,3,45,6625
204,4,82,8150
204,5,69,11400
204,6,49,12725
204,7,94,15650
204,8,110,19250
204,9,59,22125
204,10,56,24450
204,11,126,28175
204,12,108,31800
204,13,66,34400
204,14,113,39325
204,15,72,42875
204,16,107,47550
204,17,93,51125
204,18,95,55300
204,19,109,60275
204,20,91,63525
204,21,105,66850
204,22,111,71975
204,23,119,75675
204,24,112,80150
204,25,128,86075
204,26,122,89850
204,27,98,92900
205,1,16,1000
205,2,60,3475
205,3,56,4725
205,4,105,9475
205,5,36,11450
205,6,86,15225
205,7,118,18450
205,8,45,20600
205,9,45,22825
205,10,52,25400
205,11,72,28975
205,12,82,33075
205,13,37,34575
206,1,15,950
206,2,34,2650
206,3,47,4100
206,4,90,5500
206,5,54,8200
206,6,33,9850
206,7,44,12050
206,8,45,14300
206,9,82,17725
206,10,60,20600
206,11,85,23600
206,12,69,26575
206,13,69,29125
206,14,97,33825
206,15,87,37950
206,16,132,44400
206,17,101,48600
206,18,103,52025
206,19,74,54900
207,1,37,1850
207,2,24,3225
207,3,45,4350
207,4,97,6525
207,5,43,8650
207,6,51,10350
207,7,108,14825
207,8,52,16775
207,9,60,19700
207,10,78,22300
207,11,64,24825
207,12,72,27650
207,13,97,31175
207,14,70,34650
207,15,93,38875
207,16,113,42525
207,17,94,45875
207,18,40,47650
208,1,88,4400
208,2,93,8350
208,3,62,10950
208,4,45,13200
208,5,31,14725
208,6,34,16375
208,7,90,18950
208,8,46,20600
208,9,55,22375
208,10,109,25750
208,11,93,29225
208,12,69,32325
208,13,110,36750
208,14,53,38950
209,1,16,1000
209,2,84,5125
209,3,76,8650
209,4,79,10325
209,5,56,13075
209,6,86,17300
209,7,73,19575
209,8,112,23150
209,9,153,27350
209,10,98,30875
209,11,101,35575
209,12,56,37775
209,13,70,40500
209,14,97,45100
209,15,112,48675
209,16,76,52450
209,17,103,57375
209,18,80,61000
209,19,97,64350
209,20,84,67650
210,1,52,2600
210,2,69,5900
210,3,71,9300
210,4,73,12600
210,5,35,14300
210,6,48,16675
210,7,43,18800
210,8,46,20925
210,9,58,23800
210,10,70,26200
210,11,79,29750
210,12,93,33175
210,13,4,33325
211,1,77,3850
211,2,63,6500
211,3,100,10800
211,4,144,13275
211,5,33,14175
211,6,93,16800
211,7,81,20525
211,8,57,23250
211,9,102,26825
211,10,16,27600
212,1,71,3550
212,2,122,6100
212,3,45,7900
212,4,93,10300
212,5,85,12250
212,6,56,14975
212,7,89,17650
212,8,60,20450
212,9,63,23600
212,10,74,26275
212,11,62,29075
212,12,91,32775
212,13,72,35375
212,14,78,38350
212,15,102,43075
212,16,82,46400
212,17,76,49900
212,18,83,53200
212,19,132,57175
212,20,92,61675
212,21,105,66025
212,22,116,71375
212,23,61,73700
213,1,121,6050
213,2,16,6800
213,3,43,8000
213,4,110,12875
213,5,102,14825
213,6,34,16350
213,7,44,17725
213,8,117,20900
213,9,61,23475
213,10,63,26350
213,11,105,30825
213,12,86,34725
213,13,80,37850
213,14,83,41950
213,15,131,45575
213,16,111,49250
213,17,80,52800
213,18,131,57975
213,19,108,61550
213,20,109,64850
213,21,102,68475
213,22,96,73225
213,23,97,76650
214,1,78,3900
214,2,30,5375
214,3,117,7650
214,4,35,9400
214,5,130,15475
214,6,52,18075
214,7,36,19675
214,8,51,22200
214,9,64,25225
214,10,64,28425
214,11,62,30350
214,12,57,33175
214,13,82,36075
214,14,131,40000
214,15,78,43050
214,16,94,47450
214,17,68,50050
215,1,157,7850
215,2,87,11625
215,3,62,14675
215,4,52,17225
215,5,97,21900
215,6,57,23675
215,7,127,29425
215,8,80,33175
215,9,26,34200
216,1,13,650
216,2,42,2650
216,3,27,4000
216,4,42,6000
216,5,87,10250
216,6,60,12225
216,7,74,15850
216,8,51,17450
216,9,113,22900
216,10,67,26200
216,11,72,29675
216,12,80,32875
216,13,102,36225
216,14,68,39000
216,15,90,42425
216,16,96,45775
216,17,104,50675
216,18,30,52100
217,1,75,3750
217,2,40,5625
217,3,118,7350
217,4,38,8350
217,5,53,10100
217,6,79,13750
217,7,65,16975
217,8,146,22800
217,9,46,24850
217,10,51,27375
217,11,157,31525
217,12,73,35150
217,13,90,39300
217,14,82,43100
217,15,97,46625
217,16,77,49925
217,17,147,53875
217,18,120,59650
217,19,121,63350
217,20,98,67825
217,21,65,70600
218,1,51,2550
218,2,103,7500
218,3,62,10475
218,4,81,12100
218,5,174,14700
218,6,87,18800
218,7,71,22100
218,8,43,24250
218,9,58,26975
218,10,51,29500
218,11,79,33450
218,12,70,36900
218,13,111,40400
218,14,90,44575
218,15,79,48425
218,16,72,51975
218,17,81,54600
218,18,88,58575
218,19,107,63625
218,20,145,67550
218,21,97,71875
218,22,93,75450
219,1,58,2900
219,2,85,4575
219,3,52,5700
219,4,82,9750
219,5,76,13525
219,6,34,15225
219,7,38,16875
219,8,41,18900
219,9,47,21250
219,10,59,23725
219,11,76,26525
219,12,80,29625
219,13,62,31950
219,14,98,35225
219,15,80,39175
219,16,95,42450
219,17,142,48950
219,18,120,52650
219,19,96,56175
219,20,67,59125
220,1,15,750
220,2,43,2825
220,3,151,7550
220,4,59,10450
220,5,65,12450
220,6,117,17550
220,7,63,19675
220,8,60,21900
220,9,81,25925
220,10,56,27950
220,11,50,30425
220,12,107,34225
220,13,79,38050
220,14,71,41475
220,15,75,45175
220,16,101,48875
220,17,93,53025
220,18,116,56850
220,19,104,61875
220,20,93,65375
220,21,118,70825
220,22,105,74375
220,23,71,77000
221,1,64,3200
221,2,44,5375
221,3,20,6550
221,4,86,10350
221,5,75,12575
221,6,34,14275
221,7,65,16275
221,8,101,21100
221,9,56,23900
221,10,63,25575
221,11,59,28500
221,12,85,32350
221,13,77,36200
221,14,65,39450
221,15,127,42950
221,16,84,46200
221,17,142,51925
221,18,98,56475
221,19,94,60975
221,20,118,66200
221,21,116,70125
221,22,101,74725
221,23,77,77475
222,1,16,1000
222,2,81,4050
222,3,154,10050
222,4,28,11450
222,5,81,14700
222,6,34,16325
222,7,64,19525
222,8,54,22225
222,9,52,24825
222,10,71,27300
222,11,74,30300
222,12,48,32425
223,1,98,4900
223,2,65,7950
223,3,86,9250
223,4,43,11375
223,5,34,13075
223,6,58,15850
223,7,128,18675
223,8,86,22875
223,9,72,25700
223,10,66,28950
223,11,72,31775
223,12,66,34600
223,13,59,37450
223,14,63,40325
223,15,73,43725
223,16,76,47250
223,17,107,50800
223,18,117,54775
223,19,77,57750
224,1,69,3450
224,2,44,4275
224,3,69,7600
224,4,88,9150
224,5,84,13025
224,6,89,17175
224,7,89,21300
224,8,82,24475
224,9,47,26825
224,10,76,30275
224,11,52,32800
224,12,61,35100
224,13,107,38275
224,14,74,41775
224,15,88,45725
224,16,98,50275
224,17,92,53100
224,18,89,57225
224,19,78,61075
225,1,81,4050
225,2,97,5400
225,3,88,9050
225,4,52,11575
225,5,45,13625
225,6,86,17300
225,7,39,19150
225,8,66,22375
225,9,76,25050
225,10,104,29775
225,11,106,35025
225,12,72,38175
225,13,34,39600
226,1,56,2800
226,2,72,6225
226,3,73,9700
226,4,67,11050
226,5,51,13550
226,6,55,16125
226,7,59,18100
226,8,52,20125
226,9,78,23925
226,10,109,28675
226,11,63,31350
226,12,72,34675
226,13,66,37950
226,14,121,41525
226,15,74,43875
226,16,90,47075
226,17,87,50300
226,18,75,53875
227,1,38,1900
227,2,77,5375
227,3,72,6525
227,4,67,9725
227,5,51,12225
227,6,60,15075
227,7,92,19300
227,8,41,20775
227,9,86,24475
227,10,81,28450
227,11,100,32625
227,12,71,36125
227,13,79,39750
227,14,74,43400
227,15,94,47750
227,16,96,51175
227,17,84,53950
227,18,86,56850
227,19,95,60000
227,20,83,63850
228,1,54,2700
228,2,30,4200
228,3,52,6700
228,4,98,10750
228,5,74,14400
228,6,59,17350
228,7,57,20200
228,8,62,23275
228,9,44,25125
228,10,56,27800
228,11,72,31025
228,12,59,33775
228,13,61,36400
228,14,85,39400
228,15,106,43000
228,16,79,46625
228,17,102,50350
228,18,157,54425
228,19,102,57725
228,20,63,60175
229,1,32,1600
229,2,27,2950
229,3,50,5400
229,4,61,8325
229,5,80,10700
229,6,89,13575
229,7,66,15575
229,8,73,18325
229,9,55,20925
229,10,71,23825
229,11,76,26725
229,12,57,29525
229,13,87,32125
229,14,133,36000
229,15,75,39350
229,16,137,43050
229,17,114,47825
229,18,98,52500
229,19,90,55900
229,20,111,60600
229,21,110,63825
229,22,114,68775
229,23,104,72350
229,24,130,78500
229,25,109,82100
229,26,121,85750
229,27,127,89700
229,28,121,93125
229,29,104,96750
230,1,130,6500
230,2,93,8075
230,3,77,11800
230,4,39,13000
230,5,58,15775
230,6,89,20025
230,7,62,23025
230,8,104,26175
230,9,45,28425
230,10,88,32800
230,11,53,35450
230,12,98,40225
230,13,67,43075
230,14,103,46600
230,15,62,49425
231,1,14,900
231,2,54,3600
231,3,35,4075
231,4,53,5300
231,5,115,8200
231,6,45,10375
231,7,41,11750
231,8,82,15625
231,9,71,18325
231,10,83,22350
231,11,105,26225
231,12,77,29850
231,13,64,33000
231,14,99,37750
231,15,76,41075
231,16,111,44300
231,17,138,50600
231,18,107,54175
231,19,89,58500
231,20,40,60450
232,1,143,7150
232,2,70,10525
232,3,53,13125
232,4,33,14750
232,5,64,16850
232,6,81,20900
232,7,50,23375
232,8,53,25625
232,9,44,27800
232,10,52,30250
232,11,105,35300
232,12,108,40550
232,13,60,43525
232,14,21,44350
233,1,117,5850
233,2,30,7350
233,3,135,13325
233,4,76,16650
233,5,49,19100
233,6,43,20275
233,7,47,22125
233,8,69,25325
233,9,83,28775
233,10,63,31850
233,11,79,35775
233,12,78,38375
233,13,100,41825
233,14,100,45250
233,15,93,48275
233,16,79,51475
233,17,80,54650
233,18,133,58275
233,19,111,61875
233,20,110,65550
233,21,104,70575
233,22,115,75775
233,23,130,79375
233,24,112,82875
233,25,116,87400
233,26,125,91275
233,27,123,96950
233,28,84,99775
234,1,14,900
234,2,24,2275
234,3,145,7850
234,4,67,9900
234,5,74,13050
234,6,82,15825
234,7,82,18225
234,8,72,21400
234,9,65,24650
234,10,92,28975
234,11,90,32375
234,12,63,35425
234,13,60,38425
234,14,111,41575
234,15,115,45100
234,16,78,48600
234,17,77,52225
234,18,99,55800
234,19,95,59875
234,20,67,63175
235,1,128,6400
235,2,65,9525
235,3,51,11025
235,4,103,15325
235,5,131,21050
235,6,42,23100
235,7,50,25450
235,8,55,27100
235,9,58,29950
235,10,108,35075
235,11,55,37275
235,12,88,40575
235,13,152,44375
235,14,70,47875
235,15,70,50900
235,16,103,54625
235,17,82,58250
235,18,82,62325
235,19,122,65850
235,20,99,70375
235,21,84,73450
236,1,28,1400
236,2,20,2225
236,3,74,3700
236,4,66,5725
236,5,106,10675
236,6,137,13675
236,7,61,15850
236,8,56,18050
236,9,58,20025
236,10,100,23650
236,11,63,26750
236,12,66,29950
236,13,95,33225
236,14,105,38225
236,15,75,41375
236,16,71,44900
236,17,82,47625
236,18,52,49875
237,1,54,2700
237,2,42,4800
237,3,31,5800
237,4,55,6625
237,5,110,10950
237,6,63,13100
237,7,64,15350
237,8,55,18025
237,9,87,21525
237,10,66,24800
237,11,69,27350
237,12,94,31925
237,13,74,34700
237,14,87,38900
237,15,89,43125
237,16,87,46025
237,17,91,50200
237,18,115,55450
237,19,94,59775
237,20,92,62950
237,21,82,66800
238,1,22,1100
238,2,62,4125
238,3,45,6375
238,4,51,8500
238,5,53,11125
238,6,33,12775
238,7,64,15975
238,8,77,18650
238,9,119,24300
238,10,67,26775
238,11,83,30775
238,12,30,31925
239,1,70,3500
239,2,64,6575
239,3,106,8675
239,4,98,13375
239,5,48,15725
239,6,75,17900
239,7,73,20450
239,8,81,23350
239,9,68,26025
239,10,96,29275
239,11,62,32375
239,12,116,37925
239,13,81,41725
239,14,74,45125
239,15,73,48750
239,16,93,51925
239,17,82,55325
239,18,125,58775
239,19,95,62950
239,20,105,67550
239,21,126,71350
239,22,125,76850
239,23,108,80250
239,24,110,83750
239,25,37,85400
240,1,72,3600
240,2,42,5600
240,3,61,8625
240,4,59,11525
240,5,44,13575
240,6,62,16650
240,7,42,18725
240,8,97,23200
240,9,74,26575
240,10,67,29450
240,11,82,32800
240,12,59,35125
240,13,127,38850
240,14,78,42700
240,15,120,46400
240,16,79,50275
240,17,79,54225
240,18,97,57625
240,19,123,61200
240,20,101,66075
240,21,111,69925
240,22,104,74850
240,23,115,78750
240,24,104,82325
240,25,57,84650
241,1,49,2450
241,2,157,8675
241,3,27,9975
241,4,79,12650
241,5,46,14900
241,6,70,16875
241,7,96,19825
241,8,63,22250
241,9,117,27775
241,10,67,30350
241,11,60,32875
241,12,82,36025
241,13,72,39100
241,14,94,42450
241,15,74,45975
241,16,38,47875
242,1,81,4050
242,2,55,6575
242,3,54,9125
242,4,84,13150
242,5,55,14475
242,6,82,16500
242,7,56,19275
242,8,73,21450
242,9,57,24025
242,10,106,29150
242,11,128,34500
242,12,61,37550
242,13,74,41125
242,14,83,44050
242,15,78,47125
242,16,107,51600
242,17,74,54775
242,18,108,58325
242,19,92,61775
242,20,96,64975
242,21,100,68050
242,22,110,73175
242,23,121,77000
242,24,139,80850
242,25,100,84425
243,1,99,4950
243,2,75,5925
243,3,150,12100
243,4,107,17025
243,5,40,19025
243,6,54,21350
243,7,98,24375
243,8,72,27800
243,9,112,32775
243,10,111,37550
243,11,64,40725
243,12,92,45200
243,13,78,48950
243,14,28,50325
244,1,82,4100
244,2,46,5025
244,3,38,6925
244,4,60,9775
244,5,45,12000
244,6,43,14150
244,7,81,17950
244,8,41,19975
244,9,108,25000
244,10,129,31150
244,11,79,34500
244,12,147,38100
244,13,120,41800
244,14,67,44375
244,15,91,48650
244,16,75,52250
244,17,132,56325
244,18,108,60000
244,19,139,63900
244,20,102,68725
244,21,27,70075
245,1,43,2150
245,2,71,3550
245,3,121,8850
245,4,132,11225
245,5,40,12600
245,6,49,14250
245,7,50,16700
245,8,70,20175
245,9,61,22450
245,10,76,26125
245,11,73,28700
245,12,112,34225
245,13,115,37800
245,14,92,42350
245,15,83,46425
245,16,111,50050
245,17,97,54750
245,18,104,58500
245,19,107,63425
245,20,56,65575
246,1,71,3550
246,2,52,3625
246,3,43,5450
246,4,52,7050
246,5,130,9400
246,6,89,11350
246,7,65,13525
246,8,102,17825
246,9,87,20800
246,10,62,23250
246,11,53,25900
246,12,85,29100
246,13,64,31450
246,14,107,36100
246,15,98,40700
246,16,70,44150
246,17,118,49300
246,18,135,53100
246,19,95,56375
246,20,108,59925
246,21,102,63350
246,22,100,66450
246,23,99,69975
246,24,134,73900
246,25,120,77550
246,26,81,81175
247,1,61,3050
247,2,27,4400
247,3,93,8250
247,4,105,10250
247,5,95,14275
247,6,60,17275
247,7,60,19425
247,8,91,22325
247,9,79,24825
247,10,63,27850
247,11,67,30350
247,12,72,33950
247,13,68,37300
247,14,99,40725
247,15,103,44175
247,16,108,48800
247,17,87,51850
247,18,131,55750
247,19,92,60050
247,20,97,64675
247,21,98,69375
247,22,120,74975
247,23,61,77100
248,1,70,3500
248,2,120,6000
248,3,60,7325
248,4,59,10225
248,5,50,12575
248,6,92,16425
248,7,82,20450
248,8,70,23775
248,9,53,25675
248,10,101,30175
248,11,74,32675
248,12,127,36600
248,13,81,40575
248,14,71,43525
248,15,114,49025
248,16,99,53575
248,17,88,57875
248,18,100,62450
248,19,90,65700
248,20,119,71375
248,21,99,75725
248,22,145,79675
248,23,107,84650
248,24,122,90350
248,25,101,93925
249,1,60,3000
249,2,111,8400
249,3,47,10750
249,4,31,12250
249,5,38,13350
249,6,33,15000
249,7,55,17750
249,8,60,20675
249,9,48,22625
249,10,55,24700
249,11,117,28575
249,12,78,32350
249,13,13,32950
250,1,20,1200
250,2,51,2550
250,3,43,4675
250,4,103,9325
250,5,40,10675
250,6,70,13825
250,7,38,15600
250,8,55,18350
250,9,79,21225
250,10,65,23825
250,11,141,30425
250,12,61,33425
250,13,78,36200
250,14,71,38925
250,15,84,41725
250,16,91,45950
250,17,101,49075
250,18,112,54025
250,19,110,57725
250,20,82,61650
251,1,70,3500
251,2,102,5100
251,3,79,6375
251,4,49,7425
251,5,60,9000
251,6,88,11075
251,7,38,12725
251,8,100,16050
251,9,62,19125
251,10,59,21975
251,11,63,24150
251,12,59,27075
251,13,68,30375
251,14,84,33475
251,15,119,37125
251,16,85,41275
251,17,66,44250
252,1,77,3850
252,2,18,4950
252,3,25,6200
252,4,81,7125
252,5,70,10375
252,6,61,13350
252,7,65,16475
252,8,85,19175
252,9,66,21275
252,10,130,27450
252,11,77,30150
252,12,58,32675
252,13,63,35800
252,14,89,39925
252,15,91,43225
252,16,96,47775
252,17,87,51750
252,18,89,55100
252,19,21,56050
253,1,154,7700
253,2,95,11075
253,3,73,13775
253,4,63,16925
253,5,31,18475
253,6,80,22250
253,7,37,23400
253,8,52,25825
253,9,81,29775
253,10,52,31825
253,11,103,36275
253,12,71,39775
253,13,88,42925
253,14,68,46275
253,15,73,49775
253,16,86,53900
253,17,68,57225
254,1,145,7250
254,2,32,8250
254,3,66,9600
254,4,27,11150
254,5,36,12900
254,6,34,14575
254,7,67,17725
254,8,57,19900
254,9,52,22475
254,10,44,24425
255,1,90,4500
255,2,42,6550
255,3,71,9975
255,4,28,11575
255,5,93,14000
255,6,63,17075
255,7,41,19075
255,8,105,22675
255,9,75,25525
255,10,148,29725
255,11,149,33875
255,12,3,34225
256,1,74,3700
256,2,58,6500
256,3,67,8100
256,4,53,9475
256,5,44,11675
256,6,73,13525
256,7,64,16575
256,8,48,18525
256,9,55,21175
256,10,68,23775
256,11,71,26500
256,12,103,29775
256,13,65,32650
256,14,96,36750
256,15,92,41225
256,16,91,44400
256,17,85,48375
256,18,81,51250
256,19,86,54325
256,20,98,58350
256,21,103,63250
256,22,144,67250
256,23,100,71900
256,24,124,76625
256,25,65,79350
257,1,76,3800
257,2,60,6650
257,3,33,8300
257,4,65,11550
257,5,63,14550
257,6,59,17325
257,7,79,19975
257,8,53,22525
257,9,92,26625
257,10,66,29375
257,11,59,32200
257,12,64,34750
257,13,109,38425
257,14,68,41825
257,15,71,44775
257,16,71,48275
257,17,93,51725
257,18,117,57175
257,19,94,60725
257,20,104,65525
257,21,135,69525
257,22,119,74850
257,23,137,78875
257,24,141,85350
257,25,47,87600
258,1,53,2650
258,2,57,5500
258,3,98,7325
258,4,47,9525
258,5,62,12425
258,6,51,14900
258,7,68,17750
258,8,104,21200
258,9,68,23525
258,10,60,26450
258,11,63,28925
258,12,70,31525
258,13,84,35450
258,14,75,38125
258,15,92,42375
258,16,64,45000
259,1,91,4550
259,2,89,5500
259,3,140,10450
259,4,53,11550
259,5,40,13550
259,6,34,15050
259,7,65,18275
259,8,128,23450
259,9,85,27200
259,10,109,32275
259,11,62,35350
259,12,97,38850
259,13,65,41375
259,14,119,45150
259,15,75,48600
259,16,120,53575
259,17,112,57125
259,18,61,60125
260,1,80,4000
260,2,34,5425
260,3,27,6975
260,4,140,12775
260,5,122,15175
260,6,34,16100
260,7,76,18950
260,8,78,21775
260,9,115,27175
260,10,67,30425
260,11,78,34025
260,12,70,37525
260,13,73,41000
260,14,93,45525
260,15,124,49425
260,16,29,50775
261,1,59,2950
261,2,59,3450
261,3,22,4500
261,4,61,7525
261,5,58,9400
261,6,81,13400
261,7,48,15775
261,8,84,19900
261,9,59,22650
261,10,57,24850
261,11,76,28475
261,12,70,31700
261,13,89,34850
261,14,69,38225
261,15,71,41150
261,16,65,43750
262,1,58,2900
262,2,17,3950
262,3,83,8025
262,4,58,9500
262,5,124,11825
262,6,113,17050
262,7,43,18750
262,8,52,20375
262,9,60,23325
262,10,54,25300
262,11,82,29075
262,12,110,32275
262,13,97,35575
262,14,145,39525
262,15,97,42675
262,16,93,46025
262,17,124,51725
262,18,160,55775
262,19,81,59450
263,1,53,2650
263,2,92,6500
263,3,38,8400
263,4,95,12825
263,5,134,18650
263,6,134,20975
263,7,52,23250
263,8,72,25625
263,9,74,28800
263,10,100,33550
263,11,95,36825
263,12,71,39350
263,13,95,43550
263,14,112,48475
263,15,107,52075
263,16,80,55925
263,17,122,59775
263,18,131,65750
263,19,100,70100
263,20,121,73975
263,21,116,77675
263,22,99,81100
263,23,115,86375
263,24,113,89525
263,25,117,92900
263,26,133,96950
263,27,79,99800
264,1,29,1450
264,2,97,6000
264,3,69,9175
264,4,55,11800
264,5,47,14150
264,6,87,18450
264,7,54,21025
264,8,48,23375
264,9,98,26600
264,10,18,27500
265,1,90,4500
265,2,39,5125
265,3,32,6725
265,4,58,9400
265,5,115,14550
265,6,122,17225
265,7,43,19300
265,8,40,21275
265,9,50,23725
265,10,89,27975
265,11,55,30175
265,12,71,33500
265,13,105,37025
265,14,59,39375
266,1,117,5850
266,2,58,6825
266,3,55,7725
266,4,90,9850
266,5,54,12500
266,6,114,14925
266,7,79,17550
266,8,40,19550
266,9,45,21775
266,10,51,23775
266,11,113,27225
266,12,66,30400
266,13,71,33025
266,14,100,36225
266,15,97,39475
266,16,66,42700
267,1,14,900
267,2,35,2625
267,3,77,4050
267,4,73,7675
267,5,67,10900
267,6,61,13950
267,7,120,17175
267,8,146,23425
267,9,115,26450
267,10,83,30275
267,11,55,32825
267,12,103,36400
267,13,84,40075
267,14,72,43300
267,15,100,46675
267,16,73,50325
267,17,119,53900
267,18,87,58200
267,19,94,62450
267,20,109,66350
267,21,107,71075
267,22,99,75975
267,23,94,80650
268,1,41,2050
268,2,83,4150
268,3,94,8600
268,4,47,10900
268,5,88,13525
268,6,37,14625
268,7,151,21175
268,8,89,23950
268,9,70,26850
268,10,54,29550
268,11,60,32500
268,12,106,35725
268,13,97,40375
268,14,100,44750
268,15,93,48250
268,16,84,51425
268,17,75,55150
268,18,80,58675
268,19,89,62975
268,20,153,66975
268,21,97,70375
268,22,106,73575
268,23,118,78800
268,24,121,82325
268,25,111,85750
268,26,77,89425
269,1,30,1500
269,2,125,6250
269,3,29,7900
269,4,83,9775
269,5,92,11900
269,6,70,15275
269,7,77,18800
269,8,116,24375
269,9,86,27300
269,10,70,30775
269,11,85,34950
269,12,79,38650
269,13,101,42325
269,14,92,45400
269,15,76,49050
269,16,78,52700
269,17,69,55425
270,1,94,4700
270,2,60,6150
270,3,110,8125
270,4,137,13225
270,5,41,15225
270,6,52,17725
270,7,36,18725
270,8,68,22025
270,9,72,25400
270,10,62,28475
270,11,52,31025
270,12,59,32975
270,13,65,36225
270,14,87,40150
270,15,84,43200
270,16,83,46300
270,17,94,50575
270,18,97,53875
270,19,89,58225
270,20,115,61925
270,21,138,67275
270,22,47,69425
271,1,168,8400
271,2,123,14050
271,3,40,15800
271,4,41,17300
271,5,33,18300
271,6,33,19950
271,7,111,22750
271,8,45,24725
271,9,49,27150
271,10,125,31875
271,11,79,35275
271,12,62,38350
271,13,75,41875
271,14,109,46550
271,15,115,51275
271,16,66,54475
272,1,45,2250
272,2,24,2625
272,3,36,3325
272,4,49,5675
272,5,85,9575
272,6,42,11575
272,7,84,13700
272,8,40,15700
272,9,100,20375
272,10,86,24575
272,11,99,29350
272,12,73,32350
272,13,61,35150
272,14,112,40000
272,15,86,44025
272,16,85,48075
272,17,97,51125
272,18,92,54600
272,19,96,58225
272,20,90,62650
272,21,105,67325
272,22,97,71900
272,23,114,75550
272,24,101,80025
273,1,81,4050
273,2,126,9225
273,3,45,11400
273,4,46,12400
273,5,104,17425
273,6,69,20775
273,7,36,22575
273,8,102,25700
273,9,89,29900
273,10,52,31625
273,11,56,34350
273,12,55,37100
273,13,104,40550
273,14,72,44075
273,15,75,46875
273,16,74,50475
273,17,72,52950
274,1,23,1150
274,2,101,5050
274,3,61,6200
274,4,27,7550
274,5,60,10500
274,6,96,13075
274,7,86,17275
274,8,73,20300
274,9,112,25325
274,10,67,28600
274,11,102,33350
274,12,99,38100
274,13,73,40775
274,14,101,44075
274,15,107,47250
274,16,57,49325
275,1,41,2050
275,2,22,2475
275,3,52,3375
275,4,30,4875
275,5,78,8300
275,6,75,11950
275,7,51,14500
275,8,60,17225
275,9,57,19875
275,10,65,22875
275,11,54,25575
275,12,58,28350
275,13,75,30900
275,14,21,31700
276,1,81,4050
276,2,68,4900
276,3,94,9050
276,4,68,12350
276,5,67,15425
276,6,55,17000
276,7,45,18900
276,8,98,21725
276,9,107,24800
276,10,117,29625
276,11,63,32750
276,12,99,37550
276,13,64,40725
276,14,117,46375
276,15,118,51700
276,16,112,55275
276,17,71,58725
277,1,105,5250
277,2,137,11375
277,3,31,12875
277,4,51,15375
277,5,32,16925
277,6,44,19100
277,7,80,22850
277,8,58,24575
277,9,123,29300
277,10,59,32150
277,11,56,34925
277,12,71,38425
277,13,102,43100
277,14,79,46125
277,15,99,49250
277,16,89,53625
277,17,77,57300
277,18,89,60425
277,19,90,63325
277,20,94,67375
277,21,111,70900
277,22,96,75475
277,23,97,80100
278,1,59,2950
278,2,37,4800
278,3,110,7150
278,4,73,10450
278,5,120,12225
278,6,67,15550
278,7,42,17650
278,8,46,19225
278,9,50,21725
278,10,100,24925
278,11,64,27725
278,12,74,31300
278,13,61,34325
278,14,84,38250
278,15,80,41450
278,16,131,45275
278,17,135,49050
278,18,51,50950
279,1,151,7550
279,2,16,8350
279,3,76,10000
279,4,65,12900
279,5,68,16175
279,6,59,18050
279,7,61,20975
279,8,96,25450
279,9,49,27875
279,10,53,30525
279,11,91,34575
279,12,106,39725
279,13,62,42600
279,14,68,45825
279,15,80,49775
279,16,100,54225
279,17,82,57700
279,18,88,61125
279,19,87,64300
279,20,95,68575
279,21,156,73050
279,22,104,77500
279,23,108,82750
279,24,105,86650
279,25,113,89950
279,26,117,95100
279,27,118,98525
279,28,121,102300
279,29,124,107275
279,30,150,111350
279,31,134,115050
279,32,103,118850
280,1,97,4850
280,2,78,8600
280,3,49,10925
280,4,73,14200
280,5,35,15950
280,6,138,18350
280,7,51,20875
280,8,85,23425
280,9,55,26175
280,10,107,29575
280,11,74,33050
280,12,77,36000
280,13,60,39000
280,14,63,42100
280,15,123,45900
280,16,103,49300
280,17,71,52125
281,1,62,3100
281,2,46,4300
281,3,22,5575
281,4,65,8700
281,5,71,12250
281,6,139,15150
281,7,103,18050
281,8,77,20475
281,9,60,23450
281,10,98,26750
281,11,71,30275
281,12,120,35700
281,13,93,40250
281,14,99,43600
281,15,107,48150
281,16,141,52125
281,17,83,55975
281,18,102,60300
281,19,99,64950
281,20,104,69925
281,21,96,73375
281,22,93,76250
282,1,50,2500
282,2,75,6200
282,3,101,10775
282,4,84,12300
282,5,39,14200
282,6,98,18900
282,7,127,24350
282,8,61,27100
282,9,99,31600
282,10,121,37175
282,11,89,41425
282,12,97,44900
282,13,82,47875
282,14,98,52250
282,15,88,56425
282,16,68,59650
283,1,56,2800
283,2,138,8475
283,3,90,12850
283,4,85,16750
283,5,108,19625
283,6,52,22225
283,7,49,24675
283,8,66,27100
283,9,64,29700
283,10,59,32600
283,11,104,36200
283,12,93,39325
283,13,94,42150
283,14,74,45825
283,15,125,49750
283,16,76,53300
283,17,80,57050
283,18,93,61550
283,19,94,65000
283,20,116,68325
283,21,112,73750
283,22,97,76850
283,23,107,80725
283,24,105,84275
283,25,122,88150
283,26,69,90900
284,1,151,7550
284,2,60,10400
284,3,32,11975
284,4,29,13425
284,5,43,15525
284,6,38,17400
284,7,92,21700
284,8,65,24375
284,9,26,25675
285,1,105,5250
285,2,33,6875
285,3,154,8500
285,4,39,10400
285,5,46,12625
285,6,61,15450
285,7,67,18500
285,8,55,20750
285,9,97,25300
285,10,54,27375
285,11,31,28875
286,1,66,3300
286,2,29,4650
286,3,73,6275
286,4,30,7975
286,5,32,8775
286,6,117,13725
286,7,60,16475
286,8,127,21975
286,9,48,23725
286,10,132,29200
286,11,75,32625
286,12,113,37550
286,13,70,40875
286,14,106,44450
286,15,119,47925
286,16,116,51825
286,17,111,56575
286,18,56,58950
287,1,82,4100
287,2,48,6500
287,3,40,8475
287,4,60,11400
287,5,32,13000
287,6,37,14700
287,7,94,19225
287,8,87,23400
287,9,88,26250
287,10,67,29550
287,11,98,33975
287,12,61,36925
287,13,123,40175
287,14,94,44525
287,15,123,48175
287,16,78,51350
287,17,97,55950
287,18,77,58350
288,1,97,4850
288,2,41,6850
288,3,70,8200
288,4,25,9650
288,5,35,11400
288,6,33,13050
288,7,123,17850
288,8,92,20825
288,9,79,24200
288,10,100,27125
288,11,64,29850
288,12,67,32050
288,13,79,35825
288,14,84,39875
288,15,135,43650
288,16,97,48150
288,17,83,52200
288,18,87,55100
288,19,108,60125
288,20,87,63500
288,21,112,68600
288,22,104,71975
288,23,91,75525
289,1,111,5550
289,2,105,6900
289,3,57,9600
289,4,79,11400
289,5,42,13500
289,6,63,16450
289,7,88,20250
289,8,58,23150
289,9,65,26400
289,10,81,30275
289,11,80,34200
289,12,65,37000
289,13,66,40300
289,14,73,43100
289,15,131,47050
289,16,78,50825
289,17,111,56075
289,18,92,58875
289,19,73,61825
290,1,44,2200
290,2,45,4450
290,3,82,7975
290,4,89,11125
290,5,71,14625
290,6,75,17675
290,7,120,22875
290,8,52,25475
290,9,65,27950
290,10,49,30075
290,11,84,33875
290,12,72,37300
290,13,87,40450
290,14,89,44475
290,15,78,48375
290,16,78,51275
290,17,108,55625
290,18,87,59700
290,19,130,63425
290,20,98,68125
290,21,118,71650
290,22,61,74400
291,1,51,2550
291,2,56,5200
291,3,50,7600
291,4,93,11925
291,5,128,17675
291,6,38,19575
291,7,48,21350
291,8,75,24150
291,9,69,27300
291,10,88,31350
291,11,64,33600
291,12,75,37275
291,13,65,40225
291,14,76,43250
291,15,98,47625
291,16,87,51875
291,17,123,55425
291,18,108,60450
291,19,17,61300
292,1,46,2300
292,2,121,6700
292,3,53,9300
292,4,62,12350
292,5,112,15325
292,6,73,18900
292,7,78,22650
292,8,48,25025
292,9,8,25425
293,1,103,5150
293,2,23,6475
293,3,103,11425
293,4,49,13825
293,5,87,17700
293,6,34,19375
293,7,65,21600
293,8,90,23975
293,9,56,26750
293,10,71,29325
293,11,55,32075
293,12,101,36925
293,13,0,37125
294,1,46,2300
294,2,128,7825
294,3,94,9550
294,4,37,11400
294,5,71,14575
294,6,48,16400
294,7,82,19050
294,8,47,21375
294,9,127,25200
294,10,68,28500
294,11,51,30850
294,12,61,33850
294,13,82,36800
294,14,89,41225
294,15,110,46125
294,16,85,49950
294,17,79,53550
294,18,122,59525
294,19,93,62800
294,20,124,66825
294,21,103,71375
294,22,133,75325
294,23,115,78950
294,24,108,83700
294,25,41,85400
295,1,30,1500
295,2,29,3150
295,3,43,5225
295,4,65,6850
295,5,41,8775
295,6,63,11775
295,7,94,16125
295,8,90,20050
295,9,51,22550
295,10,58,25425
295,11,60,28350
295,12,128,34300
295,13,101,39225
295,14,69,42575
295,15,99,46125
295,16,93,49475
295,17,118,54775
295,18,100,58400
295,19,6,58700
296,1,55,2750
296,2,29,4200
296,3,137,10400
296,4,41,12450
296,5,79,14550
296,6,70,16600
296,7,54,19225
296,8,87,23375
296,9,88,27675
296,10,105,31300
296,11,83,33825
296,12,65,37025
296,13,101,40700
296,14,69,43975
296,15,149,47900
296,16,139,51825
296,17,129,57575
296,18,100,62050
296,19,98,65500
296,20,87,69450
296,21,138,73250
296,22,101,76675
296,23,60,79600
297,1,106,5300
297,2,89,9125
297,3,33,10350
297,4,38,12200
297,5,73,15400
297,6,56,17475
297,7,44,19575
297,8,52,21375
297,9,85,24175
297,10,61,26325
297,11,102,31200
297,12,64,34375
297,13,80,38275
297,14,113,41950
297,15,93,46150
297,16,87,50375
297,17,84,53250
297,18,84,57125
297,19,97,61650
297,20,93,66050
297,21,92,70400
297,22,62,72725
298,1,75,3750
298,2,37,5550
298,3,91,9825
298,4,84,13950
298,5,80,17600
298,6,140,20575
298,7,99,25425
298,8,90,29300
298,9,97,32625
298,10,76,35150
298,11,117,38925
298,12,99,43725
298,13,79,46850
298,14,59,49550
299,1,71,3550
299,2,28,4650
299,3,55,7325
299,4,68,10625
299,5,44,12525
299,6,49,14225
299,7,79,17925
299,8,156,25275
299,9,47,27550
299,10,109,30900
299,11,95,34150
299,12,61,36900
299,13,83,40950
299,14,87,44100
299,15,96,48000
299,16,86,52125
299,17,115,57475
299,18,69,60125
300,1,60,3000
300,2,56,5800
300,3,131,11800
300,4,86,13050
300,5,149,19425
300,6,66,20950
300,7,100,23525
300,8,96,28250
300,9,45,30175
300,10,77,33125
300,11,96,36650
300,12,68,39975
300,13,77,42675
300,14,73,46225
300,15,108,50800
300,16,79,54575
300,17,140,60400
300,18,82,64250
300,19,116,69550
300,20,118,75250
300,21,93,78700
300,22,104,82175
300,23,114,87450
300,24,154,94275
300,25,103,99000
301,1,143,7150
301,2,95,10700
301,3,135,12925
301,4,32,14500
301,5,110,19650
301,6,106,24500
301,7,120,29900
301,8,100,33900
301,9,57,36725
301,10,52,39300
301,11,104,42950
301,12,83,45900
301,13,66,49150
301,14,90,51900
301,15,85,56075
301,16,103,59625
301,17,86,62925
301,18,81,66925
301,19,104,71900
301,20,74,74750
302,1,67,3350
302,2,54,3850
302,3,69,7275
302,4,83,11275
302,5,41,13250
302,6,69,16675
302,7,56,19300
302,8,62,21375
302,9,67,24675
302,10,45,26875
303,1,81,4050
303,2,91,8300
303,3,25,9450
303,4,70,12925
303,5,115,18200
303,6,38,20075
303,7,77,23600
303,8,69,27025
303,9,60,29900
303,10,91,33525
303,11,114,37175
303,12,75,40750
303,13,59,43275
303,14,82,47200
303,15,89,50775
303,16,80,54250
303,17,96,57200
303,18,92,60425
303,19,130,66150
303,20,66,68825
304,1,58,2900
304,2,32,4625
304,3,43,6750
304,4,92,9000
304,5,47,10925
304,6,63,14075
304,7,51,16550
304,8,60,19550
304,9,52,21775
304,10,135,25625
304,11,106,28900
304,12,58,31675
304,13,74,34525
304,14,66,37800
304,15,87,41050
304,16,96,44175
304,17,89,47350
304,18,88,51150
304,19,133,55000
304,20,109,58675
304,21,96,62125
304,22,117,65750
304,23,132,69650
304,24,56,72125
305,1,64,3200
305,2,27,4500
305,3,43,5875
305,4,56,7550
305,5,112,9450
305,6,36,10375
305,7,94,13575
305,8,82,17350
305,9,92,20850
305,10,63,23900
305,11,88,27975
305,12,68,31025
305,13,101,35925
305,14,73,39575
305,15,103,44275
305,16,86,47950
305,17,103,50950
305,18,87,55225
305,19,114,58600
305,20,104,61900
305,21,106,66525
305,22,100,71325
305,23,113,76300
305,24,106,79850
305,25,135,83875
305,26,121,87500
305,27,129,91200
305,28,153,95175
305,29,116,98275
306,1,30,1500
306,2,36,3275
306,3,66,5925
306,4,56,7275
306,5,34,8975
306,6,73,12525
306,7,76,16300
306,8,42,17925
306,9,53,20475
306,10,88,23850
306,11,127,27900
306,12,77,31200
306,13,110,34950
306,14,62,37250
306,15,74,40850
306,16,94,45350
306,17,95,49650
306,18,96,54100
306,19,102,58750
306,20,112,62000
306,21,94,65250
306,22,106,70350
306,23,116,75525
306,24,118,79150
306,25,167,83250
306,26,110,87625
306,27,115,91350
306,28,91,94350
307,1,63,3150
307,2,35,4850
307,3,79,6475
307,4,25,7925
307,5,43,9375
307,6,56,11200
307,7,70,14650
307,8,91,18900
307,9,77,22375
307,10,104,27375
307,11,61,29425
307,12,89,33550
307,13,73,36750
307,14,104,40375
307,15,89,44425
307,16,101,48875
307,17,76,52625
307,18,143,56550
307,19,92,59850
307,20,61,62200
308,1,17,1050
308,2,74,4700
308,3,76,5850
308,4,73,9475
308,5,57,12325
308,6,63,14225
308,7,41,16025
308,8,53,17950
308,9,56,20725
308,10,74,23550
308,11,62,26200
308,12,81,30000
308,13,79,33000
308,14,77,36750
308,15,75,39525
308,16,100,43950
308,17,93,48350
308,18,141,52300
308,19,87,56625
308,20,1,56875
309,1,32,1600
309,2,39,2125
309,3,28,3500
309,4,52,5025
309,5,61,7875
309,6,86,12075
309,7,127,17975
309,8,91,22200
309,9,66,25500
309,10,52,28075
309,11,68,31475
309,12,57,34125
309,13,154,38100
309,14,66,41400
309,15,83,44550
309,16,87,48375
309,17,84,52550
309,18,92,55400
309,19,90,59700
309,20,77,63550
310,1,32,1600
310,2,39,3550
310,3,39,5475
310,4,114,9200
310,5,86,13325
310,6,71,15025
310,7,116,19475
310,8,95,23950
310,9,7,24300
311,1,50,2500
311,2,88,6575
311,3,100,11000
311,4,111,15775
311,5,139,18150
311,6,48,20525
311,7,56,23225
311,8,55,25950
311,9,45,28125
311,10,64,30500
311,11,86,33825
311,12,57,36650
311,13,84,39575
311,14,78,43375
311,15,131,48975
311,16,80,51650
311,17,88,55675
311,18,113,59525
311,19,139,63350
311,20,132,68925
311,21,95,73600
311,22,100,77875
311,23,36,79675
312,1,52,2600
312,2,44,3325
312,3,80,5100
312,4,112,7100
312,5,108,9550
312,6,34,11250
312,7,104,14050
312,8,124,19625
312,9,63,22250
312,10,57,25100
312,11,55,27850
312,12,106,31550
312,13,120,37225
312,14,65,40425
312,15,91,44500
312,16,83,48225
312,17,80,51375
312,18,96,55025
312,19,114,60000
312,20,91,63225
312,21,126,68000
312,22,94,71425
312,23,127,75225
312,24,92,78475
313,1,118,5900
313,2,23,6600
313,3,63,7575
313,4,129,12775
313,5,52,15325
313,6,73,18775
313,7,60,20725
313,8,65,23925
313,9,81,27850
313,10,50,30350
313,11,94,34050
313,12,109,37175
313,13,64,39525
313,14,101,43450
313,15,107,46925
313,16,85,50100
313,17,55,52125
314,1,60,3000
314,2,75,4100
314,3,97,7750
314,4,28,9125
314,5,117,13450
314,6,54,16125
314,7,158,19700
314,8,70,23025
314,9,52,25600
314,10,60,28600
314,11,96,32175
314,12,88,36500
314,13,72,39950
314,14,83,43325
314,15,88,46575
314,16,88,50925
314,17,78,54550
314,18,96,57800
314,19,100,62050
314,20,131,66075
314,21,104,69625
314,22,110,73475
314,23,111,78300
314,24,109,82150
314,25,121,86050
314,26,137,91975
314,27,123,95775
314,28,135,99725
314,29,56,102325
315,1,56,2800
315,2,28,4175
315,3,63,6600
315,4,108,8475
315,5,72,10675
315,6,62,12000
315,7,93,15100
315,8,68,18200
315,9,47,20550
315,10,131,24625
315,11,74,27475
315,12,71,31000
315,13,103,35500
315,14,89,39750
315,15,88,43000
315,16,110,46450
315,17,92,50025
315,18,83,54025
315,19,98,58525
315,20,110,62350
315,21,118,66000
315,22,124,69750
315,23,110,74800
315,24,81,77875
316,1,39,1950
316,2,58,3175
316,3,79,4500
316,4,55,5975
316,5,65,7600
316,6,96,12350
316,7,131,18350
316,8,41,20375
316,9,104,25275
316,10,97,28575
316,11,61,31600
316,12,94,34775
316,13,89,39175
316,14,118,44625
316,15,82,47650
316,16,124,52175
316,17,98,55750
316,18,89,59875
316,19,94,64300
316,20,20,65200
317,1,25,1250
317,2,131,6800
317,3,72,10200
317,4,63,13000
317,5,102,17825
317,6,54,20475
317,7,70,22750
317,8,100,25900
317,9,108,29475
317,10,51,31950
317,11,58,34250
317,12,74,37550
317,13,98,41000
317,14,131,46775
317,15,105,51850
317,16,76,54825
317,17,88,58850
317,18,94,62375
317,19,130,67875
317,20,92,71075
317,21,14,71775
318,1,66,3300
318,2,69,6725
318,3,86,10850
318,4,152,17450
318,5,32,19050
318,6,41,20500
318,7,51,23000
318,8,67,26200
318,9,49,28625
318,10,61,31650
318,11,69,34150
318,12,57,36425
318,13,39,38100
319,1,115,5750
319,2,35,7425
319,3,92,8925
319,4,29,10375
319,5,36,11425
319,6,34,12925
319,7,54,15500
319,8,56,17425
319,9,44,19425
319,10,50,21700
319,11,123,25450
319,12,81,28950
319,13,112,33450
319,14,106,38150
319,15,79,41625
319,16,81,44725
319,17,84,48775
319,18,109,52400
319,19,99,57050
319,20,43,58975
320,1,131,6550
320,2,99,10750
320,3,109,12925
320,4,65,15650
320,5,77,17875
320,6,57,20550
320,7,48,22725
320,8,84,26850
320,9,136,32700
320,10,55,34975
320,11,74,37725
320,12,79,41550
320,13,85,45650
320,14,95,50200
320,15,96,53625
320,16,117,58750
320,17,95,62425
320,18,34,63850
321,1,70,3500
321,2,32,5300
321,3,36,7050
321,4,96,11375
321,5,114,16400
321,6,58,19025
321,7,59,21975
321,8,54,24175
321,9,80,27975
321,10,70,30425
321,11,67,33750
321,12,67,36125
321,13,149,39925
321,14,2,40225
322,1,38,1900
322,2,77,5575
322,3,53,8100
322,4,41,9325
322,5,33,10925
322,6,91,15350
322,7,61,18075
322,8,40,19300
322,9,51,21725
322,10,70,24450
322,11,111,29725
322,12,75,33125
322,13,75,35925
322,14,86,38825
322,15,86,42000
322,16,80,45700
322,17,89,49625
322,18,126,54800
322,19,83,58725
322,20,63,61075
323,1,42,2100
323,2,86,5525
323,3,37,7350
323,4,80,11000
323,5,85,15025
323,6,90,19375
323,7,127,22550
323,8,93,25225
323,9,99,29800
323,10,59,32750
323,11,75,35625
323,12,42,37350
324,1,92,4600
324,2,73,8250
324,3,82,11825
324,4,50,14150
324,5,30,15650
324,6,52,17450
324,7,94,20400
324,8,78,22900
324,9,44,24725
324,10,62,27325
324,11,68,30175
324,12,107,33725
324,13,120,38100
324,14,97,42225
324,15,91,46650
324,16,73,49100
324,17,109,54325
324,18,124,59750
324,19,117,63175
324,20,97,66625
324,21,114,69525
324,22,101,72950
324,23,115,78075
324,24,124,81450
324,25,116,86100
324,26,134,90100
324,27,131,94025
324,28,121,98375
324,29,128,102350
324,30,116,105975
325,1,74,3700
325,2,45,4575
325,3,51,7000
325,4,101,9350
325,5,28,10950
325,6,53,13375
325,7,74,17000
325,8,94,21575
325,9,65,24725
325,10,72,28275
325,11,59,30100
325,12,80,33825
325,13,82,37900
325,14,98,41075
325,15,99,45375
325,16,79,48600
325,17,78,52500
325,18,97,57200
325,19,55,59050
326,1,117,5850
326,2,85,9925
326,3,74,11075
326,4,128,16425
326,5,72,18525
326,6,42,20475
326,7,32,21750
327,1,31,1550
327,2,23,2900
327,3,65,5850
327,4,51,8350
327,5,79,12125
327,6,69,15325
327,7,151,18950
327,8,65,22200
327,9,53,24350
327,10,52,26625
327,11,105,30425
327,12,81,33375
327,13,73,36175
327,14,104,41125
327,15,100,44375
327,16,91,47450
327,17,83,51550
327,18,110,56025
327,19,110,59775
327,20,102,63400
327,21,95,68025
327,22,121,71925
327,23,107,75700
327,24,89,78925
328,1,27,1550
328,2,17,2600
328,3,39,4225
328,4,70,7700
328,5,41,9725
328,6,50,12175
328,7,46,14350
328,8,97,18800
328,9,57,21325
328,10,72,24475
328,11,87,28550
328,12,74,31900
328,13,59,34800
328,14,76,38500
328,15,93,42050
328,16,79,45800
328,17,95,49275
328,18,110,52850
328,19,102,56150
328,20,108,59975
328,21,157,63975
328,22,103,68725
328,23,107,73100
328,24,60,76000
329,1,25,1250
329,2,65,4300
329,3,20,5500
329,4,62,8450
329,5,54,11125
329,6,60,14000
329,7,93,16925
329,8,59,19675
329,9,89,23725
329,10,85,27700
329,11,62,30775
329,12,48,32825
330,1,119,5950
330,2,35,6550
330,3,145,8450
330,4,88,10125
330,5,60,13000
330,6,33,14550
330,7,86,17150
330,8,67,20450
330,9,76,24200
330,10,71,27700
330,11,82,31750
330,12,77,34175
330,13,90,38175
330,14,1,38300
331,1,120,6000
331,2,40,6775
331,3,93,11375
331,4,31,12900
331,5,100,15475
331,6,48,17875
331,7,39,19225
331,8,76,21825
331,9,93,25150
331,10,75,27700
331,11,133,33800
331,12,61,36625
331,13,94,40125
331,14,82,44125
331,15,71,47450
331,16,88,50550
331,17,101,54850
331,18,91,58150
331,19,48,60500
332,1,62,3100
332,2,96,7550
332,3,40,8375
332,4,57,9500
332,5,78,13200
332,6,63,16325
332,7,90,20500
332,8,75,24125
332,9,70,26475
332,10,84,29750
332,11,53,32225
332,12,62,35300
332,13,80,38575
332,14,100,42000
332,15,82,45600
332,16,62,48675
333,1,89,4450
333,2,44,5150
333,3,86,6650
333,4,24,8050
333,5,36,9850
333,6,78,13575
333,7,139,19300
333,8,68,22425
333,9,128,26400
333,10,74,30000
333,11,104,34925
333,12,101,37825
333,13,69,40400
333,14,73,44050
333,15,116,47650
333,16,80,51450
333,17,106,55025
333,18,88,59125
333,19,96,62275
333,20,82,65025
334,1,45,2250
334,2,64,5325
334,3,102,9900
334,4,28,11500
334,5,84,15450
334,6,36,16450
334,7,71,19875
334,8,47,21825
334,9,52,23750
334,10,115,27125
334,11,95,30525
334,12,104,33925
334,13,82,37675
334,14,91,41375
334,15,148,45100
334,16,50,47150
335,1,41,2050
335,2,145,7250
335,3,78,8925
335,4,55,10625
335,5,117,13450
335,6,101,18325
335,7,65,21525
335,8,42,23625
335,9,58,26400
335,10,133,32000
335,11,61,34275
335,12,84,38275
335,13,81,42175
335,14,118,47375
335,15,89,51650
335,16,101,56200
335,17,93,60450
335,18,127,66050
335,19,48,68250
336,1,102,5100
336,2,48,5850
336,3,82,9300
336,4,81,13075
336,5,90,16775
336,6,90,19275
336,7,91,23300
336,8,86,27200
336,9,78,31075
336,10,106,34675
336,11,73,38050
336,12,71,41400
336,13,83,45025
336,14,103,49850
336,15,95,53450
336,16,84,57100
336,17,89,61175
336,18,93,64350
336,19,105,69325
336,20,92,72700
336,21,25,73800
337,1,97,4850
337,2,26,6325
337,3,89,9750
337,4,29,10625
337,5,40,12450
337,6,107,16800
337,7,108,20275
337,8,84,24325
337,9,53,26975
337,10,73,30425
337,11,122,34300
337,12,75,37925
337,13,170,41950
337,14,68,45175
337,15,75,48775
337,16,77,52575
337,17,111,58075
337,18,105,61750
337,19,94,65250
337,20,103,70300
337,21,30,71775
338,1,45,2250
338,2,85,5950
338,3,53,8375
338,4,92,10825
338,5,77,14425
338,6,62,17325
338,7,52,19900
338,8,60,22875
338,9,125,27100
338,10,73,30450
338,11,52,32975
338,12,98,36575
338,13,116,40275
338,14,98,44750
338,15,119,50350
338,16,131,56525
338,17,68,59875
339,1,39,1950
339,2,41,2800
339,3,69,4400
339,4,39,6350
339,5,99,11250
339,6,96,13575
339,7,78,17025
339,8,68,19575
339,9,49,22025
339,10,66,24950
339,11,92,29025
339,12,69,31950
339,13,98,36750
339,14,95,41350
339,15,130,45325
339,16,98,48625
339,17,96,53050
339,18,103,58000
339,19,84,61900
339,20,104,65475
339,21,98,69550
339,22,98,72825
339,23,114,76500
339,24,114,80075
339,25,127,83950
339,26,64,86550
340,1,101,5050
340,2,118,10400
340,3,90,14675
340,4,23,15725
340,5,45,17925
340,6,111,21325
340,7,47,23650
340,8,64,26000
340,9,63,29125
340,10,84,32975
340,11,138,38450
340,12,69,41900
340,13,69,45125
340,14,141,48850
340,15,109,52375
340,16,8,52675
341,1,130,6500
341,2,154,7725
341,3,102,11775
341,4,92,13175
341,5,89,17125
341,6,40,18400
341,7,55,20925
341,8,61,23125
341,9,43,25125
341,10,83,27925
341,11,84,31950
341,12,67,34550
341,13,81,38225
341,14,71,41700
341,15,74,44650
341,16,63,46925
342,1,44,2200
342,2,100,6500
342,3,76,7875
342,4,33,8825
342,5,55,11475
342,6,62,14250
342,7,53,16850
342,8,56,19600
342,9,48,21975
342,10,70,24175
342,11,77,27250
342,12,80,30125
342,13,72,32850
342,14,66,35875
342,15,76,39575
342,16,75,43300
342,17,75,46975
342,18,108,51925
342,19,127,55750
342,20,73,58825
343,1,61,3050
343,2,66,4200
343,3,81,8100
343,4,62,10975
343,5,120,15600
343,6,42,17700
343,7,102,22475
343,8,129,28525
343,9,74,31000
343,10,67,33750
343,11,83,37700
343,12,69,40825
343,13,76,43500
343,14,84,47425
343,15,72,50100
343,16,101,53875
343,17,80,56425
343,18,148,62700
343,19,103,66375
343,20,115,69950
343,21,105,73500
343,22,90,76625
344,1,115,5750
344,2,71,9050
344,3,32,10000
344,4,82,13925
344,5,49,16050
344,6,31,17600
344,7,132,22900
344,8,48,25200
344,9,67,28425
344,10,59,31275
344,11,81,34125
344,12,113,39175
344,13,82,43125
344,14,71,45850
344,15,70,48950
344,16,73,51500
344,17,111,56225
344,18,88,60575
344,19,94,64750
344,20,94,69375
344,21,131,73500
344,22,114,77000
344,23,111,80400
344,24,111,84600
344,25,127,89775
344,26,109,94750
345,1,41,2050
345,2,27,3375
345,3,65,4575
345,4,50,7050
345,5,60,8875
345,6,94,11325
345,7,54,13475
345,8,39,15400
345,9,118,20775
345,10,160,25000
345,11,67,28000
345,12,71,31525
345,13,93,34900
345,14,84,38250
345,15,90,41375
345,16,114,46725
345,17,95,50875
345,18,94,55225
345,19,118,59125
345,20,110,64450
345,21,98,68350
345,22,110,73325
345,23,95,76800
346,1,71,3550
346,2,89,7550
346,3,59,9200
346,4,37,11025
346,5,56,13800
346,6,56,16525
346,7,44,18200
346,8,58,20675
346,9,129,24725
346,10,51,26925
346,11,69,30275
346,12,15,30975
347,1,33,1650
347,2,122,6100
347,3,78,9550
347,4,139,11175
347,5,97,13100
347,6,43,15250
347,7,129,20600
347,8,82,24450
347,9,76,28000
347,10,56,30675
347,11,91,34100
347,12,59,36950
347,13,84,41000
347,14,89,45200
347,15,98,49950
347,16,71,53500
347,17,128,59250
347,18,89,62525
347,19,89,66875
347,20,87,71025
347,21,115,75925
347,22,103,79325
347,23,115,84475
347,24,93,87550
348,1,48,2400
348,2,24,3800
348,3,75,4400
348,4,66,6350
348,5,136,12150
348,6,49,14575
348,7,39,16450
348,8,66,19675
348,9,96,24075
348,10,81,27425
348,11,68,30800
348,12,89,33600
348,13,82,36875
348,14,70,39425
348,15,94,43025
348,16,97,46450
348,17,82,50000
348,18,94,54425
348,19,115,59675
348,20,115,64625
348,21,117,68350
348,22,7,68700
349,1,67,3350
349,2,64,3925
349,3,41,5925
349,4,122,7625
349,5,121,12625
349,6,106,17575
349,7,113,20950
349,8,46,23225
349,9,91,26375
349,10,60,29375
349,11,56,31800
349,12,76,35275
349,13,113,38575
349,14,146,42050
349,15,90,44950
349,16,78,47800
349,17,88,51225
349,18,120,56675
349,19,91,61075
349,20,93,65575
349,21,92,68900
349,22,104,73550
349,23,106,77150
349,24,111,81225
349,25,111,86475
349,26,106,90150
350,1,20,1000
350,2,51,3425
350,3,85,4900
350,4,38,6800
350,5,44,8900
350,6,41,9825
350,7,112,14900
350,8,54,16900
350,9,115,20650
350,10,122,25775
350,11,77,29575
350,12,54,32025
350,13,71,34650
350,14,66,37925
350,15,79,41875
350,16,70,44550
350,17,94,48125
350,18,84,52150
350,19,115,57500
350,20,105,62125
350,21,114,65900
350,22,93,69250
351,1,73,3650
351,2,34,4200
351,3,62,4875
351,4,77,8600
351,5,87,11275
351,6,117,16300
351,7,62,19150
351,8,75,21675
351,9,52,24250
351,10,64,26400
351,11,59,29325
351,12,60,32325
351,13,76,35775
351,14,79,38900
351,15,69,42225
351,16,73,45725
351,17,86,49850
351,18,98,54350
351,19,83,58400
351,20,106,61850
351,21,97,66350
351,22,102,69850
351,23,39,71650
352,1,44,2200
352,2,27,3550
352,3,62,6225
352,4,36,7875
352,5,56,10325
352,6,39,12275
352,7,72,15750
352,8,58,17775
352,9,91,21275
352,10,52,23150
352,11,54,25825
352,12,107,30775
352,13,105,35625
352,14,96,38800
352,15,74,42450
352,16,132,48350
352,17,77,52125
352,18,60,54725
353,1,32,1600
353,2,56,2800
353,3,84,6925
353,4,124,12250
353,5,104,16000
353,6,63,19125
353,7,95,23625
353,8,47,25950
353,9,48,28350
353,10,104,33100
353,11,72,36600
353,12,59,39100
353,13,80,43025
353,14,103,47900
353,15,111,53075
353,16,9,53675
354,1,87,4350
354,2,79,8175
354,3,134,13625
354,4,128,14800
354,5,35,16550
354,6,40,17900
354,7,68,21250
354,8,79,24700
354,9,124,28625
354,10,116,33825
354,11,57,36050
354,12,72,38650
354,13,81,42675
354,14,72,45375
354,15,135,50900
354,16,84,54925
354,17,99,58350
354,18,118,63775
354,19,75,66975
355,1,122,6100
355,2,26,7250
355,3,61,10100
355,4,82,13650
355,5,57,15375
355,6,44,17575
355,7,42,19675
355,8,128,24750
355,9,56,27475
355,10,115,32325
355,11,118,36975
355,12,112,40275
355,13,67,43075
355,14,100,46350
355,15,76,49225
355,16,82,52000
355,17,102,55500
355,18,102,60250
355,19,118,64900
355,20,108,69600
355,21,88,73325
356,1,44,2200
356,2,133,7725
356,3,36,9475
356,4,24,10675
356,5,61,13525
356,6,37,15350
356,7,100,18500
356,8,48,20900
356,9,99,25525
356,10,63,28025
356,11,60,30900
356,12,57,33575
356,13,51,36025
357,1,113,5650
357,2,46,7950
357,3,92,12375
357,4,34,14075
357,5,62,15925
357,6,69,19225
357,7,108,21975
357,8,86,25950
357,9,89,28800
357,10,117,33300
357,11,124,38225
357,12,50,40500
358,1,131,6550
358,2,44,7325
358,3,46,9500
358,4,58,12375
358,5,56,15150
358,6,40,16250
358,7,58,18475
358,8,64,21250
358,9,64,23750
358,10,76,26550
358,11,64,28800
358,12,95,33275
358,13,68,36525
358,14,95,39925
358,15,70,42375
358,16,98,46575
358,17,84,50000
358,18,97,53900
358,19,128,57650
358,20,89,60950
358,21,53,63300
359,1,60,3000
359,2,108,7625
359,3,84,9025
359,4,63,11975
359,5,99,16250
359,6,62,19150
359,7,41,21200
359,8,142,28025
359,9,125,32000
359,10,79,35775
359,11,88,40025
359,12,130,45650
359,13,108,49000
359,14,114,54175
359,15,85,57100
359,16,88,60325
359,17,83,64300
359,18,95,67525
359,19,122,72900
359,20,117,76625
359,21,61,78600
360,1,65,3250
360,2,108,7975
360,3,50,9075
360,4,108,10950
360,5,135,13675
360,6,54,16350
360,7,88,19200
360,8,38,20500
360,9,92,24125
360,10,118,27500
360,11,20,28675
361,1,122,6100
361,2,34,7800
361,3,108,8875
361,4,61,10525
361,5,90,14600
361,6,52,16450
361,7,128,19275
361,8,64,22475
361,9,44,24575
361,10,91,28975
361,11,73,32525
361,12,76,35900
361,13,62,38975
361,14,76,42750
361,15,116,46275
361,16,123,51750
361,17,90,54850
361,18,98,59675
361,19,151,63650
361,20,40,65650
362,1,150,7500
362,2,109,11975
362,3,28,12275
362,4,53,13625
362,5,63,15325
362,6,33,16975
362,7,102,21725
362,8,83,25475
362,9,53,27575
362,10,111,32150
362,11,69,35600
362,12,69,38925
362,13,88,43175
362,14,124,47075
362,15,73,50650
362,16,85,53425
362,17,139,56950
362,18,80,60775
362,19,100,64175
362,20,118,69100
362,21,97,73425
362,22,84,76725
363,1,117,5850
363,2,72,9275
363,3,23,10625
363,4,26,11925
363,5,41,13950
363,6,56,16675
363,7,88,20750
363,8,71,24100
363,9,54,26800
363,10,84,30375
363,11,81,34050
363,12,72,37225
363,13,65,40400
363,14,81,43525
363,15,109,46900
363,16,99,51650
363,17,89,54450
363,18,100,59275
363,19,132,63075
363,20,88,66600
363,21,105,71525
363,22,112,75950
363,23,121,79800
363,24,123,85850
363,25,136,91600
363,26,96,94725
364,1,77,3850
364,2,139,10025
364,3,22,10675
364,4,58,12200
364,5,42,13475
364,6,72,15675
364,7,127,21600
364,8,51,24150
364,9,63,27275
364,10,67,30525
364,11,72,33225
364,12,59,36150
364,13,63,38525
364,14,119,43925
364,15,83,47775
364,16,103,51400
364,17,89,55650
364,18,95,58750
364,19,100,63175
364,20,125,66925
364,21,110,72300
364,22,87,75425
365,1,28,1600
365,2,35,3500
365,3,21,4750
365,4,70,6250
365,5,78,9975
365,6,96,14350
365,7,51,16250
365,8,130,19675
365,9,72,23225
365,10,61,25275
365,11,82,29125
365,12,64,31875
365,13,167,35850
365,14,73,38750
365,15,135,42825
365,16,81,45725
365,17,137,51925
365,18,51,54475
366,1,34,1700
366,2,30,2375
366,3,34,4075
366,4,78,7575
366,5,108,12525
366,6,53,13925
366,7,107,18100
366,8,54,20775
366,9,106,25425
366,10,107,28675
366,11,62,31700
366,12,69,35150
366,13,71,38600
366,14,81,41800
366,15,113,47050
366,16,75,50650
366,17,105,55375
366,18,92,59775
366,19,107,65000
366,20,92,69200
366,21,101,73900
366,22,104,78725
366,23,104,83675
366,24,74,86600
367,1,104,5200
367,2,42,7300
367,3,71,8925
367,4,96,13250
367,5,77,16925
367,6,126,22025
367,7,57,24675
367,8,50,26475
367,9,68,29775
367,10,69,32850
367,11,54,35175
367,12,82,39225
367,13,90,42450
367,14,76,45900
367,15,74,48850
367,16,69,51600
368,1,26,1300
368,2,98,5450
368,3,49,7875
368,4,97,12100
368,5,82,13775
368,6,37,14925
368,7,74,17175
368,8,66,19275
368,9,72,22100
368,10,65,25350
368,11,93,28350
368,12,91,32450
368,13,83,35875
368,14,102,39450
368,15,76,43250
368,16,80,45950
368,17,70,49450
369,1,62,3100
369,2,92,4600
369,3,121,6850
369,4,53,9375
369,5,68,12675
369,6,91,16275
369,7,81,18950
369,8,103,22525
369,9,79,25425
369,10,37,26975
370,1,22,1300
370,2,116,5800
370,3,42,7900
370,4,55,10475
370,5,104,15150
370,6,39,17075
370,7,56,18950
370,8,74,21700
370,9,54,23900
370,10,51,26425
370,11,98,31200
370,12,93,34875
370,13,105,39425
370,14,98,42900
370,15,85,46300
370,16,86,49325
370,17,144,53075
370,18,88,56175
370,19,114,59600
370,20,88,63850
370,21,95,68225
370,22,102,73225
370,23,101,76525
370,24,115,81825
370,25,109,85325
370,26,123,89200
370,27,134,93225
370,28,98,97875
371,1,47,2350
371,2,64,5525
371,3,109,10425
371,4,27,11725
371,5,46,14025
371,6,83,17850
371,7,41,19300
371,8,56,21975
371,9,61,24775
371,10,50,27250
371,11,36,28675
372,1,96,4800
372,2,28,6100
372,3,60,8650
372,4,132,14550
372,5,57,15950
372,6,44,17325
372,7,94,21750
372,8,62,24800
372,9,71,28200
372,10,82,31525
372,11,51,33875
372,12,72,37450
372,13,121,41150
372,14,65,44375
372,15,95,47575
372,16,83,51725
372,17,88,55900
372,18,94,60525
372,19,84,64375
372,20,103,69125
372,21,116,72850
372,22,113,76200
372,23,97,79650
373,1,101,5050
373,2,91,9250
373,3,86,12600
373,4,130,14025
373,5,67,17350
373,6,49,19075
373,7,147,26050
373,8,53,28100
373,9,67,31175
373,10,72,34725
373,11,72,38225
373,12,64,40725
373,13,87,43750
373,14,77,46550
373,15,70,49175
373,16,71,52625
373,17,122,56575
373,18,130,60475
373,19,96,64525
373,20,68,67825
374,1,29,1450
374,2,84,4200
374,3,37,5875
374,4,48,8275
374,5,30,9975
374,6,60,12650
374,7,60,15650
374,8,68,18450
374,9,51,20575
374,10,56,23175
374,11,77,26475
374,12,5,26900
375,1,60,3000
375,2,16,3975
375,3,43,6125
375,4,33,7725
375,5,61,10675
375,6,41,11675
375,7,51,13475
375,8,63,15950
375,9,90,20325
375,10,60,23250
375,11,67,26600
375,12,75,29400
375,13,86,33600
375,14,110,38450
375,15,86,42525
375,16,53,45000
376,1,48,2400
376,2,58,3050
376,3,76,6600
376,4,141,12525
376,5,61,15475
376,6,86,19400
376,7,40,21400
376,8,46,23650
376,9,62,26750
376,10,96,31500
376,11,72,35000
376,12,77,38800
376,13,71,41375
376,14,114,44700
376,15,73,47800
376,16,114,51550
376,17,81,54600
376,18,23,55700
377,1,70,3500
377,2,107,5350
377,3,31,6875
377,4,117,11975
377,5,46,14225
377,6,39,16175
377,7,60,19075
377,8,83,23100
377,9,62,26150
377,10,60,29100
377,11,73,32625
377,12,96,36950
377,13,21,37775
378,1,78,3900
378,2,39,5775
378,3,67,9025
378,4,74,12575
378,5,32,14125
378,6,81,16575
378,7,62,19600
378,8,134,25350
378,9,87,29500
378,10,81,32725
378,11,70,35925
378,12,88,40025
378,13,78,43875
378,14,80,47025
378,15,115,50675
378,16,85,54450
378,17,94,58850
378,18,72,61100
379,1,61,3050
379,2,54,4200
379,3,46,6475
379,4,92,10975
379,5,42,13025
379,6,37,14875
379,7,66,17025
379,8,106,20050
379,9,149,26750
379,10,56,29550
379,11,63,32700
379,12,66,35950
379,13,105,39425
379,14,75,42100
379,15,105,47000
379,16,84,50900
379,17,76,54325
379,18,114,58075
379,19,154,64625
379,20,131,68575
379,21,141,74725
379,22,133,78475
379,23,119,82350
379,24,127,86175
379,25,130,90050
379,26,117,95275
379,27,134,99225
379,28,82,102550
380,1,128,6400
380,2,23,7500
380,3,32,9100
380,4,127,14475
380,5,84,18300
380,6,54,20925
380,7,83,23725
380,8,70,26950
380,9,95,31025
380,10,54,33700
380,11,90,37925
380,12,60,40425
380,13,60,43300
380,14,75,46325
380,15,49,48500
381,1,22,1100
381,2,50,3550
381,3,73,6975
381,4,35,8675
381,5,33,10325
381,6,52,12775
381,7,65,15800
381,8,49,18175
381,9,88,22400
381,10,69,25850
381,11,69,29250
381,12,80,33075
381,13,67,36400
381,14,53,38325
382,1,28,1400
382,2,117,5850
382,3,52,8250
382,4,56,11050
382,5,111,15775
382,6,32,17375
382,7,55,19975
382,8,74,23625
382,9,63,26700
382,10,94,31025
382,11,106,34250
382,12,110,37775
382,13,67,40900
382,14,87,44975
382,15,89,48375
382,16,85,52050
382,17,104,56725
382,18,80,60625
382,19,90,64050
382,20,103,68825
382,21,101,72450
382,22,104,77150
382,23,126,81100
382,24,127,84550
382,25,115,89325
382,26,144,93900
382,27,124,97900
382,28,120,101575
382,29,86,104775
383,1,45,2250
383,2,84,6075
383,3,47,8350
383,4,63,11475
383,5,23,12825
384,1,52,2600
384,2,48,4950
384,3,102,9625
384,4,108,14900
384,5,72,16875
384,6,62,18675
384,7,60,21675
384,8,60,24600
384,9,68,27350
384,10,64,29725
384,11,67,32225
384,12,69,35450
384,13,77,38225
384,14,69,41675
384,15,73,44650
384,16,123,50225
384,17,99,53600
384,18,13,54250
385,1,35,1750
385,2,80,4000
385,3,120,6150
385,4,40,8100
385,5,125,9875
385,6,102,12300
385,7,72,15775
385,8,106,19500
385,9,50,21975
385,10,73,24875
385,11,132,30600
385,12,78,34350
385,13,76,37800
385,14,73,40800
385,15,99,43900
385,16,108,48750
385,17,107,52450
385,18,100,55575
385,19,97,58800
385,20,93,61725
385,21,142,66425
385,22,105,69400
385,23,96,72725
386,1,86,4300
386,2,81,5025
386,3,35,5800
386,4,67,9050
386,5,48,11375
386,6,71,14500
386,7,131,17625
386,8,45,19800
386,9,70,22625
386,10,120,26425
386,11,103,31100
386,12,111,36275
386,13,74,38875
386,14,93,42250
386,15,113,45750
386,16,102,49200
386,17,89,53400
386,18,116,56825
386,19,94,61200
386,20,106,64800
386,21,140,68375
386,22,98,71350
386,23,111,75875
386,24,102,78975
386,25,144,85275
386,26,63,87675
387,1,22,1100
387,2,89,4875
387,3,66,7775
387,4,41,9775
387,5,43,11700
387,6,68,15050
387,7,53,17700
387,8,73,21050
387,9,91,25275
387,10,60,28200
387,11,81,30925
387,12,87,35125
387,13,114,40300
387,14,79,43100
387,15,103,46725
387,16,130,50650
387,17,78,54475
387,18,81,58450
387,19,140,64200
387,20,99,68825
387,21,93,73100
387,22,112,76650
387,23,104,81100
387,24,109,84375
387,25,93,87850
388,1,111,5550
388,2,28,7125
388,3,27,7775
388,4,87,9825
388,5,98,14250
388,6,78,18075
388,7,114,22650
388,8,83,25200
388,9,50,27000
388,10,62,29725
388,11,64,32800
388,12,91,36925
388,13,69,39475
388,14,107,43100
388,15,79,46875
388,16,96,51500
388,17,70,54725
389,1,136,6800
389,2,40,8800
389,3,54,11450
389,4,87,12825
389,5,42,14275
389,6,101,18475
389,7,130,24425
389,8,77,26925
389,9,64,29325
389,10,99,32850
389,11,61,35550
389,12,59,37625
389,13,67,40775
389,14,85,44075
389,15,94,47650
389,16,94,52175
389,17,78,55600
389,18,89,59775
389,19,130,63550
389,20,114,67125
389,21,115,70825
389,22,120,74725
389,23,114,78725
389,24,130,82700
389,25,118,86125
389,26,40,87850
390,1,155,7750
390,2,145,9225
390,3,57,11975
390,4,77,15675
390,5,91,19775
390,6,70,23175
390,7,58,26025
390,8,63,28300
390,9,107,31400
390,10,73,34300
390,11,73,37825
390,12,92,42100
390,13,76,45800
390,14,78,49525
390,15,93,53450
390,16,127,59125
390,17,78,62800
390,18,42,64800
391,1,87,4350
391,2,59,7250
391,3,63,10225
391,4,59,11600
391,5,31,12375
391,6,38,14200
391,7,105,18725
391,8,99,23050
391,9,80,25875
391,10,104,29175
391,11,60,31525
391,12,66,34000
391,13,64,36625
391,14,111,41975
391,15,101,45725
391,16,65,48675
392,1,41,2050
392,2,61,5075
392,3,27,6425
392,4,124,11900
392,5,70,15000
392,6,57,17850
392,7,126,21400
392,8,54,23950
392,9,102,28500
392,10,59,31275
392,11,112,34925
392,12,61,37975
392,13,69,40575
392,14,106,43950
392,15,85,46600
392,16,79,49475
392,17,83,53500
392,18,72,57025
393,1,30,1500
393,2,87,5650
393,3,37,7425
393,4,28,8825
393,5,95,12700
393,6,40,14700
393,7,106,17850
393,8,68,21075
393,9,93,25675
393,10,107,29250
393,11,57,31925
393,12,71,35325
393,13,84,39475
393,14,71,42825
393,15,82,45375
393,16,87,48200
393,17,83,52150
393,18,85,56375
393,19,145,60500
393,20,83,63300
394,1,139,6950
394,2,133,7725
394,3,33,9350
394,4,69,12775
394,5,121,18050
394,6,33,19675
394,7,63,21425
394,8,126,26475
394,9,106,31425
394,10,128,37350
394,11,88,41700
394,12,62,44700
394,13,142,51050
394,14,76,54600
394,15,119,58475
394,16,88,62775
394,17,89,65925
394,18,86,70050
394,19,98,73475
394,20,98,76850
394,21,103,80375
394,22,116,83775
394,23,109,88350
394,24,122,92150
394,25,132,96175
394,26,115,101500
394,27,91,105425
395,1,51,2550
395,2,22,3850
395,3,37,5475
395,4,143,11375
395,5,80,15250
395,6,57,18050
395,7,101,22850
395,8,121,26525
395,9,51,28500
395,10,52,30975
395,11,129,34875
395,12,68,38075
395,13,81,41500
395,14,77,44425
395,15,80,48300
395,16,120,52000
395,17,150,55925
395,18,107,59725
395,19,93,64300
395,20,101,67900
395,21,134,73150
395,22,119,78300
395,23,99,81725
395,24,121,86475
395,25,83,89275
396,1,38,1900
396,2,47,2925
396,3,53,4400
396,4,163,8150
396,5,70,11425
396,6,127,17375
396,7,94,20225
396,8,71,23750
396,9,102,28350
396,10,75,31925
396,11,72,35275
396,12,87,38825
396,13,84,42750
396,14,75,46300
396,15,19,47450
397,1,103,5150
397,2,45,7400
397,3,77,10725
397,4,139,13325
397,5,68,16575
397,6,73,19000
397,7,46,21300
397,8,89,25525
397,9,49,27825
397,10,107,31625
397,11,15,32350
398,1,144,7200
398,2,63,9500
398,3,143,15875
398,4,113,19850
398,5,95,23800
398,6,65,27025
398,7,119,32475
398,8,84,35475
398,9,83,38175
398,10,82,41000
398,11,109,45875
398,12,82,48875
398,13,68,51625
398,14,82,55475
398,15,67,58575
398,16,110,63675
398,17,71,66425
399,1,84,4200
399,2,43,6350
399,3,75,10000
399,4,93,11625
399,5,84,15800
399,6,71,19125
399,7,69,22475
399,8,132,26200
399,9,60,28775
399,10,49,31150
399,11,72,34750
399,12,61,37800
399,13,81,40825
399,14,73,44425
399,15,72,47975
399,16,82,51975
399,17,91,54625
399,18,94,57650
399,19,102,62700
399,20,118,68100
399,21,94,71675
399,22,115,75325
399,23,14,75825
