0,1,10,25,3,206
0,2,14,17,3,206
0,3,18,29,3,192
0,4,22,18,3,203
0,5,26,24,3,188
0,6,30,23,3,184
0,7,34,25,3,194
0,8,38,22,3,186
0,9,42,19,3,190
0,10,46,30,3,180
0,11,50,22,3,181
0,12,54,22,3,172
0,13,58,32,3,169
0,14,62,23,3,182
0,15,66,25,3,175
0,16,70,22,3,181
0,17,74,22,3,177
0,18,78,27,3,175
0,19,82,20,3,180
0,20,86,27,3,173
0,21,90,30,3,174
0,22,94,30,3,177
0,23,98,25,3,95
1,1,10,26,3,193
1,2,14,33,3,198
1,3,18,26,3,4
1,4,22,28,3,193
1,5,26,24,3,194
1,6,30,28,3,192
1,7,34,22,3,192
1,8,38,26,3,184
1,9,42,24,3,180
1,10,46,25,3,186
1,11,50,25,3,179
1,12,54,17,3,184
1,13,58,29,3,176
1,14,62,29,3,170
1,15,66,28,3,176
1,16,70,26,3,177
1,17,74,12,3,181
1,18,78,12,3,189
1,19,82,30,3,172
1,20,86,27,3,155
1,21,90,22,3,180
1,22,94,18,3,178
1,23,98,25,3,175
1,24,102,31,3,170
2,1,10,31,3,198
2,2,14,28,3,200
2,3,18,25,3,203
2,4,22,21,3,202
2,5,26,13,3,201
2,6,30,8,3,205
2,7,34,25,3,186
2,8,38,24,3,190
2,9,42,23,3,189
2,10,46,27,3,181
2,11,50,30,3,176
2,12,54,23,3,181
2,13,58,34,3,162
2,14,62,21,3,178
3,1,10,22,3,210
3,2,14,31,3,198
3,3,18,30,3,196
3,4,22,26,3,191
3,5,26,26,3,194
3,6,30,28,3,190
3,7,34,18,3,197
4,1,10,19,3,209
4,2,14,22,3,202
4,3,18,25,3,198
4,4,22,30,3,192
4,5,26,24,3,193
4,6,30,28,3,188
4,7,34,23,3,185
4,8,38,23,3,193
4,9,42,24,3,183
4,10,46,14,3,189
4,11,50,28,3,180
4,12,54,17,3,182
4,13,58,26,3,175
4,14,62,20,3,184
4,15,66,23,3,177
4,16,70,16,3,172
4,17,74,23,3,181
4,18,78,20,3,182
4,19,82,25,3,183
4,20,86,14,3,190
4,21,90,23,3,176
4,22,94,28,3,175
4,23,98,29,3,175
4,24,102,27,3,180
4,25,106,21,3,161
4,26,110,27,3,182
4,27,114,25,3,176
4,28,118,25,3,177
4,29,122,24,3,180
5,1,10,22,3,205
5,2,14,23,3,197
5,3,18,22,3,200
5,4,22,31,3,189
5,5,26,24,3,188
5,6,30,9,3,207
5,7,34,24,3,189
5,8,38,20,3,192
5,9,42,24,3,192
5,10,46,25,3,186
5,11,50,27,3,178
5,12,54,29,3,173
5,13,58,22,3,180
5,14,62,24,3,169
5,15,66,24,3,176
5,16,70,25,3,184
5,17,74,28,3,170
5,18,78,28,3,176
5,19,82,25,3,177
5,20,86,26,3,169
5,21,90,23,3,171
6,1,10,22,3,207
6,2,14,23,3,1
6,3,18,25,3,199
6,4,22,25,3,194
6,5,26,18,3,194
6,6,30,11,3,203
6,7,34,26,3,192
6,8,38,19,3,195
6,9,42,35,3,178
6,10,46,24,3,185
6,11,50,26,3,170
6,12,54,20,3,176
6,13,58,16,3,189
6,14,62,21,3,181
6,15,66,21,3,187
6,16,70,25,3,176
6,17,74,29,3,174
6,18,78,23,3,178
6,19,82,25,3,178
6,20,86,18,3,182
6,21,90,19,3,180
6,22,94,26,3,176
6,23,98,15,3,184
6,24,102,24,3,178
6,25,106,16,3,181
7,1,10,22,3,204
7,2,14,22,3,3
7,3,18,22,3,203
7,4,22,24,3,204
7,5,26,27,3,181
7,6,30,29,3,188
7,7,34,28,3,169
7,8,38,19,3,196
7,9,42,16,3,195
7,10,46,20,3,187
7,11,50,16,3,188
7,12,54,24,3,180
7,13,58,24,3,171
7,14,62,23,3,180
7,15,66,26,3,175
7,16,70,26,3,174
7,17,74,27,3,180
8,1,10,25,3,202
8,2,14,33,3,192
8,3,18,18,3,203
8,4,22,28,3,195
8,5,26,27,3,192
8,6,30,28,3,182
8,7,34,29,3,185
8,8,38,25,3,191
8,9,42,27,3,181
8,10,46,30,3,186
8,11,50,27,3,184
8,12,54,31,3,178
8,13,58,21,3,177
8,14,62,12,3,187
8,15,66,30,3,172
8,16,70,33,3,172
8,17,74,23,3,175
8,18,78,24,3,180
8,19,82,20,3,178
8,20,86,21,3,181
8,21,90,21,3,186
8,22,94,26,3,179
9,1,10,27,3,207
9,2,14,29,3,197
9,3,18,32,3,191
9,4,22,23,3,198
9,6,30,21,3,195
9,7,34,27,3,187
9,8,38,27,3,187
9,9,42,22,3,188
9,10,46,20,3,182
9,11,50,24,3,182
9,12,54,28,3,173
9,13,58,20,3,182
9,14,62,23,3,175
10,1,10,34,3,196
10,2,14,22,3,202
10,3,18,30,3,198
10,4,22,25,3,195
10,5,26,22,3,192
10,6,30,24,3,193
10,7,34,30,3,187
10,8,38,17,3,189
10,9,42,27,3,187
10,10,46,29,3,187
11,1,10,30,3,199
11,2,14,23,3,200
11,3,18,25,3,198
11,4,22,18,3,202
11,5,26,26,3,180
11,6,30,29,3,184
11,7,34,22,3,192
11,8,38,25,3,188
11,9,42,24,3,189
11,10,46,25,3,182
11,11,50,22,3,185
12,1,10,26,3,200
12,2,14,18,3,1
12,3,18,21,3,200
12,4,22,24,3,190
12,5,26,27,3,197
12,6,30,20,3,197
12,7,34,27,3,191
12,8,38,19,3,192
12,9,42,26,3,187
12,10,46,27,3,183
12,11,50,33,3,146
12,12,54,21,3,159
12,13,58,11,3,186
12,14,62,24,3,169
12,15,66,23,3,177
12,16,70,36,3,167
12,17,74,30,3,166
12,18,78,26,3,178
12,19,82,27,3,176
12,20,86,9,3,192
13,1,10,26,3,200
13,2,14,21,3,201
13,3,18,18,3,201
13,4,22,25,3,197
13,5,26,20,3,202
13,6,30,20,3,195
13,7,34,29,3,189
13,8,38,20,3,191
13,9,42,24,3,185
13,10,46,26,3,185
13,11,50,18,3,187
13,12,54,19,3,176
13,13,58,26,3,176
13,14,62,27,3,171
13,15,66,31,3,172
13,16,70,19,3,181
13,17,74,18,3,182
13,18,78,24,3,173
13,19,82,27,3,178
13,20,86,25,3,171
13,21,90,20,3,184
13,22,94,30,3,165
13,23,98,26,3,178
13,24,102,22,3,166
14,1,10,29,3,196
14,2,14,28,3,198
14,3,18,22,3,190
14,4,22,24,3,200
14,5,26,27,3,192
14,6,30,20,3,194
14,7,34,32,3,181
14,8,38,29,3,186
14,9,42,26,3,178
14,10,46,16,3,192
14,11,50,34,3,164
14,12,54,18,3,184
14,13,58,14,3,181
14,14,62,20,3,184
14,15,66,25,3,173
14,16,70,28,3,172
14,17,74,31,3,172
15,1,10,19,3,208
15,2,14,32,3,195
15,3,18,31,3,196
15,4,22,27,3,192
15,5,26,20,3,199
15,6,30,31,3,188
15,7,34,20,3,198
15,8,38,27,3,183
15,9,42,29,3,184
15,10,46,23,3,187
15,11,50,19,3,185
15,12,54,27,3,176
15,13,58,25,3,173
15,14,62,26,3,178
15,15,66,28,3,181
15,16,70,26,3,174
15,17,74,24,3,173
15,18,78,24,3,174
15,19,82,26,3,177
15,20,86,31,3,171
15,21,90,27,3,177
15,22,94,24,3,165
15,23,98,17,3,183
16,1,10,19,3,210
16,3,18,28,3,198
16,4,22,12,3,209
16,5,26,33,3,191
16,6,30,30,3,187
16,7,34,20,3,185
16,8,38,27,3,176
16,9,42,20,3,189
16,10,46,30,3,184
16,11,50,17,3,187
16,12,54,31,3,173
16,13,58,25,3,176
16,14,62,21,3,177
16,15,66,21,3,182
16,16,70,18,3,168
16,17,74,3,3,197
17,2,14,24,3,198
17,3,18,27,3,194
17,4,22,22,3,198
17,5,26,24,3,170
17,6,30,26,3,192
17,7,34,31,3,186
17,8,38,28,3,192
17,9,42,24,3,179
17,10,46,26,3,182
17,11,50,21,3,187
17,12,54,23,3,179
17,13,58,26,3,172
17,14,62,18,3,185
17,15,66,30,3,164
17,16,70,19,3,183
18,1,10,25,3,207
18,2,14,29,3,199
18,3,18,28,3,198
18,4,22,20,3,202
18,5,26,18,3,205
18,6,30,20,3,198
18,7,34,21,3,193
18,8,38,26,3,183
18,9,42,27,3,178
18,10,46,21,3,187
18,11,50,25,3,171
18,12,54,22,3,189
18,13,58,24,3,171
18,14,62,26,3,171
18,15,66,23,3,178
18,16,70,22,3,179
19,1,10,22,3,200
19,2,14,25,3,203
19,3,18,10,3,208
19,4,22,27,3,200
19,5,26,33,3,197
19,6,30,22,3,197
19,7,34,28,3,171
19,8,38,23,3,189
19,9,42,20,3,191
19,10,46,21,3,189
19,11,50,13,3,193
19,12,54,19,3,185
19,13,58,25,3,177
19,14,62,23,3,179
19,15,66,18,3,183
19,16,70,23,3,171
19,17,74,16,3,183
19,18,78,19,3,181
19,19,82,26,3,158
19,20,86,22,3,177
20,2,14,28,3,199
20,3,18,30,3,185
20,4,22,23,3,201
20,5,26,22,3,189
20,6,30,29,3,190
20,7,34,19,3,194
20,8,38,28,3,183
20,9,42,29,3,186
20,10,46,25,3,183
20,11,50,26,3,183
20,12,54,26,3,161
21,1,10,20,3,208
21,2,14,27,3,197
21,3,18,31,3,193
21,4,22,28,3,195
21,5,26,32,3,188
21,6,30,20,3,193
21,7,34,23,3,192
21,8,38,22,3,182
21,9,42,22,3,184
21,10,46,26,3,181
21,11,50,24,3,183
21,12,54,22,3,172
21,13,58,28,3,177
21,14,62,24,3,174
21,15,66,19,3,184
21,16,70,12,3,193
21,17,74,22,3,179
21,18,78,24,3,171
21,19,82,27,3,180
21,20,86,14,3,187
21,21,90,35,3,163
21,22,94,24,3,177
21,23,98,21,3,181
21,24,102,27,3,175
21,25,106,33,3,161
21,26,110,26,3,168
21,27,114,20,3,183
22,1,10,25,3,205
22,2,14,26,3,199
22,3,18,24,3,196
22,4,22,23,3,196
22,5,26,24,3,194
22,6,30,17,3,202
22,7,34,23,3,195
22,8,38,19,3,192
22,9,42,27,3,183
22,10,46,23,3,189
22,11,50,31,3,170
22,12,54,25,3,181
22,13,58,20,3,177
22,14,62,25,3,173
22,15,66,20,3,182
22,16,70,24,3,176
22,17,74,20,3,175
22,18,78,12,3,184
22,19,82,23,3,177
22,20,86,30,3,150
22,21,90,16,3,184
22,22,94,27,3,172
22,23,98,22,3,179
22,24,102,19,3,168
22,25,106,28,3,166
22,26,110,25,3,178
22,27,114,27,3,173
22,28,118,16,3,184
22,29,122,23,3,179
23,1,10,31,3,195
23,2,14,24,3,207
23,3,18,20,3,1
23,4,22,25,3,193
23,5,26,28,3,184
23,6,30,20,3,199
23,7,34,27,3,187
23,8,38,18,3,187
23,9,42,18,3,191
23,10,46,18,3,191
23,11,50,26,3,182
23,12,54,20,3,183
23,13,58,25,3,183
23,14,62,25,3,168
23,15,66,23,3,172
23,16,70,29,3,164
23,17,74,15,3,181
23,18,78,25,3,183
24,1,10,18,3,208
24,2,14,30,3,197
24,3,18,30,3,195
24,4,22,22,3,192
24,5,26,31,3,194
24,6,30,31,3,183
24,7,34,25,3,184
24,8,38,26,3,178
24,9,42,24,3,186
24,10,46,24,3,184
24,11,50,16,3,189
25,1,10,23,3,202
25,2,14,21,3,204
25,4,22,16,3,206
25,5,26,28,3,194
25,6,30,30,3,189
25,7,34,27,3,193
25,8,38,27,3,178
25,9,42,33,3,170
25,10,46,25,3,186
25,11,50,28,3,187
25,12,54,14,3,190
25,13,58,20,3,185
25,14,62,18,3,175
26,1,10,23,3,203
26,2,14,23,3,211
26,3,18,22,3,202
26,4,22,28,3,196
26,5,26,29,3,190
26,6,30,29,3,188
26,7,34,27,3,187
26,8,38,21,3,190
26,9,42,28,3,180
26,10,46,20,3,194
26,11,50,19,3,187
26,12,54,23,3,182
26,13,58,25,3,174
26,14,62,18,3,180
26,15,66,25,3,175
26,16,70,17,3,183
26,17,74,28,3,165
26,18,78,28,3,163
26,19,82,32,3,175
26,20,86,22,3,180
27,1,10,29,3,198
27,3,18,24,3,203
27,4,22,10,3,207
27,5,26,30,3,188
27,6,30,30,3,192
27,7,34,27,3,191
27,8,38,23,3,190
27,9,42,23,3,189
27,10,46,22,3,186
27,11,50,15,3,192
27,12,54,8,3,194
27,13,58,17,3,187
27,14,62,26,3,177
27,15,66,26,3,175
27,16,70,15,3,181
27,17,74,21,3,179
28,1,10,30,3,199
28,2,14,25,3,202
28,3,18,24,3,200
28,4,22,23,3,198
28,5,26,22,3,194
28,6,30,26,3,185
28,7,34,25,3,165
28,8,38,21,3,190
28,9,42,23,3,183
28,10,46,24,3,183
28,11,50,22,3,186
28,12,54,19,3,185
28,13,58,22,3,184
28,14,62,16,3,186
28,15,66,27,3,175
28,16,70,24,3,179
28,17,74,21,3,180
28,18,78,26,3,176
28,19,82,25,3,177
28,20,86,16,3,182
28,21,90,17,3,184
28,22,94,13,3,192
28,23,98,25,3,175
28,24,102,24,3,172
28,25,106,13,3,190
28,26,110,28,3,165
29,1,10,31,3,200
29,2,14,33,3,194
29,3,18,24,3,200
29,4,22,15,3,199
29,5,26,34,3,187
29,6,30,21,3,192
29,7,34,15,3,197
29,8,38,14,3,198
29,9,42,20,3,183
29,10,46,25,3,186
29,11,50,17,3,188
29,12,54,22,3,182
29,13,58,22,3,179
29,14,62,25,3,170
29,15,66,28,3,163
29,16,70,22,3,161
29,17,74,19,3,176
29,18,78,29,3,167
29,19,82,28,3,179
30,1,10,23,3,1
30,2,14,27,3,196
30,3,18,25,3,196
30,4,22,22,3,204
30,5,26,27,3,191
30,6,30,26,3,190
30,7,34,26,3,192
30,8,38,15,3,196
31,2,14,22,3,205
31,3,18,27,3,196
31,4,22,20,3,187
31,5,26,21,3,201
31,6,30,29,3,184
31,7,34,19,3,197
31,8,38,17,3,194
31,9,42,25,3,185
31,10,46,22,3,189
31,11,50,22,3,179
31,12,54,20,3,184
32,1,10,32,3,194
32,3,18,29,3,194
32,4,22,25,3,195
32,5,26,28,3,190
32,6,30,11,3,205
32,7,34,20,3,182
32,8,38,15,3,198
32,9,42,22,3,191
32,10,46,34,3,177
32,11,50,25,3,183
32,12,54,19,3,188
32,13,58,21,3,183
32,14,62,26,3,170
32,15,66,27,3,175
33,1,10,28,3,199
33,2,14,20,3,207
33,3,18,30,3,197
33,4,22,29,3,191
33,5,26,33,3,189
33,6,30,26,3,186
33,7,34,29,3,193
33,8,38,21,3,186
33,9,42,24,3,186
33,10,46,26,3,180
33,11,50,32,3,174
33,12,54,27,3,182
33,13,58,28,3,176
33,14,62,31,3,171
33,15,66,26,3,171
33,16,70,17,3,185
33,17,74,28,3,173
33,18,78,23,3,174
33,19,82,32,3,169
33,20,86,24,3,176
33,21,90,29,3,173
33,22,94,19,3,182
33,23,98,23,3,182
33,24,102,23,2,3
34,1,10,22,3,205
34,2,14,30,3,192
34,3,18,23,3,199
34,4,22,18,3,200
34,5,26,23,3,195
34,6,30,28,3,40
34,7,34,21,3,197
34,8,38,16,3,195
34,9,42,27,3,182
34,10,46,28,3,171
34,11,50,18,3,188
34,12,54,25,3,176
34,13,58,18,3,175
34,14,62,1,3,199
35,1,10,31,3,201
35,2,14,31,3,196
35,3,18,26,3,199
35,4,22,26,3,201
35,5,26,22,3,194
35,6,30,24,3,195
35,7,34,30,3,193
35,8,38,22,3,192
35,9,42,27,3,187
35,10,46,27,3,177
35,11,50,16,3,188
35,12,54,31,3,176
35,13,58,20,3,172
35,14,62,15,3,180
35,15,66,26,3,175
35,16,70,20,3,177
35,17,74,24,3,178
35,18,78,24,3,175
35,19,82,21,3,168
35,20,86,25,3,179
35,21,90,20,3,181
35,22,94,17,3,187
35,23,98,20,3,181
35,24,102,14,3,184
35,25,106,26,3,171
35,26,110,23,3,183
35,27,114,27,3,175
35,28,118,22,3,178
36,1,10,24,3,207
36,2,14,28,3,200
36,3,18,25,3,195
36,4,22,23,3,200
36,5,26,21,3,190
36,6,30,26,3,194
36,7,34,21,3,181
36,8,38,16,3,195
36,9,42,17,3,190
36,10,46,25,3,184
36,11,50,15,3,195
36,12,54,19,3,185
36,13,58,33,3,174
36,14,62,21,3,187
37,1,10,27,3,3
37,2,14,34,3,191
37,3,18,10,3,212
37,4,22,17,3,205
37,5,26,27,3,192
37,6,30,20,3,198
37,7,34,27,3,190
37,8,38,12,3,202
37,9,42,16,3,195
37,10,46,20,3,186
37,11,50,26,3,182
37,12,54,25,3,183
37,13,58,21,3,181
37,14,62,18,3,187
37,15,66,22,3,184
37,16,70,15,3,187
37,17,74,24,3,171
37,18,78,23,3,186
37,19,82,15,3,190
37,20,86,31,3,169
37,21,90,22,3,182
37,22,94,23,3,179
37,23,98,25,3,173
37,24,102,23,3,144
37,25,106,28,3,170
37,26,110,31,3,164
38,1,10,23,3,206
38,2,14,24,3,200
38,3,18,19,3,205
38,4,22,21,3,198
38,5,26,25,3,197
38,6,30,20,3,183
38,7,34,36,3,181
38,8,38,29,3,183
38,9,42,26,3,184
38,10,46,22,3,186
38,11,50,13,3,191
38,12,54,26,3,181
38,13,58,11,3,191
38,14,62,22,3,178
38,15,66,22,3,175
38,16,70,25,3,175
39,1,10,26,3,206
39,2,14,24,3,200
39,3,18,25,3,194
39,4,22,28,3,201
39,5,26,23,3,193
39,6,30,11,3,203
39,7,34,26,3,189
39,8,38,20,3,193
39,9,42,20,3,186
39,10,46,23,3,187
39,11,50,18,3,186
39,12,54,24,3,178
39,13,58,21,3,181
39,14,62,24,3,181
39,15,66,25,3,178
39,16,70,24,3,180
39,17,74,25,3,176
39,18,78,16,3,186
39,19,82,29,3,172
39,20,86,11,3,185
39,21,90,24,3,168
39,22,94,12,3,190
40,1,10,26,3,204
40,2,14,29,3,201
40,3,18,17,3,207
40,4,22,21,3,200
40,5,26,31,3,1
40,6,30,22,3,197
40,7,34,16,3,193
40,8,38,18,3,191
40,9,42,28,3,185
40,10,46,22,3,182
40,11,50,29,3,186
40,12,54,30,3,176
40,13,58,18,3,183
40,14,62,22,3,178
40,15,66,23,3,181
40,16,70,27,3,175
40,17,74,26,3,171
40,18,78,22,3,180
41,2,14,27,3,200
41,3,18,17,3,204
41,4,22,33,3,188
41,5,26,26,3,193
41,6,30,27,3,190
41,7,34,23,3,194
41,8,38,25,3,191
41,9,42,17,3,191
41,10,46,21,3,177
41,11,50,28,3,182
41,12,54,19,3,173
41,13,58,24,3,178
41,14,62,21,3,177
41,15,66,22,3,182
41,16,70,22,3,177
41,17,74,29,3,178
41,18,78,13,3,190
41,19,82,21,3,177
41,20,86,27,3,172
41,21,90,27,3,167
41,22,94,7,3,195
41,23,98,26,3,177
41,24,102,21,3,181
41,25,106,17,3,178
42,1,10,19,3,204
42,2,14,15,3,211
42,3,18,25,3,203
42,4,22,27,3,197
42,5,26,28,3,190
42,6,30,24,3,194
42,7,34,23,3,192
42,8,38,29,3,183
42,9,42,32,3,183
42,10,46,24,3,185
42,11,50,21,3,188
42,12,54,26,3,181
42,13,58,27,3,177
42,14,62,28,3,175
42,15,66,18,3,184
42,16,70,15,3,184
42,17,74,28,3,169
42,18,78,20,3,177
42,19,82,18,3,182
42,20,86,18,3,184
42,21,90,31,3,141
42,22,94,33,3,172
42,23,98,16,3,181
42,24,102,5,3,195
42,25,106,24,3,180
42,26,110,23,3,176
42,27,114,26,3,177
42,28,118,22,3,181
42,29,122,6,3,194
43,1,10,24,3,203
43,2,14,15,3,210
43,3,18,30,3,202
43,4,22,30,3,190
43,5,26,26,3,197
43,6,30,15,3,199
43,7,34,21,3,195
43,8,38,19,3,184
43,9,42,22,3,188
43,10,46,21,3,186
43,11,50,26,3,180
43,12,54,22,3,179
43,13,58,27,3,180
43,14,62,19,3,180
43,15,66,19,3,180
43,16,70,25,3,167
43,17,74,28,3,173
43,18,78,23,3,176
43,19,82,28,3,170
44,1,10,20,3,204
44,2,14,28,3,199
44,3,18,27,3,199
44,4,22,38,3,177
44,5,26,24,3,196
44,6,30,21,3,196
44,7,34,20,3,194
44,8,38,29,3,188
44,9,42,29,3,179
44,10,46,25,3,186
44,11,50,33,3,174
44,12,54,25,3,179
44,13,58,11,3,186
44,14,62,18,3,185
44,15,66,31,3,155
44,16,70,18,3,183
44,17,74,31,3,165
44,18,78,33,3,156
44,19,82,21,3,182
44,20,86,21,3,178
44,21,90,19,3,184
45,1,10,20,3,209
45,2,14,14,3,211
45,3,18,26,3,195
45,4,22,31,3,189
45,5,26,25,3,197
45,6,30,35,3,170
45,7,34,17,3,196
45,8,38,31,3,178
45,9,42,27,3,188
45,10,46,15,3,190
45,11,50,24,3,185
45,12,54,26,3,177
45,13,58,20,3,184
45,14,62,26,3,171
45,15,66,24,3,180
45,16,70,22,3,173
45,17,74,16,3,185
45,18,78,23,3,181
45,19,82,8,3,191
45,20,86,20,3,187
45,21,90,33,3,163
45,22,94,21,3,181
45,23,98,17,3,183
45,24,102,31,3,167
45,25,106,27,3,173
45,26,110,22,3,178
45,27,114,14,3,186
45,28,118,37,3,165
46,1,10,25,3,206
46,2,14,29,3,188
46,3,18,18,3,196
46,4,22,23,3,201
46,5,26,29,3,191
46,6,30,18,3,197
46,7,34,20,3,193
46,8,38,17,3,196
46,9,42,30,3,180
46,10,46,27,3,174
46,11,50,20,3,180
46,12,54,20,3,184
46,13,58,29,3,154
46,14,62,23,3,178
46,15,66,23,3,135
46,16,70,32,3,174
46,17,74,26,3,178
46,18,78,26,3,170
46,19,82,23,3,175
46,20,86,17,3,183
46,21,90,31,3,176
46,22,94,20,3,173
46,23,98,24,3,163
46,24,102,27,3,173
46,25,106,26,3,174
46,26,110,22,3,173
46,27,114,29,3,176
46,28,118,30,3,156
47,1,10,26,3,204
47,2,14,31,3,185
47,3,18,22,3,202
47,4,22,27,3,189
47,5,26,27,3,182
47,6,30,28,3,179
47,7,34,31,3,184
47,8,38,19,3,192
47,9,42,25,3,184
47,10,46,27,3,179
47,11,50,20,3,185
47,12,54,16,3,186
47,13,58,23,3,177
47,14,62,20,3,187
47,15,66,26,3,174
47,16,70,23,3,179
47,17,74,27,3,167
47,18,78,30,3,176
47,19,82,23,3,171
47,20,86,21,3,180
48,1,10,29,3,181
48,2,14,25,3,200
48,3,18,29,3,195
48,4,22,21,3,199
48,5,26,24,3,192
48,6,30,30,3,183
48,7,34,26,3,181
48,8,38,23,3,195
48,9,42,19,3,195
48,10,46,18,3,190
48,11,50,16,3,189
48,12,54,29,3,176
48,13,58,19,3,189
48,14,62,30,3,161
48,15,66,31,3,172
48,16,70,26,3,183
48,17,74,27,3,177
48,18,78,17,3,185
48,19,82,29,3,152
48,20,86,25,3,175
48,21,90,27,3,168
48,22,94,28,3,169
48,23,98,34,3,160
48,24,102,31,3,171
48,25,106,24,3,178
48,26,110,24,3,163
48,27,114,27,3,167
48,28,118,23,3,184
49,1,10,24,3,202
49,2,14,27,3,181
49,3,18,17,3,204
49,4,22,20,3,198
49,5,26,25,3,194
49,6,30,22,3,187
49,7,34,28,3,180
49,8,38,25,3,183
49,9,42,16,3,196
49,10,46,22,3,186
49,11,50,27,3,177
49,12,54,16,3,191
49,13,58,26,3,172
49,14,62,23,3,176
49,15,66,29,3,172
49,16,70,28,3,171
49,17,74,25,3,179
50,1,10,23,3,210
50,2,14,28,3,197
50,3,18,18,3,206
50,4,22,29,3,196
50,5,26,29,3,193
50,6,30,27,3,194
50,7,34,23,3,191
50,8,38,22,3,190
50,9,42,24,3,191
50,10,46,29,3,176
50,11,50,20,3,187
50,12,54,29,3,169
50,13,58,25,3,177
50,14,62,26,3,172
50,15,66,24,3,180
50,16,70,19,3,184
50,17,74,25,3,181
51,1,10,21,1,0
51,2,14,24,3,204
51,3,18,30,3,194
51,4,22,28,3,192
51,5,26,13,2,3
52,1,10,29,3,2
52,2,14,26,3,198
52,3,18,27,3,199
52,4,22,19,3,200
52,5,26,32,3,186
52,6,30,26,3,195
52,7,34,32,3,184
52,8,38,18,3,193
52,9,42,22,3,176
52,10,46,23,3,179
52,11,50,16,3,187
52,12,54,16,3,180
53,1,10,28,3,198
53,2,14,16,3,206
53,3,18,25,3,205
53,4,22,21,3,199
53,5,26,32,3,187
53,6,30,10,3,203
53,7,34,33,3,184
53,8,38,21,3,183
53,9,42,29,3,186
53,10,46,23,3,185
53,11,50,23,3,176
53,12,54,18,3,187
53,13,58,23,3,180
53,14,62,17,3,183
53,15,66,5,3,196
53,16,70,23,3,177
53,17,74,22,3,176
53,18,78,20,3,179
53,19,82,20,3,186
54,1,10,30,3,201
54,2,14,25,3,205
54,3,18,26,3,201
54,4,22,33,3,191
54,5,26,20,3,201
54,6,30,33,3,181
54,7,34,29,3,176
54,8,38,21,3,189
54,9,42,23,3,190
54,10,46,15,3,190
54,11,50,18,3,190
54,12,54,23,3,177
54,13,58,16,3,183
54,14,62,23,3,178
54,15,66,28,3,166
54,16,70,21,3,182
54,17,74,24,3,171
55,1,10,27,3,200
55,2,14,25,3,208
55,3,18,24,3,200
55,4,22,30,1,0
55,5,26,10,3,206
55,6,30,23,3,191
55,7,34,24,3,190
55,8,38,28,3,184
55,9,42,27,3,183
55,10,46,19,3,193
55,11,50,25,3,180
55,12,54,29,3,141
55,13,58,24,3,174
55,14,62,27,3,176
55,15,66,27,3,160
55,16,70,25,3,175
55,17,74,22,3,166
55,18,78,22,3,179
55,19,82,28,3,174
55,20,86,21,3,181
55,21,90,15,3,187
55,22,94,25,3,175
55,23,98,28,3,168
55,24,102,23,3,179
56,1,10,28,3,203
56,2,14,15,3,210
56,3,18,13,3,209
56,4,22,25,3,194
56,5,26,23,3,12
56,6,30,18,3,190
56,7,34,18,3,194
56,8,38,29,3,186
56,9,42,27,3,176
56,10,46,24,3,184
57,1,10,30,3,202
57,2,14,27,3,197
57,3,18,27,3,196
57,4,22,30,3,190
57,5,26,18,3,204
57,6,30,19,3,199
57,7,34,31,3,180
57,8,38,15,3,198
57,9,42,15,3,195
57,10,46,22,3,190
57,11,50,24,3,182
57,12,54,16,3,185
58,1,10,33,3,193
58,2,14,22,3,193
58,3,18,30,3,197
58,4,22,20,3,191
58,5,26,24,3,195
58,6,30,27,3,188
58,7,34,10,3,201
59,1,10,18,3,208
59,2,14,35,3,194
59,3,18,27,3,200
59,4,22,22,3,200
59,5,26,19,3,202
59,6,30,22,3,196
59,7,34,21,3,196
59,8,38,26,3,188
59,9,42,24,3,184
59,10,46,16,3,188
59,11,50,17,3,188
59,12,54,24,3,173
59,13,58,25,3,178
59,14,62,27,3,174
59,15,66,28,3,173
59,16,70,24,3,177
60,1,10,25,3,201
60,2,14,20,3,202
60,3,18,29,3,202
60,4,22,24,3,198
60,5,26,21,3,197
60,6,30,21,3,197
60,7,34,22,3,192
60,8,38,26,3,187
60,9,42,24,3,189
60,10,46,19,3,187
60,11,50,16,3,186
60,12,54,20,3,186
60,13,58,20,3,183
60,14,62,18,3,176
60,15,66,16,3,184
60,16,70,17,3,185
60,17,74,27,3,174
60,18,78,32,3,172
60,19,82,25,3,176
60,20,86,21,3,181
60,21,90,14,3,188
60,22,94,0,3,202
61,1,10,19,3,10
61,2,14,16,3,2
61,3,18,27,3,196
61,4,22,29,3,194
61,5,26,31,3,192
61,6,30,13,3,201
61,7,34,17,3,193
61,8,38,24,3,191
61,9,42,26,3,182
61,10,46,28,3,185
61,11,50,24,3,185
61,12,54,16,3,184
61,13,58,26,3,176
61,14,62,25,3,177
61,15,66,19,3,184
61,16,70,26,3,175
61,17,74,17,3,187
61,18,78,20,3,186
61,19,82,23,3,180
61,20,86,30,3,172
62,1,10,28,3,200
62,2,14,21,3,207
62,3,18,23,3,198
62,4,22,24,3,192
62,5,26,22,3,182
62,6,30,22,3,192
62,7,34,28,3,191
62,8,38,23,3,186
62,9,42,23,3,187
62,10,46,19,3,179
62,11,50,22,3,180
62,12,54,21,3,185
62,13,58,27,3,179
62,14,62,22,3,138
62,15,66,16,3,179
62,16,70,21,3,179
62,17,74,26,3,174
62,18,78,17,3,182
62,19,82,15,3,182
62,20,86,20,3,178
62,21,90,18,3,180
62,22,94,16,3,181
63,1,10,20,3,208
63,2,14,34,3,193
63,3,18,20,3,205
63,4,22,29,3,193
63,5,26,29,3,189
63,6,30,18,3,204
63,7,34,29,3,189
63,8,38,24,3,187
63,9,42,10,3,198
63,10,46,27,3,184
63,11,50,24,3,165
63,12,54,24,3,177
63,13,58,18,3,180
63,14,62,23,3,179
63,15,66,15,3,185
63,16,70,28,3,174
63,17,74,27,3,170
63,18,78,25,3,174
63,19,82,14,3,189
63,20,86,27,3,176
63,21,90,15,3,189
63,22,94,25,3,172
63,23,98,27,3,174
63,24,102,25,3,179
63,25,106,23,3,179
64,1,10,19,3,210
64,4,22,16,3,205
64,5,26,25,3,190
64,6,30,23,3,191
64,7,34,26,3,189
64,8,38,30,3,176
64,9,42,18,3,188
64,10,46,17,3,191
64,11,50,24,3,187
64,12,54,27,3,177
65,1,10,21,3,205
65,2,14,28,3,3
65,3,18,24,3,195
65,4,22,31,3,198
65,5,26,29,3,1
65,6,30,32,3,190
65,7,34,10,3,204
65,8,38,34,3,181
65,9,42,29,3,180
65,10,46,19,3,181
65,11,50,16,3,191
66,1,10,16,3,207
66,3,18,26,3,195
66,4,22,24,3,194
66,5,26,33,3,187
66,6,30,29,3,192
66,7,34,24,3,193
66,8,38,26,3,193
66,9,42,22,3,191
66,10,46,25,3,161
66,11,50,14,3,188
67,1,10,21,3,207
67,3,18,23,3,204
67,4,22,24,3,206
67,5,26,27,3,192
67,6,30,29,3,189
67,7,34,25,3,185
67,8,38,19,3,192
67,9,42,23,3,191
67,10,46,22,3,193
67,11,50,19,3,187
67,12,54,22,3,181
67,13,58,23,3,172
67,14,62,23,3,180
67,15,66,21,3,184
67,16,70,25,3,179
67,17,74,25,3,179
68,1,10,21,3,207
68,2,14,24,3,200
68,3,18,21,3,12
68,5,26,20,3,197
68,6,30,26,3,191
68,7,34,17,3,189
68,8,38,23,3,183
68,9,42,24,3,187
68,10,46,19,3,186
68,11,50,22,3,181
69,1,10,31,3,196
69,2,14,19,3,209
69,3,18,24,3,198
69,4,22,26,3,193
69,5,26,28,3,196
69,6,30,28,3,192
69,7,34,23,3,187
69,8,38,21,3,191
69,9,42,29,3,183
69,10,46,16,3,190
69,11,50,10,3,192
69,12,54,17,3,185
69,13,58,26,3,180
69,14,62,18,3,179
69,15,66,25,3,177
69,16,70,28,3,176
69,17,74,29,3,172
69,18,78,12,3,193
69,19,82,26,3,175
69,20,86,27,3,140
69,21,90,23,3,180
69,22,94,31,3,172
69,23,98,17,3,186
69,24,102,32,3,165
70,1,10,17,1,0
70,2,14,28,3,198
70,3,18,23,3,200
70,4,22,28,3,194
70,5,26,19,3,201
70,6,30,28,3,190
70,7,34,25,3,188
70,8,38,27,3,189
70,9,42,32,3,182
70,10,46,11,3,194
70,11,50,34,3,177
70,12,54,28,3,173
70,13,58,31,3,162
70,14,62,28,3,171
70,15,66,12,3,189
70,16,70,29,3,171
70,17,74,15,3,182
70,18,78,14,3,186
70,19,82,17,3,177
71,1,10,20,3,209
71,2,14,31,3,198
71,3,18,17,3,200
71,4,22,30,3,193
71,5,26,32,3,192
71,6,30,19,3,198
71,7,34,20,3,194
71,8,38,27,3,186
71,9,42,16,3,203
71,10,46,25,3,188
71,11,50,27,3,182
71,12,54,33,3,171
71,13,58,26,3,178
72,2,14,28,3,197
72,3,18,23,3,201
72,5,26,21,3,194
72,6,30,25,3,191
72,7,34,24,3,191
72,8,38,20,3,195
72,9,42,24,3,186
72,10,46,27,3,180
72,11,50,30,3,167
72,12,54,31,3,180
72,13,58,23,3,172
72,14,62,16,3,187
72,15,66,22,3,185
72,16,70,29,3,169
72,17,74,30,3,173
72,18,78,21,3,177
72,19,82,27,3,180
72,20,86,25,3,172
72,21,90,29,3,175
72,22,94,15,3,181
73,2,14,25,3,205
73,3,18,22,3,204
73,4,22,26,3,192
73,5,26,21,3,198
73,6,30,22,3,193
73,7,34,15,3,200
73,8,38,27,3,184
73,9,42,24,3,188
73,10,46,25,3,189
73,11,50,25,3,184
73,12,54,27,3,179
73,13,58,22,3,177
73,14,62,17,3,185
73,15,66,27,3,169
73,16,70,6,3,192
74,1,10,21,3,5
74,2,14,23,3,205
74,4,22,31,3,186
74,5,26,30,3,191
74,6,30,29,3,190
74,7,34,14,3,197
74,8,38,20,3,190
74,9,42,27,3,176
74,10,46,27,3,183
74,11,50,28,3,174
74,12,54,28,3,177
74,13,58,28,3,177
74,14,62,23,3,184
74,15,66,33,3,169
74,16,70,24,3,180
74,17,74,23,3,182
74,18,78,23,3,182
74,19,82,19,3,180
75,1,10,30,3,200
75,2,14,20,3,205
75,3,18,27,3,197
75,4,22,28,3,196
75,5,26,25,3,200
75,6,30,25,3,196
75,7,34,19,3,191
75,8,38,20,3,193
75,9,42,29,3,176
75,10,46,29,3,180
75,11,50,23,3,188
75,12,54,24,3,175
75,13,58,21,3,179
75,14,62,26,3,172
75,15,66,25,3,179
75,16,70,25,3,182
75,17,74,12,3,186
75,18,78,24,3,172
75,19,82,23,3,177
75,20,86,34,3,153
75,21,90,25,3,172
75,22,94,31,3,165
75,23,98,30,3,175
75,24,102,18,3,182
75,25,106,28,3,162
76,1,10,26,3,204
76,2,14,23,3,202
76,3,18,17,3,13
76,4,22,26,3,184
76,5,26,21,3,197
76,6,30,25,3,190
76,7,34,22,3,193
76,8,38,27,3,180
76,9,42,23,3,191
76,10,46,16,3,192
77,1,10,30,3,197
77,2,14,25,3,200
77,3,18,28,3,3
77,4,22,18,3,196
77,5,26,31,3,185
77,6,30,27,3,189
77,7,34,28,3,184
77,8,38,26,3,188
77,9,42,21,3,185
77,10,46,23,3,180
77,11,50,26,3,183
77,12,54,17,3,185
77,13,58,15,3,190
78,1,10,18,3,202
78,2,14,27,3,197
78,3,18,32,3,190
78,4,22,28,3,188
78,5,26,9,3,205
78,6,30,23,3,191
78,7,34,29,3,189
78,8,38,27,3,189
78,9,42,16,3,191
78,10,46,27,3,173
78,11,50,24,3,179
78,12,54,24,3,183
78,13,58,21,3,179
78,14,62,17,3,185
78,15,66,23,3,178
78,16,70,28,3,181
78,17,74,29,3,167
78,18,78,25,3,182
78,19,82,23,3,177
78,20,86,22,3,181
78,21,90,26,3,161
78,22,94,17,3,183
78,23,98,16,3,185
78,24,102,29,3,174
78,25,106,19,3,184
79,1,10,21,3,208
79,2,14,21,3,200
79,3,18,34,3,197
79,4,22,20,3,197
79,5,26,26,3,195
79,6,30,31,3,187
79,7,34,14,3,198
79,8,38,30,3,181
79,9,42,20,3,191
79,10,46,33,3,181
79,11,50,27,3,182
79,12,54,25,3,180
79,13,58,28,3,173
79,14,62,26,3,178
79,15,66,24,3,156
79,16,70,14,3,191
79,17,74,17,3,171
79,18,78,20,3,175
79,19,82,24,3,178
79,20,86,20,3,180
79,21,90,24,3,176
79,22,94,25,3,178
80,1,10,27,3,201
80,2,14,24,3,202
80,3,18,33,3,197
80,4,22,30,3,188
80,5,26,26,3,188
80,6,30,15,3,203
80,7,34,22,3,192
80,8,38,33,3,181
80,9,42,29,3,175
80,10,46,23,3,185
80,11,50,25,3,185
80,12,54,33,3,172
80,13,58,29,3,174
80,14,62,32,3,176
80,15,66,26,3,175
80,16,70,26,3,176
80,17,74,27,3,162
80,18,78,19,3,178
80,19,82,22,3,174
81,1,10,29,3,197
81,2,14,26,3,199
81,3,18,26,3,197
81,4,22,24,3,196
81,5,26,27,3,189
81,6,30,30,3,189
81,7,34,31,3,185
81,8,38,25,3,180
81,9,42,20,3,192
81,10,46,10,3,197
81,11,50,20,3,188
81,12,54,26,3,177
81,13,58,11,3,182
81,14,62,30,3,166
81,15,66,25,3,160
81,16,70,27,3,174
81,17,74,23,3,177
81,18,78,24,3,175
81,19,82,12,3,181
81,20,86,23,3,177
81,21,90,22,3,189
81,22,94,20,3,184
81,23,98,21,3,180
81,24,102,27,3,170
81,25,106,20,3,170
81,26,110,23,3,181
81,27,114,22,3,180
81,28,118,15,2,3
82,1,10,21,3,208
82,2,14,28,3,196
82,3,18,20,3,212
82,4,22,22,3,200
82,5,26,16,3,203
82,6,30,25,3,193
82,7,34,27,3,187
82,8,38,27,3,178
82,9,42,26,3,188
82,10,46,26,3,187
82,11,50,25,3,186
82,12,54,25,3,173
82,13,58,22,3,180
82,14,62,20,3,182
82,15,66,25,3,171
82,16,70,18,3,180
82,17,74,17,3,188
82,18,78,14,3,183
82,19,82,15,3,191
82,20,86,23,3,180
82,21,90,28,3,178
82,22,94,31,3,175
82,23,98,29,3,172
83,1,10,21,3,209
83,2,14,24,3,198
83,3,18,20,3,197
83,4,22,28,3,197
83,5,26,19,3,200
83,6,30,20,3,195
83,7,34,34,3,184
83,8,38,21,3,190
83,9,42,31,3,177
83,10,46,23,3,183
84,1,10,19,3,207
84,2,14,23,3,204
84,3,18,29,3,194
84,4,22,24,3,195
84,5,26,21,3,196
84,6,30,28,3,190
84,7,34,23,3,196
84,8,38,26,3,194
84,9,42,23,3,188
84,10,46,23,3,178
84,11,50,21,3,187
84,12,54,22,3,179
84,13,58,22,3,179
84,14,62,22,3,176
84,15,66,25,3,178
84,16,70,23,3,176
84,17,74,30,3,170
84,18,78,22,3,185
84,19,82,25,3,174
84,20,86,25,3,168
84,21,90,25,3,182
84,22,94,27,3,175
84,23,98,25,3,166
84,24,102,24,3,171
84,25,106,19,3,185
84,26,110,27,3,170
84,27,114,11,3,185
85,1,10,30,3,2
85,3,18,23,3,193
85,4,22,34,3,190
85,5,26,32,3,183
85,6,30,18,3,199
85,7,34,22,3,185
85,8,38,32,3,186
85,9,42,27,3,176
85,10,46,30,3,179
85,11,50,25,3,181
85,12,54,29,3,174
85,13,58,24,3,174
85,14,62,22,3,175
85,15,66,28,3,173
85,16,70,20,3,176
85,17,74,14,3,192
85,18,78,15,3,186
85,19,82,19,3,182
85,20,86,22,3,180
85,21,90,27,3,174
86,1,10,21,3,203
86,2,14,26,3,196
86,3,18,18,3,202
86,4,22,24,3,198
86,5,26,22,3,203
86,6,30,27,3,189
86,7,34,27,3,190
86,8,38,24,3,190
86,9,42,22,3,188
86,10,46,20,3,193
86,11,50,23,3,182
86,12,54,17,3,180
86,13,58,6,3,195
86,14,62,17,3,188
86,15,66,24,3,179
86,16,70,26,3,176
86,17,74,22,3,180
86,18,78,31,3,170
86,19,82,19,3,177
86,20,86,33,3,166
86,21,90,30,3,175
86,22,94,25,3,172
86,23,98,15,3,187
87,1,10,30,3,203
87,2,14,22,3,206
87,3,18,19,3,206
87,4,22,22,3,194
87,5,26,29,3,191
87,6,30,32,3,184
87,7,34,24,3,194
87,8,38,20,3,191
87,9,42,19,3,193
87,10,46,27,3,177
87,11,50,22,3,189
87,12,54,23,3,183
87,13,58,34,3,168
87,14,62,19,3,183
87,15,66,25,3,181
87,16,70,25,3,175
88,1,10,26,3,206
88,2,14,16,3,207
88,3,18,29,3,199
88,4,22,21,3,200
88,5,26,25,3,194
88,6,30,30,3,189
88,7,34,22,3,192
88,8,38,28,3,187
88,9,42,27,3,186
88,10,46,26,3,188
88,11,50,20,3,187
88,12,54,24,3,179
88,13,58,22,3,170
88,14,62,22,3,175
88,15,66,23,3,173
88,16,70,12,3,187
88,17,74,25,3,179
88,18,78,24,3,179
89,1,10,17,3,205
89,2,14,29,3,197
89,3,18,24,3,196
89,4,22,22,3,200
89,5,26,23,3,190
89,6,30,27,3,194
89,7,34,31,3,190
89,8,38,16,3,192
89,9,42,16,3,193
89,10,46,24,3,189
89,11,50,27,3,179
89,12,54,29,3,177
89,13,58,25,3,176
89,14,62,17,3,181
89,15,66,24,3,178
89,16,70,19,3,180
89,17,74,24,3,177
90,1,10,26,3,202
90,2,14,19,3,205
90,3,18,23,3,203
90,4,22,28,3,196
90,5,26,32,3,186
90,6,30,21,3,195
90,7,34,30,3,183
90,8,38,17,3,195
90,9,42,20,3,191
90,10,46,24,3,183
90,11,50,14,3,191
90,12,54,26,3,157
90,13,58,22,3,160
90,14,62,24,3,182
90,15,66,21,3,179
90,16,70,20,3,180
90,17,74,28,3,158
90,18,78,27,3,179
90,19,82,26,3,170
90,20,86,11,3,192
90,21,90,20,3,183
90,22,94,28,3,179
90,23,98,20,3,182
91,1,10,27,3,201
91,2,14,22,3,206
91,3,18,17,3,205
91,4,22,29,3,197
91,5,26,14,3,204
91,6,30,32,3,184
91,7,34,22,3,187
91,8,38,28,3,174
91,9,42,22,3,192
91,10,46,18,3,189
91,11,50,16,3,186
91,12,54,32,3,173
91,13,58,21,3,182
91,14,62,16,3,183
91,15,66,31,3,159
91,16,70,26,3,160
91,17,74,18,3,185
91,18,78,24,3,180
91,19,82,20,3,186
91,20,86,26,3,160
91,21,90,30,3,167
91,22,94,32,3,171
91,23,98,21,3,185
92,1,10,23,3,205
92,3,18,28,3,197
92,4,22,30,3,192
92,5,26,25,3,186
92,6,30,25,3,195
92,7,34,30,3,180
92,8,38,28,3,190
92,9,42,31,3,184
92,10,46,35,3,177
92,11,50,22,3,182
92,12,54,25,3,172
92,13,58,27,3,178
92,14,62,19,3,182
92,15,66,29,3,181
92,16,70,24,3,179
92,17,74,21,3,179
92,18,78,32,3,177
92,19,82,27,3,177
92,20,86,21,3,179
92,21,90,28,3,172
92,22,94,28,3,175
92,23,98,20,3,178
93,1,10,23,3,207
93,2,14,28,3,199
93,3,18,26,3,201
93,4,22,22,3,199
93,5,26,31,3,190
93,6,30,24,3,188
93,7,34,30,3,187
93,8,38,23,3,193
93,9,42,26,3,186
93,10,46,10,3,196
93,11,50,19,3,184
93,12,54,31,3,122
93,13,58,19,3,177
93,14,62,27,3,176
93,15,66,18,3,186
93,16,70,33,3,170
93,17,74,27,3,167
93,18,78,24,3,178
94,1,10,18,3,202
94,2,14,30,3,197
94,3,18,27,3,12
94,4,22,31,3,191
94,5,26,23,3,200
94,6,30,21,3,195
94,7,34,21,3,194
94,8,38,20,3,192
94,9,42,22,3,189
94,10,46,18,3,190
94,11,50,14,3,187
94,12,54,23,3,175
94,13,58,21,3,185
94,14,62,27,3,175
94,15,66,18,3,176
94,16,70,27,3,180
94,17,74,21,3,180
94,18,78,25,3,180
94,19,82,24,3,179
94,20,86,20,3,180
94,21,90,29,3,169
94,22,94,32,3,169
94,23,98,20,3,169
94,24,102,11,3,189
94,25,106,19,3,178
95,1,10,23,3,208
95,2,14,24,3,196
95,3,18,11,3,210
95,4,22,25,3,195
95,5,26,21,3,199
95,6,30,26,3,173
95,7,34,29,3,185
95,8,38,22,3,191
95,9,42,20,3,179
95,10,46,17,3,182
95,11,50,20,3,188
95,12,54,16,3,190
95,13,58,16,3,178
95,14,62,26,3,179
95,15,66,20,3,186
95,16,70,27,3,171
95,17,74,30,3,168
95,18,78,25,3,180
95,19,82,19,3,182
95,20,86,26,3,172
95,21,90,22,3,178
95,22,94,29,3,168
96,1,10,27,3,199
96,2,14,29,3,197
96,3,18,27,3,198
96,4,22,23,3,193
96,5,26,32,3,191
96,6,30,15,3,200
96,7,34,13,3,201
96,8,38,34,3,179
96,9,42,33,3,175
96,10,46,20,3,191
96,11,50,25,3,184
96,12,54,26,3,183
96,13,58,23,3,169
96,14,62,21,3,181
96,15,66,26,3,172
96,16,70,24,3,179
96,17,74,22,3,187
96,18,78,22,3,182
96,19,82,15,3,181
96,20,86,18,3,185
96,21,90,25,3,175
96,22,94,25,3,176
96,23,98,13,3,193
97,1,10,29,3,201
97,2,14,24,3,201
97,3,18,30,3,196
97,4,22,6,3,213
97,5,26,22,3,196
97,6,30,29,3,175
97,7,34,30,3,181
97,8,38,27,3,189
97,9,42,26,3,184
97,10,46,17,3,188
97,11,50,21,3,183
97,12,54,23,3,182
97,13,58,27,3,176
97,14,62,25,3,175
97,15,66,16,3,185
98,1,10,31,3,195
98,3,18,10,3,213
98,4,22,21,3,201
98,5,26,31,3,186
98,6,30,27,3,194
98,7,34,21,3,193
98,8,38,25,3,186
98,9,42,21,3,189
98,10,46,27,3,179
98,11,50,28,3,177
98,12,54,26,3,176
98,13,58,28,3,171
98,14,62,28,3,174
98,15,66,26,3,167
98,16,70,19,3,181
98,17,74,16,3,184
98,18,78,28,3,177
98,19,82,23,3,177
98,20,86,30,3,157
98,21,90,24,3,175
98,22,94,19,3,185
98,23,98,9,3,194
98,24,102,16,3,180
98,25,106,17,3,187
98,26,110,14,3,183
98,27,114,21,3,176
98,28,118,30,3,166
98,29,122,26,3,173
98,30,126,26,3,176
98,31,130,30,3,175
98,32,134,15,3,185
98,33,138,26,3,163
99,1,10,30,3,196
99,2,14,26,3,202
99,3,18,30,3,196
99,4,22,24,3,195
99,5,26,15,3,204
99,6,30,27,3,189
99,7,34,32,3,165
99,8,38,17,3,192
99,9,42,10,3,197
100,1,10,23,3,202
100,2,14,32,3,193
100,3,18,22,3,187
100,4,22,27,3,199
100,5,26,28,3,184
100,6,30,25,3,191
100,7,34,22,3,188
100,8,38,17,3,189
100,9,42,22,3,186
100,10,46,23,3,189
100,11,50,24,3,179
100,12,54,26,3,177
100,13,58,16,3,183
100,14,62,14,3,186
100,15,66,28,3,176
100,16,70,34,3,168
100,17,74,25,3,176
100,18,78,29,3,171
100,19,82,27,3,178
100,20,86,27,3,176
100,21,90,23,3,176
100,22,94,29,3,172
101,2,14,15,3,209
101,3,18,26,3,204
101,4,22,24,3,200
101,5,26,26,3,193
101,6,30,23,3,196
101,7,34,24,3,176
101,8,38,32,3,169
101,9,42,28,3,177
101,10,46,21,3,189
101,11,50,27,3,179
101,12,54,25,3,179
101,13,58,24,3,182
101,14,62,25,3,179
101,15,66,22,3,169
102,1,10,26,3,199
102,2,14,23,3,201
102,3,18,36,3,186
102,4,22,25,3,189
102,5,26,27,3,194
102,6,30,24,3,187
102,7,34,16,3,200
102,8,38,16,3,194
102,9,42,24,3,184
102,10,46,31,3,182
102,11,50,25,3,181
102,12,54,15,3,188
102,13,58,28,3,168
102,14,62,27,3,176
102,15,66,24,3,186
102,16,70,23,3,178
102,17,74,28,3,164
102,18,78,22,3,182
103,1,10,27,3,203
103,2,14,26,3,203
103,3,18,22,3,192
103,4,22,25,3,202
103,5,26,35,3,1
103,6,30,21,3,199
103,7,34,24,3,189
103,8,38,20,3,190
103,9,42,15,3,190
103,10,46,14,3,197
103,11,50,20,3,186
103,12,54,22,3,170
103,13,58,25,3,182
103,14,62,26,3,176
103,15,66,18,3,184
103,16,70,19,3,182
103,17,74,26,3,175
103,18,78,14,3,183
103,19,82,26,3,172
103,20,86,25,3,174
103,21,90,25,3,171
103,22,94,27,3,169
103,23,98,20,3,180
103,24,102,25,3,178
103,25,106,23,3,181
104,1,10,29,3,205
104,2,14,14,3,209
104,3,18,24,3,197
104,4,22,6,3,210
104,5,26,19,3,200
104,6,30,24,3,190
104,7,34,27,3,193
104,8,38,29,3,177
104,9,42,22,3,192
104,10,46,26,3,170
104,11,50,25,3,183
104,12,54,19,3,185
104,13,58,26,3,170
104,14,62,20,3,182
104,15,66,23,3,174
104,16,70,20,3,177
104,17,74,21,3,183
104,18,78,31,3,170
104,19,82,32,3,172
104,20,86,11,3,187
105,1,10,23,3,208
105,2,14,26,3,196
105,3,18,19,3,201
105,4,22,33,3,188
105,5,26,22,3,198
105,6,30,28,3,184
105,7,34,22,3,192
105,8,38,22,3,188
105,9,42,22,3,190
105,10,46,18,3,190
105,11,50,30,3,162
105,12,54,24,3,187
105,13,58,22,3,178
105,14,62,30,3,176
105,15,66,18,3,186
105,16,70,16,3,172
105,17,74,34,3,165
105,18,78,25,3,171
105,19,82,12,3,187
106,1,10,25,3,203
106,2,14,28,3,196
106,3,18,34,3,182
106,4,22,16,3,204
106,5,26,23,3,193
106,6,30,21,3,194
106,7,34,26,3,189
106,8,38,26,3,187
106,9,42,28,3,186
106,10,46,21,3,189
106,11,50,23,3,185
106,12,54,21,3,181
106,13,58,27,3,176
106,14,62,25,3,177
106,15,66,15,3,192
106,16,70,14,3,182
106,17,74,16,3,184
106,18,78,27,3,164
106,19,82,27,3,179
106,20,86,21,3,181
106,21,90,27,3,178
106,22,94,24,3,162
107,1,10,22,3,202
107,2,14,26,3,200
107,3,18,27,3,198
107,4,22,21,3,193
107,5,26,23,3,192
107,6,30,25,3,193
107,7,34,22,3,168
107,8,38,31,3,175
107,9,42,29,3,184
107,10,46,28,3,181
107,11,50,32,3,174
107,12,54,30,3,174
107,13,58,24,3,177
107,14,62,26,3,181
107,15,66,26,3,116
107,16,70,26,3,179
108,1,10,21,3,206
108,2,14,25,3,197
108,3,18,25,3,205
108,4,22,17,3,208
108,5,26,29,3,186
108,6,30,24,3,194
108,7,34,29,3,190
108,8,38,25,3,189
108,9,42,23,3,192
108,10,46,27,3,183
108,11,50,18,3,186
108,12,54,24,3,180
108,13,58,14,3,187
108,14,62,32,3,169
108,15,66,27,3,174
108,16,70,21,3,179
108,17,74,17,3,184
108,18,78,29,3,170
108,19,82,25,3,176
108,20,86,22,3,175
108,21,90,23,3,178
108,22,94,24,3,182
108,23,98,18,3,185
108,24,102,20,3,185
108,25,106,29,3,174
109,1,10,27,3,205
109,3,18,24,3,199
109,4,22,22,3,201
109,5,26,28,3,190
109,6,30,27,3,193
109,7,34,23,3,186
109,8,38,29,3,165
109,9,42,19,3,184
109,10,46,21,3,187
109,11,50,22,3,177
109,12,54,14,3,192
109,13,58,26,3,174
109,14,62,9,3,187
109,15,66,31,3,172
109,16,70,15,3,171
110,1,10,11,3,212
110,2,14,25,3,199
110,3,18,34,3,185
110,5,26,24,3,26
110,6,30,17,3,199
110,7,34,18,3,195
110,8,38,24,3,189
110,9,42,22,3,192
110,10,46,10,3,196
110,11,50,22,3,186
110,12,54,24,3,183
110,13,58,27,3,168
110,14,62,23,3,178
111,1,10,28,3,197
111,2,14,29,3,201
111,3,18,24,3,5
111,4,22,25,3,195
111,5,26,28,3,200
111,6,30,19,3,196
111,7,34,20,3,191
111,8,38,25,3,190
111,9,42,24,3,184
111,10,46,23,3,181
111,11,50,30,3,175
111,12,54,18,3,185
111,13,58,25,3,177
111,14,62,29,3,154
111,15,66,35,3,160
111,16,70,18,3,182
111,17,74,29,3,178
111,18,78,27,3,173
111,19,82,20,3,175
111,20,86,21,3,173
113,1,10,20,3,205
113,2,14,31,3,199
113,3,18,22,3,201
113,4,22,21,3,202
113,5,26,39,3,184
113,6,30,26,3,185
113,7,34,29,3,189
113,8,38,25,3,186
113,9,42,20,3,190
113,10,46,27,3,183
113,11,50,21,3,185
113,12,54,29,3,174
113,13,58,24,3,175
113,14,62,29,3,178
113,15,66,23,3,179
113,16,70,27,3,174
113,17,74,21,3,175
113,18,78,29,3,176
114,1,10,25,3,202
114,2,14,28,3,193
114,3,18,18,3,210
114,4,22,31,3,179
114,5,26,19,3,198
114,6,30,23,3,195
114,7,34,24,3,193
114,8,38,24,3,185
114,9,42,18,3,189
114,10,46,15,3,193
114,11,50,25,3,181
114,12,54,26,3,175
114,13,58,31,3,155
114,14,62,21,3,175
114,15,66,19,3,181
114,16,70,31,3,172
114,17,74,24,3,179
114,18,78,27,3,177
114,19,82,26,3,179
114,20,86,13,3,190
114,21,90,22,3,163
114,22,94,26,3,175
114,23,98,22,3,178
115,1,10,22,3,206
115,2,14,21,3,1
115,3,18,25,3,196
115,4,22,16,3,206
115,5,26,27,3,192
115,6,30,21,3,199
115,7,34,31,3,185
115,8,38,21,3,194
115,9,42,24,3,187
115,10,46,19,3,187
116,1,10,22,3,204
116,2,14,25,3,202
116,3,18,28,3,198
116,4,22,23,3,200
116,5,26,32,3,164
116,6,30,25,3,190
116,7,34,20,3,196
116,8,38,16,3,185
116,9,42,24,3,181
116,10,46,25,3,189
116,11,50,20,3,178
116,12,54,28,3,175
116,13,58,16,3,187
116,14,62,16,3,186
117,1,10,24,3,205
117,2,14,21,3,205
117,3,18,25,3,199
117,4,22,27,3,198
117,5,26,26,3,195
117,6,30,29,3,185
117,7,34,26,3,179
117,8,38,23,3,175
117,9,42,29,3,181
117,10,46,21,3,170
117,11,50,27,3,179
117,12,54,25,3,181
117,13,58,18,3,185
117,14,62,24,3,177
117,15,66,31,3,164
117,16,70,31,3,161
117,17,74,26,3,175
117,18,78,27,3,176
117,19,82,30,3,173
117,20,86,23,3,177
117,21,90,28,3,170
118,1,10,29,3,207
118,2,14,26,3,195
118,3,18,29,3,194
118,4,22,22,3,199
118,5,26,18,3,202
118,6,30,23,3,190
118,7,34,26,3,187
118,8,38,25,3,186
118,9,42,25,3,181
118,10,46,15,3,186
118,11,50,20,3,175
118,12,54,29,3,171
118,13,58,20,3,176
118,14,62,18,3,116
119,1,10,16,3,213
119,2,14,33,3,192
119,3,18,19,3,200
119,4,22,20,3,198
119,5,26,23,3,198
119,6,30,25,3,189
119,7,34,27,3,191
119,8,38,27,3,190
119,9,42,25,3,186
119,10,46,23,3,182
119,11,50,24,3,180
119,12,54,31,3,174
119,13,58,19,3,183
119,14,62,26,3,173
119,15,66,16,3,180
119,16,70,14,3,186
120,1,10,27,3,202
120,3,18,12,3,211
120,4,22,24,3,196
120,5,26,25,3,198
120,6,30,32,3,188
120,7,34,24,3,185
120,8,38,24,3,189
120,9,42,21,3,181
120,10,46,23,3,185
120,11,50,32,3,147
120,12,54,29,3,173
120,13,58,20,3,176
120,14,62,32,3,162
120,15,66,20,3,181
120,16,70,32,3,167
121,1,10,22,3,1
121,2,14,20,3,207
121,3,18,9,3,212
121,4,22,10,3,210
121,5,26,34,3,184
121,6,30,17,3,196
121,7,34,24,3,186
121,8,38,14,3,193
121,9,42,28,3,183
121,10,46,26,3,185
121,11,50,29,3,168
121,12,54,17,3,186
121,13,58,13,3,182
121,14,62,15,3,185
121,15,66,24,3,173
121,16,70,20,3,187
121,17,74,27,3,175
121,18,78,26,3,178
121,19,82,28,3,172
121,20,86,21,3,181
122,1,10,19,3,206
122,2,14,21,3,206
122,3,18,30,3,197
122,4,22,21,3,194
122,5,26,24,3,195
122,6,30,21,3,195
122,7,34,22,3,189
122,8,38,24,3,187
122,9,42,7,3,199
122,10,46,17,3,188
122,11,50,28,3,172
122,12,54,25,3,181
122,13,58,21,3,180
122,14,62,29,3,169
122,15,66,21,3,184
122,16,70,20,3,182
123,1,10,23,3,204
123,2,14,32,3,194
123,3,18,24,3,198
123,4,22,26,3,192
123,5,26,26,3,193
123,6,30,18,3,198
123,7,34,26,3,187
123,8,38,24,3,190
123,9,42,28,3,182
123,10,46,19,3,188
123,11,50,28,3,180
123,12,54,27,3,170
123,13,58,22,3,177
123,14,62,26,3,175
124,1,10,19,3,206
124,2,14,27,3,199
124,3,18,20,3,205
124,4,22,20,3,201
124,5,26,23,3,196
124,6,30,24,3,195
124,7,34,26,3,195
124,8,38,24,3,192
124,9,42,28,3,180
124,10,46,16,3,194
124,11,50,23,3,186
124,12,54,31,3,169
124,13,58,17,3,181
124,14,62,22,3,172
124,15,66,25,3,175
124,16,70,23,3,183
124,17,74,26,3,162
124,18,78,27,3,168
124,19,82,22,3,176
124,20,86,35,3,160
124,21,90,11,3,194
124,22,94,29,3,174
124,23,98,28,3,179
125,1,10,28,3,205
125,2,14,31,3,196
125,3,18,23,3,200
125,4,22,26,3,194
125,5,26,20,3,199
125,6,30,25,3,190
125,7,34,27,3,191
125,8,38,26,3,191
125,9,42,23,3,180
125,10,46,22,3,194
125,11,50,14,3,189
125,12,54,26,3,177
125,13,58,24,3,182
125,14,62,23,3,178
125,15,66,27,3,175
125,16,70,30,3,174
125,17,74,13,3,190
125,18,78,29,3,170
125,19,82,29,3,175
125,20,86,21,3,181
125,21,90,19,3,179
125,22,94,18,3,187
125,23,98,24,3,174
125,24,102,24,3,176
125,25,106,16,3,181
125,26,110,27,3,172
125,27,114,18,3,180
126,1,10,24,3,206
126,2,14,27,3,198
126,3,18,26,3,193
126,4,22,21,3,201
126,5,26,28,3,189
126,6,30,21,3,197
126,7,34,11,3,206
126,8,38,20,3,196
126,9,42,26,3,183
126,10,46,21,3,187
126,11,50,30,3,178
126,12,54,29,3,179
126,13,58,26,3,163
126,14,62,23,3,180
126,15,66,11,3,190
127,1,10,23,3,204
127,2,14,27,3,202
127,4,22,28,3,196
127,5,26,24,3,194
127,6,30,25,3,200
127,7,34,18,3,194
127,8,38,29,3,188
127,9,42,22,3,186
127,10,46,20,3,191
127,11,50,23,3,183
127,12,54,26,3,179
127,13,58,30,3,169
127,14,62,23,3,178
127,15,66,22,3,170
128,1,10,18,3,206
128,2,14,26,3,204
128,3,18,32,3,194
128,4,22,21,3,202
128,5,26,26,3,194
128,6,30,21,3,202
128,7,34,26,3,191
128,8,38,28,3,169
128,9,42,25,3,193
128,10,46,27,3,172
128,11,50,15,3,190
128,12,54,36,3,161
128,13,58,32,3,174
128,14,62,22,3,176
128,15,66,18,3,179
128,16,70,24,3,177
128,17,74,22,3,181
128,18,78,24,3,176
128,19,82,25,3,180
128,20,86,22,3,184
128,21,90,22,3,185
128,22,94,16,3,183
128,23,98,22,3,182
128,24,102,20,3,179
128,25,106,20,3,183
129,1,10,23,3,194
129,2,14,20,3,205
129,3,18,28,3,187
129,4,22,28,3,190
129,5,26,33,3,166
129,6,30,14,3,203
129,7,34,19,3,196
129,8,38,20,3,195
129,9,42,21,3,180
129,10,46,29,3,183
129,11,50,23,3,185
129,12,54,30,3,175
129,13,58,24,3,179
129,14,62,26,3,174
129,15,66,30,3,168
129,16,70,22,3,171
129,17,74,26,3,177
129,18,78,22,3,180
129,19,82,24,3,168
129,20,86,21,3,174
130,1,10,21,3,204
130,2,14,19,3,2
130,3,18,27,3,196
130,4,22,33,3,190
130,5,26,21,3,199
130,6,30,27,3,191
130,7,34,29,3,185
130,8,38,21,3,186
130,9,42,27,3,173
130,10,46,27,3,165
130,11,50,28,3,176
130,12,54,11,3,192
130,13,58,26,3,174
130,14,62,19,3,176
130,15,66,25,3,173
131,1,10,27,3,203
131,2,14,20,3,202
131,3,18,24,3,193
131,4,22,27,3,193
131,5,26,14,3,205
131,6,30,30,3,188
131,7,34,23,3,189
131,8,38,25,3,189
131,9,42,17,3,191
131,10,46,23,3,184
131,11,50,27,3,183
131,12,54,24,3,178
131,13,58,25,3,178
131,14,62,13,3,189
131,15,66,17,3,187
131,16,70,27,3,177
131,17,74,15,3,186
131,18,78,24,3,174
132,1,10,27,3,192
132,2,14,30,3,199
132,3,18,26,1,0
132,4,22,25,3,196
132,5,26,20,3,199
132,6,30,25,3,187
132,7,34,20,3,196
132,8,38,18,3,195
132,9,42,25,3,186
132,10,46,25,3,186
132,11,50,30,3,172
132,12,54,23,3,183
132,13,58,24,3,183
132,14,62,24,3,176
132,15,66,11,3,190
132,16,70,28,3,170
132,17,74,18,3,184
132,18,78,26,3,171
132,19,82,14,3,185
132,20,86,3,3,197
133,1,10,23,3,203
133,2,14,26,3,204
133,3,18,26,3,195
133,5,26,17,3,196
133,6,30,27,3,189
133,7,34,19,3,195
133,8,38,22,3,181
133,9,42,30,3,174
133,10,46,25,3,183
133,11,50,31,3,179
133,12,54,23,3,174
134,1,10,21,3,204
134,2,14,15,3,210
134,3,18,24,3,199
134,4,22,26,3,192
134,5,26,21,3,199
134,6,30,31,3,188
134,7,34,18,3,196
134,8,38,22,3,179
134,9,42,25,3,188
134,10,46,21,3,188
134,11,50,16,3,180
134,12,54,22,3,176
134,13,58,23,3,187
134,14,62,22,3,181
134,15,66,27,3,178
134,16,70,25,3,179
134,17,74,18,3,184
134,18,78,25,3,181
134,19,82,16,3,188
134,20,86,21,3,177
134,21,90,24,3,177
134,22,94,29,3,180
134,23,98,12,3,191
135,1,10,21,3,207
135,2,14,23,3,203
135,3,18,18,3,205
135,4,22,29,3,190
135,5,26,24,3,189
135,6,30,31,3,192
135,7,34,25,3,188
135,8,38,15,3,197
135,9,42,18,3,191
135,10,46,29,3,181
135,11,50,22,3,183
135,12,54,27,3,174
135,13,58,15,3,188
135,14,62,25,3,182
135,15,66,31,3,177
135,16,70,29,3,170
135,17,74,17,3,182
135,18,78,26,3,176
136,1,10,22,3,208
136,2,14,24,3,204
136,3,18,20,3,199
136,4,22,27,3,194
136,5,26,18,3,199
136,6,30,24,3,185
136,7,34,20,3,195
136,8,38,17,3,195
136,9,42,20,3,188
136,10,46,30,3,178
136,11,50,28,3,177
136,12,54,19,3,181
136,13,58,19,3,182
136,14,62,21,3,180
136,15,66,24,3,180
136,16,70,31,3,174
136,17,74,11,3,187
136,18,78,36,3,172
136,19,82,20,3,172
136,20,86,26,3,172
136,21,90,20,3,179
136,22,94,9,3,191
137,1,10,12,3,220
137,2,14,28,3,196
137,3,18,33,3,192
137,4,22,30,3,183
137,5,26,25,3,191
137,6,30,23,3,193
137,7,34,24,3,186
137,8,38,21,3,191
137,9,42,28,3,183
137,10,46,28,3,182
137,11,50,26,3,178
137,12,54,20,3,186
137,13,58,22,3,174
137,14,62,27,3,177
137,15,66,19,3,185
138,2,14,23,3,203
138,3,18,12,3,211
138,4,22,27,3,195
138,5,26,27,3,184
138,6,30,24,3,197
138,7,34,29,3,182
138,8,38,28,3,185
138,9,42,32,3,179
138,10,46,18,3,191
138,11,50,20,3,184
138,12,54,24,3,181
138,13,58,20,3,175
138,14,62,24,3,181
138,15,66,29,3,173
138,16,70,21,3,185
138,17,74,21,3,182
138,18,78,30,3,170
138,19,82,19,3,184
138,20,86,27,3,184
138,21,90,29,3,169
138,22,94,27,3,175
138,23,98,28,3,175
139,1,10,19,3,205
139,2,14,29,3,195
139,3,18,20,3,200
139,4,22,32,3,190
139,5,26,26,3,193
139,6,30,20,3,195
139,7,34,28,3,187
139,8,38,18,3,198
139,9,42,23,3,190
139,10,46,30,3,180
139,11,50,29,3,158
139,12,54,27,3,168
139,13,58,17,3,187
139,14,62,28,3,177
139,15,66,27,3,174
139,16,70,25,3,177
139,17,74,23,3,184
139,18,78,27,3,173
139,19,82,17,3,186
139,20,86,22,3,185
139,21,90,27,3,177
139,22,94,24,3,178
139,23,98,12,3,188
139,24,102,21,3,184
139,25,106,18,3,185
139,26,110,28,3,176
139,27,114,23,3,179
139,28,118,29,3,175
140,1,10,16,3,212
140,2,14,27,3,188
140,3,18,25,3,199
140,4,22,29,3,195
140,5,26,26,3,193
140,6,30,25,3,195
140,7,34,24,3,187
140,8,38,28,3,186
140,9,42,26,3,187
140,10,46,29,3,174
140,11,50,18,3,181
140,12,54,33,3,179
140,13,58,26,3,180
140,14,62,17,3,182
140,15,66,24,3,171
140,16,70,29,3,171
140,17,74,30,3,171
140,18,78,30,3,174
140,19,82,26,3,175
140,20,86,22,3,182
140,21,90,30,3,163
140,22,94,21,3,188
140,23,98,26,3,174
141,1,10,24,3,205
141,2,14,18,3,201
141,3,18,22,3,197
141,4,22,27,3,188
141,5,26,20,3,199
141,6,30,22,3,194
141,7,34,11,3,204
141,8,38,15,3,197
141,9,42,30,3,177
141,10,46,17,3,187
141,11,50,11,3,195
141,12,54,28,3,173
141,13,58,29,3,176
141,14,62,26,3,175
142,1,10,23,3,204
142,2,14,25,3,201
142,3,18,26,3,196
142,4,22,22,3,200
142,5,26,21,3,198
142,6,30,29,3,191
142,7,34,25,3,183
142,8,38,29,3,184
142,9,42,27,3,184
142,10,46,28,3,185
142,11,50,21,3,190
142,12,54,31,3,165
142,13,58,22,3,168
143,1,10,28,3,203
143,2,14,26,3,200
143,3,18,25,3,197
143,4,22,30,3,187
143,5,26,22,3,190
143,6,30,26,3,192
143,7,34,24,3,189
143,8,38,19,3,191
143,9,42,25,3,183
143,10,46,33,3,174
143,11,50,20,3,180
143,12,54,26,3,179
143,13,58,11,3,194
143,14,62,20,3,170
143,15,66,16,3,187
143,16,70,26,3,173
143,17,74,21,3,180
143,18,78,23,3,174
143,19,82,26,3,174
144,1,10,23,3,206
144,2,14,25,3,198
144,3,18,20,3,193
144,4,22,21,3,191
144,5,26,25,3,198
144,6,30,27,3,186
144,7,34,20,3,197
144,8,38,22,3,186
144,9,42,23,3,190
144,10,46,24,3,188
144,11,50,25,3,184
144,12,54,24,3,181
144,13,58,26,3,174
144,14,62,19,3,181
144,15,66,33,3,170
144,16,70,25,3,174
144,17,74,23,3,175
144,18,78,21,3,182
145,1,10,29,3,207
145,2,14,29,3,195
145,3,18,27,3,196
145,4,22,31,3,187
145,5,26,26,3,191
145,6,30,26,3,186
145,7,34,28,3,194
145,8,38,21,3,192
145,9,42,25,3,179
145,10,46,28,3,178
145,11,50,18,3,185
145,12,54,22,3,172
145,13,58,32,3,167
145,14,62,5,3,194
145,15,66,24,3,178
145,16,70,18,3,185
146,1,10,24,3,206
146,2,14,16,3,209
146,3,18,29,3,195
146,4,22,22,3,199
146,5,26,24,3,198
146,6,30,15,3,198
146,7,34,29,3,185
146,8,38,23,3,190
146,9,42,32,3,169
146,10,46,26,3,187
146,11,50,27,3,182
146,12,54,9,3,194
146,13,58,9,3,193
146,14,62,24,3,176
146,15,66,29,3,156
146,16,70,24,3,178
146,17,74,18,3,186
146,18,78,18,3,182
146,19,82,22,3,165
146,20,86,26,3,179
147,1,10,23,3,205
147,2,14,29,3,197
147,3,18,24,3,200
147,4,22,27,3,197
147,5,26,27,3,194
147,6,30,24,3,193
147,7,34,28,3,189
147,8,38,12,3,197
147,9,42,17,3,193
147,10,46,18,3,190
147,11,50,21,3,188
147,12,54,19,3,187
147,13,58,24,3,181
147,14,62,26,3,176
147,15,66,15,3,191
147,16,70,27,3,145
147,17,74,28,3,155
147,18,78,22,3,181
147,19,82,25,3,138
147,20,86,29,3,172
148,1,10,26,3,206
148,2,14,27,3,202
148,3,18,23,3,197
148,4,22,17,3,204
148,5,26,21,3,198
148,6,30,11,3,206
149,1,10,26,3,207
149,2,14,28,3,199
149,3,18,29,3,193
149,4,22,25,3,199
149,5,26,29,3,188
149,6,30,23,3,199
149,7,34,23,3,182
149,8,38,29,3,181
149,9,42,22,3,190
149,10,46,23,3,186
149,11,50,16,3,190
149,12,54,14,3,187
149,13,58,22,3,176
149,14,62,28,3,175
149,15,66,25,3,170
149,16,70,20,3,179
149,17,74,29,3,171
149,18,78,23,3,168
149,19,82,26,3,172
149,20,86,36,3,168
149,21,90,5,3,189
150,1,10,28,3,196
150,2,14,26,3,205
150,3,18,16,3,200
150,4,22,28,3,197
150,5,26,28,3,192
150,6,30,24,3,192
150,7,34,28,3,188
150,8,38,30,3,185
150,9,42,16,3,199
150,10,46,27,3,177
150,11,50,32,3,161
150,12,54,21,3,181
150,13,58,24,3,179
150,14,62,23,3,181
150,15,66,26,3,175
150,16,70,17,3,183
150,17,74,22,3,186
150,18,78,22,3,164
150,19,82,21,3,179
150,20,86,33,3,164
150,21,90,25,3,167
150,22,94,17,3,181
150,23,98,21,3,179
151,2,14,25,3,202
151,3,18,28,3,196
151,4,22,25,3,197
151,5,26,25,3,190
151,6,30,32,3,183
151,7,34,23,3,189
151,8,38,31,3,163
151,9,42,20,3,189
151,10,46,23,3,187
151,11,50,33,3,171
151,12,54,30,3,167
151,13,58,23,3,179
151,14,62,22,3,179
151,15,66,14,3,187
151,16,70,22,3,182
151,17,74,23,3,174
151,18,78,31,3,171
151,19,82,21,3,180
151,20,86,28,3,169
151,21,90,22,3,180
151,22,94,29,3,171
152,1,10,31,3,11
152,2,14,24,3,202
152,3,18,19,3,203
152,4,22,27,3,193
152,5,26,25,3,189
152,6,30,28,3,190
152,7,34,31,3,186
152,8,38,32,3,175
152,9,42,21,3,187
152,10,46,18,3,190
152,11,50,27,3,174
152,12,54,29,3,177
152,13,58,18,3,175
152,14,62,17,3,183
152,15,66,18,3,182
152,16,70,24,3,181
152,17,74,26,3,177
152,18,78,26,3,154
152,19,82,30,3,167
152,20,86,25,3,177
152,21,90,24,3,178
153,1,10,27,3,199
153,2,14,24,3,205
153,3,18,28,3,191
153,4,22,22,3,193
153,5,26,28,3,191
153,6,30,29,3,192
153,7,34,30,3,187
153,8,38,26,3,184
153,9,42,33,3,181
153,10,46,28,3,182
153,11,50,22,3,186
153,12,54,28,3,177
153,13,58,29,3,169
153,14,62,18,3,165
153,15,66,23,3,177
153,16,70,21,3,176
153,17,74,21,3,181
153,18,78,22,3,181
154,1,10,25,3,203
154,3,18,24,3,2
154,4,22,26,3,192
154,5,26,24,3,197
154,6,30,25,3,192
154,7,34,24,3,191
154,8,38,17,3,197
154,9,42,30,3,183
154,10,46,29,3,180
154,11,50,21,3,189
154,12,54,27,3,180
154,13,58,27,3,168
154,14,62,33,3,166
154,15,66,19,3,179
154,16,70,22,3,181
154,17,74,20,3,181
154,18,78,27,3,163
154,19,82,18,3,189
155,1,10,29,3,197
155,2,14,26,3,1
155,3,18,14,3,208
155,4,22,26,3,193
155,5,26,27,3,189
155,6,30,23,3,195
155,7,34,29,3,183
155,8,38,29,3,183
155,9,42,22,3,189
155,10,46,21,3,186
155,11,50,24,3,182
155,12,54,23,3,181
155,13,58,21,3,176
155,14,62,18,3,178
155,15,66,32,3,167
155,16,70,21,3,187
155,17,74,28,3,175
155,18,78,26,3,177
155,19,82,22,3,181
155,20,86,21,3,178
156,1,10,16,3,210
156,2,14,23,3,204
156,3,18,24,3,199
156,4,22,13,3,204
156,5,26,30,3,170
156,6,30,25,3,190
156,7,34,25,3,193
156,8,38,16,3,197
156,9,42,23,3,188
156,10,46,29,3,181
156,11,50,34,3,176
156,12,54,25,3,181
156,13,58,29,3,173
156,14,62,21,3,173
156,15,66,22,3,179
156,16,70,28,3,174
156,17,74,23,3,177
156,18,78,24,3,180
156,19,82,18,3,183
156,20,86,29,3,176
156,21,90,25,3,175
156,22,94,33,3,169
157,1,10,28,3,198
157,2,14,27,3,194
157,3,18,25,3,199
157,4,22,22,3,197
157,5,26,10,3,206
157,6,30,23,3,192
157,7,34,28,3,186
157,8,38,16,3,194
157,9,42,27,3,179
157,10,46,28,3,179
157,11,50,20,3,186
157,12,54,34,3,179
157,13,58,28,3,174
157,14,62,25,3,177
157,15,66,24,3,176
157,16,70,23,3,180
157,17,74,17,3,186
157,18,78,22,3,170
157,19,82,21,3,176
157,20,86,19,3,185
158,1,10,20,3,207
158,2,14,29,3,198
158,3,18,24,3,197
158,4,22,22,3,198
158,5,26,22,3,197
158,6,30,18,3,197
158,7,34,17,3,200
158,8,38,11,3,201
159,2,14,18,3,209
159,3,18,24,3,202
159,4,22,18,3,201
159,5,26,23,3,192
159,6,30,23,3,194
159,7,34,26,3,196
159,8,38,19,3,189
159,9,42,17,3,192
159,10,46,29,3,178
159,11,50,23,3,184
159,12,54,25,3,177
159,13,58,18,3,184
159,14,62,27,3,177
159,15,66,23,3,183
159,16,70,28,3,178
159,17,74,29,3,174
159,18,78,20,3,176
160,1,10,30,3,195
160,2,14,30,3,202
160,3,18,21,3,201
160,4,22,24,3,197
160,5,26,24,3,193
160,6,30,20,3,192
160,7,34,34,3,185
160,8,38,28,3,182
160,9,42,20,3,187
160,10,46,21,3,185
160,11,50,19,3,187
160,12,54,20,3,175
160,13,58,22,3,178
160,14,62,16,3,185
160,15,66,28,3,175
160,16,70,23,3,163
160,17,74,23,3,163
160,18,78,16,3,183
160,19,82,20,3,181
160,20,86,27,3,174
160,21,90,28,3,174
161,2,14,20,3,209
161,3,18,28,3,198
161,4,22,24,3,199
161,5,26,17,3,199
161,6,30,22,3,195
161,7,34,19,3,194
161,8,38,16,3,194
161,9,42,27,3,182
161,10,46,17,3,187
161,11,50,31,3,173
161,12,54,34,3,163
161,13,58,19,3,182
161,14,62,17,3,185
161,15,66,10,3,192
161,16,70,23,3,175
161,17,74,24,3,169
161,18,78,19,3,182
161,19,82,10,3,192
161,20,86,23,3,170
161,21,90,29,3,176
161,22,94,20,3,177
161,23,98,20,3,183
161,24,102,20,3,185
161,25,106,22,3,175
161,26,110,17,3,178
161,27,114,24,3,178
161,28,118,24,3,178
161,29,122,26,3,166
162,2,14,16,3,210
162,3,18,27,3,187
162,4,22,21,3,197
162,5,26,22,3,197
162,6,30,26,3,194
162,7,34,22,3,192
162,8,38,18,3,191
162,9,42,25,3,178
162,10,46,25,3,190
162,11,50,28,3,179
162,12,54,24,3,169
162,13,58,23,3,181
162,14,62,25,3,175
162,15,66,19,3,183
162,16,70,20,3,183
162,17,74,19,3,175
162,18,78,15,3,186
163,1,10,25,3,201
163,2,14,25,3,202
163,3,18,27,3,6
163,4,22,33,3,190
163,5,26,32,3,189
163,6,30,23,3,185
163,7,34,37,3,184
163,8,38,23,3,187
163,9,42,29,3,180
163,10,46,28,3,179
163,11,50,22,3,184
163,12,54,27,3,178
163,13,58,19,3,181
163,14,62,30,3,175
163,15,66,27,3,173
163,16,70,31,3,173
163,17,74,32,3,166
163,18,78,18,3,173
163,19,82,22,3,183
164,1,10,22,3,208
164,2,14,25,3,200
164,3,18,23,3,202
164,4,22,28,3,192
164,5,26,18,3,197
164,6,30,25,3,189
164,7,34,21,3,198
164,8,38,15,3,198
164,9,42,22,3,191
164,10,46,18,3,189
164,11,50,23,3,184
164,12,54,34,3,173
164,13,58,24,3,181
164,14,62,26,3,181
165,1,10,21,3,205
165,2,14,32,3,195
165,3,18,28,3,196
165,4,22,28,3,195
165,5,26,25,3,195
165,6,30,12,3,204
165,7,34,22,3,187
165,8,38,27,3,175
165,9,42,20,3,191
165,10,46,21,3,178
165,11,50,27,3,176
165,12,54,26,3,175
165,13,58,28,3,169
165,14,62,28,3,179
165,15,66,22,3,184
165,16,70,32,3,170
165,17,74,22,3,183
165,18,78,30,3,165
165,19,82,24,3,176
165,20,86,25,3,87
166,1,10,23,3,205
166,3,18,15,3,210
166,4,22,23,3,197
166,5,26,20,3,193
166,6,30,23,3,195
166,7,34,30,3,184
166,8,38,17,3,187
166,9,42,24,3,183
166,10,46,27,3,180
166,11,50,22,3,184
166,12,54,32,3,177
166,13,58,31,3,171
166,14,62,19,3,181
166,15,66,19,3,149
166,16,70,17,3,180
166,17,74,26,3,176
166,18,78,21,3,179
166,19,82,27,3,168
166,20,86,26,3,180
166,21,90,30,3,175
166,22,94,20,3,178
166,23,98,21,3,180
166,24,102,32,3,163
166,25,106,17,3,177
167,1,10,30,3,199
167,2,14,26,3,200
167,3,18,14,3,203
167,4,22,23,3,203
167,5,26,23,3,193
167,6,30,18,3,197
167,7,34,16,3,198
167,8,38,20,3,191
167,9,42,28,3,182
167,10,46,24,3,185
167,11,50,27,3,182
167,12,54,27,3,180
167,13,58,22,3,181
167,14,62,28,3,172
167,15,66,21,3,169
168,1,10,26,3,202
168,2,14,26,3,200
168,3,18,24,3,185
168,4,22,20,3,199
168,5,26,14,3,204
168,6,30,26,3,190
168,7,34,22,3,190
168,8,38,33,3,176
168,9,42,16,3,196
168,10,46,34,3,173
168,11,50,35,3,165
168,12,54,17,3,187
168,13,58,24,3,172
168,14,62,21,3,183
168,15,66,25,3,175
168,16,70,26,3,178
168,17,74,22,3,180
168,18,78,20,3,186
168,19,82,25,3,173
168,20,86,17,3,186
168,21,90,19,3,177
168,22,94,21,3,180
168,23,98,21,3,181
168,24,102,24,3,178
169,1,10,14,3,214
169,2,14,29,3,198
169,3,18,31,3,192
169,4,22,32,3,187
169,5,26,24,3,193
169,6,30,31,3,187
170,1,10,21,3,205
170,2,14,24,3,200
170,3,18,29,3,196
170,4,22,26,3,195
170,5,26,20,3,195
170,6,30,25,3,188
170,7,34,28,3,184
170,8,38,26,3,184
171,1,10,27,3,204
171,2,14,26,3,201
171,3,18,18,3,207
171,4,22,18,3,200
171,5,26,31,3,194
171,6,30,23,3,194
171,7,34,29,3,187
171,8,38,30,3,182
171,9,42,25,3,186
171,10,46,15,3,188
172,1,10,22,3,201
172,2,14,27,3,199
172,3,18,16,3,202
172,4,22,24,3,201
172,5,26,30,3,189
172,6,30,32,3,189
172,7,34,29,3,108
172,8,38,26,3,185
172,9,42,24,3,188
172,10,46,16,3,188
172,11,50,23,3,184
172,12,54,25,3,173
172,13,58,21,3,184
172,14,62,15,3,185
172,15,66,15,3,183
172,16,70,21,3,177
172,17,74,27,3,176
172,18,78,18,3,187
172,19,82,33,3,169
172,20,86,30,3,161
172,21,90,27,3,176
172,22,94,19,3,186
172,23,98,21,3,182
172,24,102,30,3,171
172,25,106,26,3,175
172,26,110,28,3,175
172,27,114,22,3,181
172,28,118,23,3,177
173,2,14,36,3,194
173,3,18,27,3,197
173,4,22,22,3,197
173,5,26,19,3,199
173,6,30,22,3,193
173,7,34,28,3,184
173,8,38,20,3,191
173,9,42,22,3,187
173,10,46,31,3,179
173,11,50,22,3,188
173,12,54,23,3,183
173,13,58,37,3,160
173,14,62,13,3,191
173,15,66,24,3,173
173,16,70,28,3,178
173,17,74,20,3,182
173,18,78,25,3,174
173,19,82,26,3,178
173,20,86,20,3,184
173,21,90,31,3,166
173,22,94,22,3,185
173,23,98,11,3,190
174,1,10,25,3,202
174,2,14,27,3,199
174,3,18,23,3,200
174,4,22,22,3,190
174,5,26,32,3,189
174,6,30,35,3,184
174,7,34,28,3,179
174,8,38,23,3,190
174,9,42,31,3,175
174,10,46,33,3,172
174,11,50,10,2,3
175,1,10,12,3,214
175,2,14,19,3,210
175,3,18,27,3,195
175,4,22,23,3,199
175,5,26,30,3,189
175,6,30,19,3,197
175,7,34,15,3,197
175,8,38,27,3,179
175,9,42,21,3,176
175,10,46,21,3,189
175,11,50,24,3,175
175,12,54,29,3,178
175,13,58,22,3,182
175,14,62,30,3,154
175,15,66,18,3,180
175,16,70,25,3,179
175,17,74,24,3,181
175,18,78,18,3,180
175,19,82,31,3,160
175,20,86,16,3,181
175,21,90,28,3,175
175,22,94,20,3,179
175,23,98,25,3,176
175,24,102,31,3,176
175,25,106,25,3,173
175,26,110,23,3,168
175,27,114,28,3,172
175,28,118,24,3,178
175,29,122,22,3,186
175,30,126,12,3,188
175,31,130,22,3,180
176,1,10,18,3,212
176,2,14,23,3,205
176,3,18,25,3,195
176,5,26,28,3,192
176,6,30,21,3,195
176,7,34,20,3,196
176,8,38,27,3,182
176,9,42,14,3,195
176,10,46,23,3,184
176,11,50,21,3,191
176,12,54,15,3,188
176,13,58,28,3,163
176,14,62,20,3,185
176,15,66,19,3,186
176,16,70,33,3,173
176,17,74,21,3,168
176,18,78,21,3,176
176,19,82,35,3,158
176,20,86,25,3,180
176,21,90,12,3,189
177,1,10,19,3,212
177,2,14,28,3,205
177,3,18,24,3,206
177,4,22,27,3,195
177,5,26,20,3,196
177,6,30,23,3,193
177,7,34,15,3,202
177,8,38,25,3,191
177,9,42,19,3,188
177,10,46,28,3,77
177,11,50,22,3,182
177,12,54,29,3,175
177,13,58,21,3,183
177,14,62,31,3,178
177,15,66,24,3,177
177,16,70,18,3,185
177,17,74,28,3,174
177,18,78,14,3,188
177,19,82,26,3,177
177,20,86,24,3,175
177,21,90,18,3,184
177,22,94,29,3,166
177,23,98,23,3,182
177,24,102,26,3,176
177,25,106,22,3,182
177,26,110,15,3,186
178,1,10,34,3,197
178,2,14,20,3,205
178,3,18,22,3,198
178,4,22,29,3,191
178,5,26,20,3,195
178,6,30,25,3,191
178,7,34,15,3,196
178,8,38,33,3,44
178,9,42,26,3,184
178,10,46,24,3,185
178,11,50,28,3,172
178,12,54,22,3,183
178,13,58,32,3,172
178,14,62,16,3,180
178,15,66,23,3,179
178,16,70,26,3,166
178,17,74,23,3,177
178,18,78,24,3,178
178,19,82,19,3,184
178,20,86,27,3,174
178,21,90,29,3,174
178,22,94,29,3,180
178,23,98,18,3,181
178,24,102,16,3,187
178,25,106,27,3,172
178,26,110,22,3,180
178,27,114,18,3,185
178,28,118,22,3,181
178,29,122,20,3,181
178,30,126,29,3,175
179,2,14,26,3,199
179,3,18,24,3,200
179,4,22,23,3,2
179,5,26,23,3,191
179,6,30,25,3,194
179,7,34,27,3,187
179,8,38,30,3,182
179,9,42,21,3,195
179,10,46,20,3,180
179,11,50,28,3,182
179,12,54,18,3,185
179,13,58,22,3,178
179,14,62,17,3,183
179,15,66,21,3,181
179,16,70,19,3,183
179,17,74,30,3,163
179,18,78,26,3,176
179,19,82,20,3,179
179,20,86,22,3,182
179,21,90,23,3,178
179,22,94,20,3,186
180,1,10,27,3,200
180,2,14,20,3,201
180,3,18,28,3,192
180,4,22,13,3,204
180,5,26,28,3,192
180,6,30,17,3,197
180,7,34,25,3,188
180,8,38,27,3,185
180,9,42,19,3,193
180,10,46,25,3,186
180,11,50,23,3,186
180,12,54,26,3,177
180,13,58,17,3,179
180,14,62,27,3,172
180,15,66,27,3,179
180,16,70,22,3,181
180,17,74,24,3,182
180,18,78,24,3,182
180,19,82,26,3,170
180,20,86,24,3,178
180,21,90,34,3,171
180,22,94,25,3,177
181,1,10,27,3,200
181,3,18,34,3,195
181,4,22,16,3,204
181,5,26,24,3,196
181,6,30,31,3,191
181,7,34,20,3,191
181,8,38,29,3,184
181,9,42,28,3,172
181,10,46,24,3,187
181,11,50,17,3,187
181,12,54,25,3,182
181,13,58,19,3,175
181,14,62,21,3,180
181,15,66,28,3,172
181,16,70,34,3,165
181,17,74,23,3,178
181,18,78,26,3,158
181,19,82,16,3,185
181,20,86,29,3,177
181,21,90,27,3,174
181,22,94,26,3,165
181,23,98,13,3,191
181,24,102,27,3,178
181,25,106,23,3,174
181,26,110,23,3,182
181,27,114,23,3,177
182,1,10,20,3,205
182,2,14,21,3,209
182,3,18,24,3,201
182,4,22,15,3,203
182,5,26,30,3,174
182,6,30,21,3,185
182,7,34,26,3,187
182,8,38,27,3,179
182,9,42,23,3,180
182,10,46,23,3,186
182,11,50,16,3,188
182,12,54,29,3,178
182,13,58,29,3,38
183,1,10,26,3,206
183,2,14,26,3,200
183,3,18,19,3,205
183,4,22,25,3,190
183,5,26,21,3,194
183,6,30,21,3,195
183,7,34,16,3,196
183,8,38,27,3,185
183,9,42,30,3,184
183,10,46,10,3,201
183,11,50,22,3,183
183,12,54,25,3,184
183,13,58,26,3,177
183,14,62,23,3,179
183,15,66,27,3,177
183,16,70,24,3,182
184,1,10,30,3,206
184,2,14,12,3,210
184,3,18,30,3,196
184,4,22,19,3,203
184,5,26,19,3,200
184,6,30,20,3,199
184,7,34,24,3,191
184,8,38,24,3,184
184,9,42,27,3,188
184,10,46,18,3,180
184,11,50,23,3,180
184,12,54,19,3,186
184,13,58,31,3,173
184,14,62,24,3,158
184,15,66,28,3,172
184,16,70,21,3,183
184,17,74,22,3,169
184,18,78,28,3,168
184,19,82,16,3,179
184,20,86,14,3,186
184,21,90,21,3,177
184,22,94,26,3,178
184,23,98,18,3,185
184,24,102,24,3,175
184,25,106,12,3,189
184,26,110,24,3,182
185,2,14,30,3,197
185,3,18,21,3,202
185,4,22,22,3,198
185,5,26,28,3,188
185,6,30,26,3,189
185,7,34,25,3,188
185,8,38,12,3,197
185,9,42,17,3,186
185,10,46,26,3,180
185,11,50,27,3,187
185,12,54,25,3,179
185,13,58,32,3,167
185,14,62,9,3,190
185,15,66,17,3,182
185,16,70,32,3,145
185,17,74,27,3,179
185,18,78,27,3,170
185,19,82,22,3,145
185,20,86,20,3,183
185,21,90,26,3,170
186,1,10,21,3,205
186,2,14,21,3,205
186,3,18,17,3,202
186,4,22,20,3,195
186,5,26,24,3,196
186,6,30,29,3,189
186,7,34,22,3,191
186,8,38,30,3,180
186,9,42,34,3,179
186,10,46,28,3,181
186,11,50,12,3,194
187,1,10,27,3,189
187,2,14,34,3,196
187,3,18,27,3,197
187,4,22,27,3,190
187,5,26,29,3,200
187,6,30,23,3,199
187,7,34,21,3,194
187,8,38,29,3,184
187,9,42,16,3,193
187,10,46,28,3,183
187,11,50,18,3,190
187,12,54,31,3,154
187,13,58,28,3,174
187,14,62,25,3,178
187,15,66,23,3,114
187,16,70,23,3,181
188,1,10,33,3,196
188,2,14,29,3,194
188,3,18,29,3,198
188,4,22,28,3,191
188,5,26,27,3,191
188,6,30,11,3,203
188,7,34,19,3,195
188,8,38,28,3,190
188,9,42,18,3,191
188,10,46,26,3,180
188,11,50,30,3,181
188,12,54,23,3,180
188,13,58,33,3,165
188,14,62,20,3,179
188,15,66,26,3,178
188,16,70,32,3,169
188,17,74,23,3,183
188,18,78,30,3,175
188,19,82,20,3,182
188,20,86,18,3,185
188,21,90,25,3,178
188,22,94,17,3,184
188,23,98,23,3,186
188,24,102,31,3,171
188,25,106,21,3,180
188,26,110,26,3,175
188,27,114,28,3,176
189,1,10,23,3,202
189,2,14,26,3,200
189,3,18,20,3,202
189,4,22,24,3,198
189,5,26,33,3,188
189,6,30,27,3,192
189,7,34,14,3,197
189,8,38,24,3,191
189,9,42,12,3,197
189,10,46,26,3,179
189,11,50,27,3,156
189,12,54,29,3,177
189,13,58,23,3,172
189,14,62,25,3,179
189,15,66,26,3,184
189,16,70,27,3,176
189,17,74,18,3,184
189,18,78,20,3,184
189,19,82,32,3,174
189,20,86,33,3,162
190,1,10,22,3,2
190,2,14,24,3,199
190,3,18,22,3,191
190,4,22,25,3,186
190,5,26,26,3,190
190,6,30,29,3,188
190,7,34,30,3,177
190,8,38,30,3,172
190,9,42,26,3,186
190,10,46,21,3,185
190,11,50,11,3,192
191,1,10,20,3,209
191,2,14,23,3,204
191,3,18,35,3,194
191,4,22,22,3,203
191,5,26,10,3,204
191,6,30,23,3,191
191,7,34,21,3,194
191,8,38,25,3,189
191,9,42,34,3,182
191,10,46,20,3,189
191,11,50,24,3,180
191,12,54,25,3,179
191,13,58,30,3,162
191,14,62,10,3,192
191,15,66,16,3,182
191,16,70,22,3,182
192,1,10,25,3,202
192,2,14,19,3,201
192,3,18,26,3,196
192,4,22,28,3,194
192,5,26,27,3,194
192,6,30,26,3,191
192,7,34,27,3,190
192,8,38,27,3,192
192,9,42,16,3,192
192,10,46,27,3,188
192,11,50,23,3,179
192,12,54,26,3,180
192,13,58,18,3,171
192,14,62,22,3,170
192,15,66,21,3,181
192,16,70,31,3,159
192,17,74,32,3,172
192,18,78,15,3,183
192,19,82,24,3,177
192,20,86,22,3,169
192,21,90,28,3,179
192,22,94,23,3,183
192,23,98,17,3,182
192,24,102,26,3,177
193,1,10,27,3,206
193,2,14,25,3,201
193,3,18,13,3,205
193,4,22,19,2,3
193,5,26,29,3,186
193,6,30,11,3,203
193,7,34,29,3,183
193,8,38,17,3,192
193,9,42,22,3,185
193,10,46,15,3,188
193,11,50,25,3,181
193,12,54,29,3,165
193,13,58,23,3,179
193,14,62,24,3,179
193,15,66,18,3,180
193,16,70,20,3,184
193,17,74,17,3,185
193,18,78,22,3,128
193,19,82,21,3,174
193,20,86,34,3,171
193,21,90,21,3,179
193,22,94,12,3,190
193,23,98,28,3,171
193,24,102,18,3,187
193,25,106,22,3,109
193,26,110,27,3,170
194,1,10,21,3,202
194,2,14,24,3,200
194,3,18,23,3,199
194,4,22,28,3,193
194,5,26,24,3,194
194,6,30,17,3,197
194,7,34,25,3,193
194,8,38,26,3,190
194,9,42,21,3,191
194,10,46,26,3,177
194,11,50,30,3,176
194,12,54,23,3,180
194,13,58,31,3,174
194,14,62,20,3,181
194,15,66,25,3,174
194,16,70,27,3,169
194,17,74,23,3,182
194,18,78,22,3,180
194,19,82,24,3,181
194,20,86,17,3,178
194,21,90,31,3,152
194,22,94,22,3,145
194,23,98,27,3,179
194,24,102,28,3,172
194,25,106,22,3,170
194,26,110,29,3,174
195,1,10,22,3,204
195,2,14,22,3,207
195,3,18,30,3,194
195,4,22,22,3,201
195,5,26,32,3,191
195,6,30,16,3,196
195,7,34,32,3,186
195,8,38,23,3,193
195,9,42,27,3,185
195,10,46,22,3,184
195,11,50,24,3,177
195,12,54,17,3,185
195,13,58,14,3,187
195,14,62,25,3,174
195,15,66,22,3,176
195,16,70,31,3,170
195,17,74,18,3,182
195,18,78,32,3,170
195,19,82,23,3,183
195,20,86,22,3,183
195,21,90,26,3,174
195,22,94,25,3,177
196,1,10,22,3,205
196,2,14,32,3,194
196,4,22,31,3,188
196,5,26,26,3,190
196,6,30,30,3,191
196,7,34,24,3,192
196,8,38,11,3,197
196,9,42,27,3,187
196,10,46,24,3,185
196,11,50,21,3,178
196,12,54,29,3,177
196,13,58,22,3,180
196,14,62,25,3,168
196,15,66,24,3,177
196,16,70,25,3,172
196,17,74,28,3,182
196,18,78,24,3,171
196,19,82,10,3,189
197,2,14,27,3,205
197,3,18,28,3,191
197,4,22,26,3,200
197,5,26,26,3,192
197,6,30,14,3,202
197,7,34,9,3,203
197,8,38,25,3,197
197,9,42,34,3,176
197,10,46,22,3,168
197,11,50,27,3,155
197,12,54,24,3,177
198,1,10,28,3,199
198,2,14,21,3,204
198,3,18,24,3,3
198,4,22,27,3,199
198,5,26,21,3,198
198,6,30,29,3,188
198,7,34,28,3,180
198,8,38,18,3,193
198,9,42,29,3,168
198,10,46,25,3,187
198,11,50,23,3,189
198,12,54,37,3,168
198,13,58,25,3,176
198,14,62,27,3,150
198,15,66,19,3,184
198,16,70,24,3,167
198,17,74,22,3,179
198,18,78,12,3,185
199,1,10,22,3,206
199,2,14,26,3,206
199,3,18,27,3,198
199,4,22,9,3,208
199,5,26,25,3,197
199,6,30,30,3,184
199,7,34,29,3,192
199,8,38,19,3,198
199,9,42,23,3,189
199,10,46,24,3,187
199,11,50,17,3,188
199,12,54,23,3,179
199,13,58,25,3,176
199,14,62,24,3,145
199,15,66,20,3,177
199,16,70,21,3,183
199,17,74,20,3,185
199,18,78,32,3,172
199,19,82,31,3,167
199,20,86,25,3,167
199,21,90,26,3,153
200,1,10,22,3,207
200,2,14,23,3,196
200,3,18,8,3,211
200,4,22,21,3,196
200,5,26,16,3,204
200,6,30,31,3,182
200,7,34,28,3,188
200,8,38,24,3,189
200,9,42,15,3,196
200,10,46,27,3,183
200,11,50,20,3,186
200,12,54,13,3,185
200,13,58,28,3,178
200,14,62,20,3,184
200,15,66,17,3,186
200,16,70,19,3,184
200,17,74,27,3,173
200,18,78,24,3,177
200,19,82,21,3,183
200,20,86,27,3,178
200,21,90,24,3,176
201,1,10,22,3,202
201,2,14,26,3,199
201,3,18,24,3,200
201,4,22,27,3,199
201,5,26,24,3,196
201,6,30,29,3,187
201,7,34,29,3,188
201,8,38,29,3,186
201,9,42,27,3,191
201,10,46,27,3,185
201,11,50,31,3,179
201,12,54,18,3,188
201,13,58,22,3,175
201,14,62,21,3,182
201,15,66,19,3,184
201,16,70,18,3,178
202,1,10,30,3,198
202,2,14,18,3,205
202,3,18,31,3,193
202,4,22,16,3,205
202,5,26,22,3,205
202,6,30,22,3,191
202,7,34,24,3,194
202,8,38,21,3,194
202,9,42,29,3,183
202,10,46,26,3,182
202,11,50,26,3,178
202,12,54,22,3,183
202,13,58,16,3,185
202,14,62,25,3,170
202,15,66,23,3,179
202,16,70,25,3,171
202,17,74,24,3,163
202,18,78,22,3,181
202,19,82,27,3,169
202,20,86,19,3,183
203,1,10,27,3,203
203,2,14,23,3,206
203,3,18,33,3,194
203,4,22,19,3,201
203,5,26,25,3,195
203,6,30,28,3,188
203,7,34,25,3,196
203,8,38,24,3,191
203,9,42,26,3,182
203,10,46,26,3,170
203,11,50,24,3,182
203,12,54,22,3,176
203,13,58,26,3,178
203,14,62,30,3,176
203,15,66,28,3,177
203,16,70,30,3,174
203,17,74,19,3,175
203,18,78,31,3,173
203,19,82,27,3,171
203,20,86,22,3,178
203,21,90,27,3,174
203,22,94,27,3,178
203,23,98,27,3,183
203,24,102,23,3,178
204,1,10,27,3,199
204,2,14,12,3,215
204,3,18,35,3,191
204,4,22,34,3,190
204,5,26,26,3,196
204,6,30,26,3,193
204,7,34,13,3,197
204,8,38,25,3,186
204,9,42,29,3,178
204,10,46,27,3,176
204,11,50,26,3,184
204,12,54,27,3,177
204,13,58,28,3,168
204,14,62,24,3,169
204,15,66,25,3,167
204,16,70,29,3,169
204,17,74,20,3,182
204,18,78,13,3,189
204,19,82,26,3,181
204,20,86,18,3,171
204,21,90,24,3,180
204,22,94,19,3,171
204,23,98,14,3,186
204,24,102,27,3,173
204,25,106,14,3,185
204,26,110,26,3,177
204,27,114,30,3,174
205,2,14,30,3,196
205,3,18,28,3,198
205,4,22,34,3,176
205,6,30,24,3,191
205,7,34,11,3,203
205,8,38,19,3,189
205,9,42,26,3,185
205,10,46,20,3,183
205,11,50,28,3,181
205,12,54,33,3,168
205,13,58,18,3,183
206,2,14,25,3,191
206,3,18,24,3,197
206,4,22,22,3,203
206,5,26,36,3,180
206,6,30,29,3,179
206,7,34,25,3,188
206,8,38,26,3,188
206,9,42,29,3,186
206,10,46,24,3,162
206,11,50,19,3,177
206,12,54,17,3,179
206,13,58,31,3,176
206,14,62,25,3,180
206,15,66,24,3,140
206,16,70,23,3,179
206,17,74,19,3,173
206,18,78,21,3,182
206,19,82,14,3,186
207,1,10,23,3,207
207,3,18,17,3,203
207,4,22,32,3,192
207,5,26,14,3,203
207,6,30,30,3,187
207,7,34,18,3,199
207,8,38,23,3,191
207,9,42,29,3,188
207,10,46,18,3,189
207,11,50,26,3,167
207,12,54,15,3,187
207,13,58,26,3,178
207,14,62,25,3,165
207,15,66,32,3,168
207,16,70,21,3,182
207,17,74,25,3,172
207,18,78,19,3,178
208,1,10,22,3,206
208,2,14,29,3,196
208,3,18,12,3,208
208,4,22,19,3,202
208,5,26,18,3,195
208,6,30,21,3,191
208,7,34,30,3,186
208,8,38,29,3,172
208,9,42,20,3,187
208,10,46,23,3,180
208,11,50,22,3,182
208,12,54,21,3,184
208,13,58,21,3,175
208,14,62,14,3,192
209,2,14,31,3,194
209,3,18,29,3,197
209,4,22,20,3,203
209,5,26,22,3,199
209,6,30,34,3,189
209,7,34,22,3,195
209,8,38,13,3,197
209,9,42,21,3,195
209,10,46,25,3,188
209,11,50,21,3,182
209,12,54,31,3,173
209,13,58,25,3,178
209,14,62,27,3,175
209,15,66,24,3,181
209,16,70,25,3,164
209,17,74,22,3,185
209,18,78,20,3,173
209,19,82,30,3,174
209,20,86,26,3,177
210,1,10,17,3,209
210,2,14,22,3,204
210,3,18,26,3,194
210,4,22,25,3,196
210,5,26,28,3,186
210,6,30,27,3,184
210,7,34,26,3,183
210,8,38,23,3,188
210,9,42,24,3,186
210,10,46,21,3,182
210,11,50,26,3,181
210,12,54,33,3,174
210,13,58,4,3,195
211,1,10,22,3,209
211,2,14,27,3,198
211,3,18,29,3,200
211,4,22,27,3,183
211,5,26,19,3,199
211,6,30,30,3,192
211,7,34,19,3,197
211,8,38,29,3,189
211,9,42,27,3,186
211,10,46,14,3,192
212,1,10,25,3,203
212,2,14,24,3,199
212,3,18,19,3,204
212,4,22,28,3,195
212,5,26,21,3,196
212,6,30,25,3,183
212,7,34,19,3,193
212,8,38,21,3,192
212,9,42,25,3,179
212,10,46,29,3,171
212,11,50,20,3,185
212,12,54,14,3,185
212,13,58,10,3,189
212,14,62,18,3,183
212,15,66,7,3,197
212,16,70,18,3,181
212,17,74,18,3,180
212,18,78,31,3,175
212,19,82,21,3,188
212,20,86,26,3,169
212,21,90,11,3,188
212,22,94,28,3,175
212,23,98,22,3,180
213,1,10,29,3,199
213,2,14,15,3,204
213,3,18,14,3,206
213,4,22,31,3,185
213,5,26,14,3,207
213,6,30,21,3,190
213,7,34,22,3,194
213,8,38,29,3,184
213,9,42,28,3,184
213,10,46,12,3,196
213,11,50,20,3,188
213,12,54,25,3,179
213,13,58,24,3,173
213,14,62,21,3,182
213,15,66,28,3,163
213,16,70,18,3,180
213,17,74,17,3,181
213,18,78,21,3,182
213,19,82,27,3,170
213,20,86,24,3,173
213,21,90,24,3,166
213,22,94,30,3,169
213,23,98,24,3,182
214,1,10,24,3,203
214,2,14,26,3,4
214,3,18,22,3,205
214,4,22,24,3,186
214,5,26,23,3,201
214,6,30,31,3,192
214,7,34,11,3,201
214,8,38,23,3,190
214,9,42,14,3,197
214,10,46,30,3,182
214,11,50,22,3,186
214,12,54,29,3,177
214,13,58,34,3,132
214,14,62,19,3,179
214,15,66,27,3,167
214,16,70,29,3,177
214,17,74,21,3,184
215,1,10,19,3,210
215,2,14,20,3,204
215,3,18,27,3,202
215,4,22,22,3,197
215,5,26,24,3,192
215,6,30,24,3,199
215,7,34,4,3,207
215,8,38,18,3,191
215,9,42,21,3,190
216,1,10,13,1,0
216,2,14,14,3,207
216,3,18,25,3,196
216,4,22,28,3,187
216,5,26,30,3,163
216,6,30,14,3,202
216,7,34,27,3,193
216,8,38,29,3,187
216,9,42,24,3,183
216,10,46,17,3,190
216,11,50,22,3,179
216,12,54,26,3,180
216,13,58,26,3,172
216,14,62,21,3,183
216,15,66,23,3,166
216,16,70,23,3,175
216,17,74,25,3,178
216,18,78,13,3,187
217,1,10,29,3,200
217,2,14,28,3,195
217,3,18,24,3,202
217,4,22,24,3,199
217,5,26,24,3,191
217,6,30,17,3,195
217,7,34,29,3,186
217,8,38,23,3,190
217,9,42,16,3,185
217,10,46,17,3,193
217,11,50,20,3,185
217,12,54,29,3,174
217,13,58,18,3,185
217,14,62,23,3,183
217,15,66,21,3,171
217,16,70,24,3,177
217,17,74,24,3,179
217,18,78,24,3,176
217,19,82,26,3,178
217,20,86,18,3,184
217,21,90,32,3,177
218,1,10,26,3,210
218,2,14,30,3,197
218,3,18,29,3,194
218,4,22,28,3,193
218,5,26,24,3,196
218,6,30,25,3,192
218,7,34,31,3,177
218,8,38,25,3,181
218,9,42,21,3,190
218,10,46,30,3,175
218,11,50,33,3,164
218,12,54,24,3,185
218,13,58,26,3,175
218,14,62,31,3,172
218,15,66,24,3,181
218,16,70,21,3,183
218,17,74,32,3,168
218,18,78,24,3,176
218,19,82,24,3,182
218,20,86,28,3,176
218,21,90,19,3,180
218,22,94,20,3,184
219,1,10,20,3,208
219,2,14,26,3,200
219,3,18,24,3,195
219,4,22,23,3,197
219,5,26,27,3,197
219,6,30,27,3,192
219,7,34,16,3,196
219,8,38,32,3,183
219,9,42,27,3,178
219,10,46,29,3,172
219,11,50,24,3,181
219,12,54,21,3,183
219,13,58,30,3,174
219,14,62,27,3,156
219,15,66,24,3,179
219,16,70,24,3,171
219,17,74,23,3,177
219,18,78,21,3,184
219,19,82,24,3,180
219,20,86,16,3,184
220,1,10,15,3,1
220,2,14,22,3,199
220,3,18,24,3,200
220,4,22,28,3,196
220,5,26,28,3,182
220,6,30,28,3,186
220,7,34,21,3,195
220,8,38,30,3,179
220,9,42,27,3,176
220,10,46,24,3,184
220,11,50,24,3,186
220,12,54,20,3,183
220,13,58,29,3,171
220,14,62,21,3,167
220,15,66,19,3,181
220,16,70,25,3,178
220,17,74,18,3,183
220,18,78,25,3,176
220,19,82,20,3,180
220,20,86,28,3,172
220,21,90,23,3,182
220,22,94,15,3,189
220,23,98,28,3,173
221,1,10,20,3,207
221,2,14,33,3,197
221,4,22,19,3,201
221,5,26,11,3,202
221,6,30,28,3,184
221,7,34,20,3,197
221,8,38,32,3,178
221,9,42,22,3,187
221,10,46,33,3,172
221,11,50,14,3,186
221,12,54,25,3,179
221,13,58,31,3,175
221,14,62,24,3,179
221,15,66,20,3,180
221,16,70,21,3,182
221,17,74,22,3,179
221,18,78,23,3,179
221,19,82,27,3,177
221,20,86,33,3,173
221,21,90,29,3,175
221,22,94,16,3,187
221,23,98,20,3,175
222,2,14,26,3,200
222,3,18,18,3,200
222,4,22,20,3,203
222,5,26,22,3,201
222,6,30,21,3,195
222,7,34,33,3,171
222,8,38,27,3,186
222,9,42,26,3,178
222,10,46,30,3,183
222,11,50,24,3,183
222,12,54,26,3,179
223,1,10,26,3,203
223,2,14,27,3,200
223,3,18,16,3,207
223,4,22,35,3,187
223,5,26,25,3,198
223,6,30,29,3,188
223,7,34,32,3,183
223,8,38,28,3,186
223,9,42,26,3,185
223,10,46,23,3,183
223,11,50,29,3,180
223,12,54,25,3,166
223,13,58,31,3,169
223,14,62,27,3,165
223,15,66,24,3,176
223,16,70,24,3,178
223,17,74,27,3,173
223,18,78,14,3,187
223,19,82,17,3,175
224,1,10,29,3,198
224,2,14,21,3,205
224,3,18,23,3,203
224,4,22,26,3,199
224,5,26,23,3,191
224,6,30,18,3,191
224,7,34,21,3,192
224,8,38,14,3,197
224,9,42,32,3,185
224,10,46,24,3,184
224,11,50,11,3,193
224,12,54,21,3,175
224,13,58,4,3,196
224,14,62,28,3,178
224,15,66,15,3,186
224,16,70,23,3,179
224,17,74,27,3,181
224,18,78,23,3,183
224,19,82,33,3,161
225,1,10,28,3,195
225,2,14,26,3,199
225,3,18,24,3,195
225,4,22,30,3,195
225,5,26,24,3,185
225,6,30,32,3,190
225,7,34,21,3,187
225,8,38,25,3,193
225,9,42,18,3,187
225,10,46,27,3,180
225,11,50,20,3,179
225,12,54,26,3,173
225,13,58,11,3,188
226,1,10,31,3,198
226,2,14,25,3,203
226,3,18,33,3,193
226,4,22,27,3,197
226,5,26,32,3,189
226,6,30,24,3,195
226,7,34,29,3,185
226,8,38,22,3,191
226,9,42,19,3,191
226,10,46,27,3,181
226,11,50,20,3,187
226,12,54,25,3,175
226,13,58,20,3,180
226,14,62,23,3,183
226,15,66,24,3,163
226,16,70,23,3,181
226,17,74,23,3,176
226,18,78,19,3,181
227,1,10,22,3,206
227,2,14,29,3,197
227,3,18,27,3,194
227,4,22,23,3,199
227,5,26,30,3,191
227,6,30,26,3,190
227,7,34,29,3,182
227,8,38,20,3,196
227,9,42,31,3,173
227,10,46,33,3,176
227,11,50,23,3,178
227,12,54,11,3,188
227,13,58,24,3,178
227,14,62,23,3,173
227,15,66,30,3,165
227,16,70,22,3,178
227,17,74,27,3,172
227,18,78,24,3,173
227,19,82,25,3,175
227,20,86,22,3,179
228,1,10,26,3,202
228,2,14,24,3,199
228,3,18,26,3,200
228,4,22,18,3,200
228,5,26,32,3,196
228,6,30,29,3,188
228,7,34,25,3,188
228,8,38,26,3,193
228,9,42,20,3,189
228,10,46,23,3,190
228,11,50,21,3,180
228,12,54,30,3,172
228,13,58,7,3,192
228,14,62,11,3,189
228,15,66,24,3,180
228,16,70,15,3,176
228,17,74,21,3,187
228,18,78,27,3,159
228,19,82,29,3,168
228,20,86,16,3,185
229,1,10,26,3,199
229,2,14,23,3,211
229,3,18,11,3,208
229,4,22,25,3,201
229,5,26,24,3,193
229,6,30,29,3,185
229,7,34,21,3,193
229,8,38,28,3,187
229,9,42,13,3,193
229,10,46,15,3,190
229,11,50,23,3,182
229,12,54,26,3,174
229,13,58,22,3,174
229,14,62,27,3,171
229,15,66,23,3,181
229,16,70,24,3,175
229,17,74,12,3,183
229,18,78,23,3,165
229,19,82,28,3,173
229,20,86,25,3,173
229,21,90,22,3,181
229,22,94,19,3,179
229,23,98,25,3,173
229,24,102,27,3,174
229,25,106,20,3,181
229,26,110,25,3,175
229,27,114,16,3,190
229,28,118,23,3,179
229,29,122,25,3,185
230,1,10,26,3,204
230,2,14,18,3,209
230,3,18,22,3,201
230,4,22,25,3,190
230,5,26,26,3,189
230,6,30,28,3,179
230,7,34,29,3,182
230,8,38,21,3,187
230,9,42,20,3,198
230,10,46,25,3,185
230,11,50,23,3,169
230,12,54,15,3,187
230,13,58,28,3,175
230,14,62,18,3,182
230,15,66,20,3,182
231,2,14,32,3,195
231,3,18,33,3,3
231,4,22,31,3,191
231,5,26,32,3,186
231,6,30,18,3,201
231,7,34,24,3,182
231,8,38,21,3,191
231,9,42,31,3,180
231,10,46,25,3,188
231,11,50,12,3,193
231,12,54,26,3,173
231,13,58,27,3,176
231,14,62,22,3,181
231,15,66,18,3,186
231,16,70,21,3,176
231,17,74,26,3,170
231,18,78,16,3,188
231,19,82,28,3,179
231,20,86,12,3,187
232,1,10,12,3,212
232,2,14,22,3,204
232,3,18,26,3,195
232,4,22,27,3,3
232,5,26,23,3,192
232,6,30,24,3,189
232,7,34,27,3,189
232,8,38,25,3,186
232,9,42,19,3,192
232,10,46,22,3,183
232,11,50,24,3,180
232,12,54,21,3,179
232,13,58,28,3,144
232,14,62,16,3,184
233,1,10,23,3,202
233,2,14,28,3,2
233,3,18,28,3,195
233,4,22,19,3,198
233,5,26,20,3,194
233,6,30,25,3,190
233,7,34,27,3,190
233,8,38,25,3,188
233,9,42,28,3,182
233,10,46,28,3,174
233,11,50,29,3,174
233,12,54,24,3,178
233,13,58,23,3,180
233,14,62,17,3,179
233,15,66,26,3,166
233,16,70,31,3,172
233,17,74,23,3,181
233,18,78,31,3,173
233,19,82,26,3,178
233,20,86,20,3,183
233,21,90,25,3,170
233,22,94,28,3,176
233,23,98,21,3,180
233,24,102,26,3,170
233,25,106,27,3,179
233,26,110,24,3,180
233,27,114,30,3,174
233,28,118,24,3,182
234,3,18,25,3,193
234,4,22,24,3,199
234,5,26,30,3,187
234,6,30,22,3,191
234,7,34,28,3,189
234,8,38,18,3,186
234,9,42,33,3,180
234,10,46,28,3,180
234,11,50,27,3,168
234,12,54,29,3,183
234,13,58,28,3,174
234,14,62,17,3,184
234,15,66,29,3,177
234,16,70,25,3,184
234,17,74,13,3,192
234,18,78,20,3,183
234,19,82,15,3,186
234,20,86,27,3,180
235,1,10,16,3,211
235,2,14,32,3,195
235,3,18,30,3,193
235,4,22,27,3,199
235,5,26,26,3,199
235,6,30,22,3,198
235,7,34,27,3,183
235,8,38,32,3,181
235,9,42,24,3,185
235,10,46,31,3,151
235,11,50,15,3,193
235,12,54,25,3,179
235,13,58,23,3,178
235,14,62,23,3,181
235,15,66,25,3,180
235,16,70,26,3,173
235,17,74,26,3,179
235,18,78,24,3,175
235,19,82,23,3,182
235,20,86,29,3,175
235,21,90,18,3,184
236,1,10,23,3,206
236,2,14,19,3,1
236,3,18,23,3,203
236,4,22,11,3,209
236,5,26,28,3,192
236,6,30,31,3,189
236,7,34,14,3,200
236,8,38,7,3,198
236,9,42,32,3,180
236,10,46,23,3,187
236,11,50,26,3,180
236,12,54,24,3,181
236,13,58,21,3,181
236,14,62,27,3,152
236,15,66,25,3,178
236,16,70,27,3,179
236,17,74,21,3,176
236,18,78,17,3,183
237,1,10,21,3,207
237,2,14,19,3,199
237,3,18,17,3,203
237,4,22,25,3,196
237,5,26,24,3,193
237,6,30,28,3,192
237,7,34,25,3,196
237,8,38,25,3,186
237,9,42,21,3,188
237,10,46,28,3,186
237,11,50,27,3,170
237,12,54,19,3,182
237,13,58,19,3,181
237,14,62,26,3,176
237,15,66,27,3,165
237,16,70,26,3,176
237,17,74,23,3,183
237,18,78,17,3,187
237,19,82,21,3,178
237,20,86,17,3,175
237,21,90,21,3,187
238,1,10,18,3,207
238,2,14,26,3,201
238,3,18,24,3,198
238,4,22,16,3,206
238,5,26,24,3,188
238,6,30,24,3,190
238,7,34,27,3,187
238,8,38,22,3,195
238,9,42,25,3,184
238,10,46,23,3,185
238,11,50,18,3,191
238,12,54,23,3,156
239,1,10,30,3,198
239,2,14,27,3,201
239,3,18,27,3,198
239,4,22,27,3,195
239,5,26,24,3,197
239,6,30,25,3,194
239,7,34,20,3,197
239,8,38,18,3,189
239,9,42,11,3,184
239,10,46,25,3,188
239,11,50,31,3,165
239,12,54,28,3,175
239,13,58,22,3,174
239,14,62,9,3,191
239,15,66,32,3,170
239,16,70,17,3,182
239,17,74,21,3,177
239,18,78,21,3,178
239,19,82,20,3,183
239,20,86,26,3,180
239,21,90,14,3,189
239,22,94,22,3,174
239,23,98,19,3,185
239,24,102,29,3,175
239,25,106,23,3,175
240,1,10,30,3,200
240,2,14,29,3,198
240,3,18,23,3,194
240,4,22,30,3,195
240,5,26,17,3,201
240,6,30,22,3,198
240,7,34,24,3,188
240,8,38,23,3,182
240,9,42,19,3,193
240,10,46,19,3,185
240,11,50,22,3,182
240,12,54,24,3,178
240,13,58,26,3,180
240,14,62,24,3,175
240,15,66,28,3,170
240,16,70,30,3,173
240,17,74,29,3,176
240,18,78,8,3,195
240,19,82,16,3,187
240,20,86,28,3,170
240,21,90,28,3,177
240,22,94,25,3,180
240,23,98,25,3,181
240,24,102,23,3,179
240,25,106,17,3,183
241,1,10,27,3,199
241,2,14,28,3,193
241,3,18,26,3,1
241,4,22,27,3,197
241,5,26,26,3,193
241,6,30,28,3,187
241,7,34,18,3,197
241,8,38,28,3,183
241,9,42,22,3,186
241,10,46,24,3,188
241,11,50,26,3,169
241,12,54,17,3,186
241,13,58,25,3,178
241,14,62,22,3,180
241,15,66,19,3,181
241,16,70,18,3,185
242,1,10,26,3,202
242,2,14,25,3,201
242,3,18,27,3,196
242,4,22,28,3,191
242,5,26,32,3,187
242,6,30,30,3,187
242,7,34,28,3,186
242,8,38,21,3,193
242,9,42,20,3,187
242,10,46,21,3,182
242,11,50,20,3,181
242,12,54,26,3,181
242,13,58,21,3,179
242,14,62,20,3,180
242,15,66,23,3,182
242,16,70,21,3,170
242,17,74,32,3,170
242,18,78,25,3,182
242,19,82,28,3,175
242,20,86,25,3,174
242,21,90,20,3,179
242,22,94,26,3,177
242,23,98,16,3,178
242,24,102,27,3,175
242,25,106,28,3,175
243,1,10,19,3,194
243,2,14,21,3,202
243,3,18,26,3,197
243,4,22,34,3,189
243,5,26,31,3,15
243,6,30,14,3,203
243,7,34,23,3,193
243,8,38,23,3,189
243,9,42,22,3,182
243,10,46,10,3,201
243,11,50,26,3,180
243,12,54,30,3,171
243,13,58,27,3,171
243,14,62,17,3,186
244,1,10,25,3,202
244,2,14,23,3,202
244,3,18,23,3,199
244,4,22,24,3,199
244,5,26,27,3,187
244,6,30,32,3,192
244,7,34,19,3,195
244,8,38,20,3,195
244,9,42,22,3,190
244,10,46,24,3,185
244,11,50,25,3,180
244,12,54,18,3,184
244,13,58,12,3,187
244,14,62,26,3,178
244,15,66,20,3,183
244,16,70,16,3,186
244,17,74,22,3,181
244,18,78,20,3,180
244,19,82,27,3,174
244,20,86,21,3,183
244,21,90,17,3,183
245,1,10,33,3,193
245,2,14,11,3,210
245,3,18,15,3,208
245,4,22,21,3,203
245,5,26,29,3,188
245,6,30,26,3,191
245,7,34,20,3,195
245,8,38,20,3,190
245,9,42,26,3,188
245,10,46,26,3,186
245,11,50,27,3,161
245,12,54,23,3,170
245,13,58,30,3,173
245,14,62,31,3,173
245,15,66,22,3,184
245,16,70,26,3,176
245,17,74,30,3,155
245,18,78,23,3,175
245,19,82,17,3,183
245,20,86,23,3,179
246,1,10,25,3,197
246,2,14,32,3,195
246,3,18,14,3,209
246,4,22,26,3,192
246,5,26,20,3,193
246,6,30,19,3,197
246,7,34,23,3,187
246,8,38,26,3,184
246,9,42,21,3,192
246,10,46,30,3,181
246,11,50,27,3,181
246,12,54,28,3,181
246,13,58,19,3,180
246,14,62,13,3,188
246,15,66,25,3,180
246,16,70,23,3,182
246,17,74,24,3,171
246,18,78,27,3,172
246,19,82,22,3,177
246,20,86,29,3,171
246,21,90,34,3,166
246,22,94,25,3,166
246,23,98,24,3,175
246,24,102,22,3,179
246,25,106,29,3,144
246,26,110,20,3,168
247,1,10,19,3,206
247,2,14,22,3,7
247,3,18,19,3,202
247,4,22,27,3,198
247,5,26,26,3,196
247,6,30,22,3,187
247,7,34,19,3,191
247,8,38,25,3,189
247,9,42,20,3,192
247,10,46,24,3,183
247,11,50,29,3,174
247,12,54,26,3,177
247,13,58,20,3,183
247,14,62,20,3,181
247,15,66,24,3,178
247,16,70,27,3,174
247,17,74,19,3,175
247,18,78,23,3,173
247,19,82,21,3,171
247,20,86,21,3,183
247,21,90,25,3,180
247,22,94,27,3,165
247,23,98,19,3,179
248,1,10,24,3,206
248,2,14,18,3,206
248,3,18,29,3,194
248,4,22,28,3,195
248,5,26,24,3,191
248,6,30,25,3,190
248,7,34,27,3,190
248,8,38,19,3,196
248,9,42,19,3,190
248,10,46,24,3,175
248,11,50,25,3,182
248,12,54,27,3,179
248,13,58,30,3,168
248,14,62,19,3,183
248,15,66,21,3,179
248,16,70,20,3,179
248,17,74,23,3,173
248,18,78,19,3,187
248,19,82,20,3,181
248,20,86,22,3,179
248,21,90,14,3,189
248,22,94,23,3,178
248,23,98,30,3,176
248,24,102,25,3,177
248,25,106,27,3,178
249,1,10,24,3,201
249,2,14,25,3,187
249,3,18,24,3,203
249,4,22,29,3,193
249,5,26,26,3,190
249,6,30,27,3,192
249,7,34,25,3,190
249,8,38,31,3,181
249,9,42,16,3,186
249,10,46,19,3,188
249,11,50,15,3,184
249,12,54,26,3,186
249,13,58,5,3,195
250,2,14,28,3,198
250,3,18,22,3,201
250,4,22,32,3,193
250,5,26,25,3,193
250,6,30,26,3,191
250,7,34,28,3,186
250,8,38,22,3,190
250,9,42,24,3,186
250,10,46,24,3,187
250,11,50,18,3,189
250,12,54,26,3,170
250,13,58,23,3,175
250,14,62,18,3,171
250,15,66,19,3,183
250,16,70,22,3,176
250,17,74,24,3,181
250,18,78,16,3,188
250,19,82,32,3,172
250,20,86,23,3,175
251,1,10,22,3,204
251,2,14,20,3,204
251,3,18,33,3,189
251,4,22,13,3,209
251,5,26,33,3,191
251,6,30,29,3,188
251,7,34,27,3,184
251,8,38,24,3,186
251,9,42,24,3,184
251,10,46,26,3,186
251,11,50,27,3,180
251,12,54,35,3,166
251,13,58,22,3,179
251,14,62,23,3,170
251,15,66,29,3,176
251,16,70,16,3,188
251,17,74,20,3,170
252,1,10,19,3,207
252,3,18,24,3,199
252,4,22,34,3,192
252,5,26,25,3,198
252,6,30,26,3,194
252,7,34,27,3,192
252,8,38,16,3,195
252,9,42,29,3,181
252,10,46,37,3,178
252,11,50,23,3,185
252,12,54,22,3,184
252,13,58,37,3,166
252,14,62,22,3,179
252,15,66,20,3,178
252,16,70,26,3,168
252,17,74,27,3,171
252,18,78,26,3,168
252,19,82,13,3,185
253,1,10,25,3,208
253,2,14,14,3,201
253,3,18,23,3,199
253,4,22,21,3,203
253,5,26,18,3,203
253,6,30,31,3,190
253,7,34,30,3,179
253,8,38,18,3,192
253,9,42,18,3,193
253,10,46,28,3,180
253,11,50,18,3,188
253,12,54,20,3,182
253,13,58,20,3,174
253,14,62,23,3,176
253,15,66,30,3,160
253,16,70,19,3,178
253,17,74,12,3,189
254,1,10,24,3,200
254,2,14,26,3,201
254,3,18,21,3,207
254,5,26,30,3,192
254,6,30,27,3,186
254,7,34,16,3,193
254,8,38,19,3,192
254,9,42,13,3,198
254,10,46,23,3,185
255,1,10,30,3,203
255,2,14,29,3,198
255,3,18,32,3,194
255,5,26,19,3,198
255,6,30,9,3,204
255,7,34,23,3,188
255,8,38,23,3,188
255,9,42,29,3,185
255,10,46,30,3,177
255,11,50,19,3,189
256,1,10,15,3,211
256,2,14,27,3,201
256,3,18,21,3,199
256,4,22,29,3,188
256,5,26,25,3,198
256,6,30,22,3,194
256,7,34,30,3,187
256,8,38,14,3,196
256,9,42,18,3,196
256,10,46,22,3,181
256,11,50,33,3,179
256,12,54,23,3,180
256,13,58,18,3,189
256,14,62,23,3,180
256,15,66,32,3,168
256,16,70,20,3,185
256,17,74,24,3,182
256,18,78,15,3,186
256,19,82,26,3,176
256,20,86,12,3,172
256,21,90,17,3,183
256,22,94,18,3,184
256,23,98,21,3,182
256,24,102,16,3,181
256,25,106,24,3,175
257,1,10,23,3,207
257,2,14,24,3,203
257,3,18,33,1,0
257,4,22,30,3,191
257,5,26,25,3,193
257,6,30,28,3,189
257,7,34,21,3,198
257,8,38,23,3,193
257,9,42,19,3,192
257,10,46,25,3,178
257,11,50,19,3,187
257,12,54,25,3,182
257,13,58,29,3,178
257,14,62,29,3,170
257,15,66,22,3,180
257,16,70,26,3,171
257,17,74,30,3,170
257,18,78,24,3,181
257,19,82,24,3,168
257,20,86,25,3,181
257,21,90,27,3,182
257,22,94,28,3,167
257,23,98,28,3,177
257,24,102,18,3,183
257,25,106,23,3,180
258,1,10,25,3,207
258,2,14,27,3,192
258,3,18,22,3,206
258,4,22,19,3,200
258,5,26,23,3,197
258,6,30,26,3,193
258,7,34,26,3,192
258,8,38,25,3,187
258,9,42,22,3,179
258,10,46,25,3,182
258,11,50,25,3,172
258,12,54,14,3,192
258,13,58,29,3,176
258,14,62,29,3,171
258,15,66,27,3,176
258,16,70,18,3,185
259,1,10,14,3,215
259,2,14,27,3,197
259,3,18,25,3,196
259,4,22,24,3,201
259,5,26,20,3,200
259,6,30,7,3,207
259,7,34,28,3,192
259,8,38,25,3,187
259,9,42,20,3,188
259,10,46,16,3,194
259,11,50,26,3,184
259,12,54,20,3,186
259,13,58,14,3,184
259,14,62,28,3,174
259,15,66,18,3,186
259,16,70,22,3,164
259,17,74,29,3,165
259,18,78,14,3,186
260,1,10,25,3,206
260,2,14,15,3,212
260,4,22,29,3,195
260,5,26,24,3,195
260,6,30,25,3,194
260,7,34,22,3,194
260,8,38,20,3,194
260,9,42,19,3,190
260,10,46,31,3,173
260,11,50,19,3,190
260,12,54,23,3,182
260,13,58,25,3,176
260,14,62,20,3,183
260,15,66,21,3,179
260,16,70,23,3,179
261,1,10,22,3,207
261,2,14,27,3,197
261,3,18,21,3,205
261,4,22,32,3,186
261,5,26,26,3,194
261,6,30,22,3,193
261,7,34,28,3,185
261,8,38,25,3,190
261,9,42,21,3,184
261,10,46,24,3,175
261,11,50,14,3,191
261,12,54,17,3,183
261,13,58,13,3,188
261,14,62,12,3,189
261,15,66,25,3,173
261,16,70,26,3,180
262,1,10,25,3,203
262,3,18,27,3,187
262,4,22,20,3,200
262,5,26,32,3,185
262,6,30,21,3,196
262,7,34,21,3,197
262,8,38,29,3,185
262,9,42,30,3,167
262,10,46,29,3,178
262,11,50,26,3,180
262,12,54,31,3,174
262,13,58,24,3,171
262,14,62,25,3,177
262,15,66,30,3,145
262,16,70,22,3,181
262,17,74,30,3,172
262,18,78,29,3,176
262,19,82,15,3,180
263,1,10,24,3,205
263,2,14,24,3,198
263,3,18,32,3,191
263,4,22,31,3,193
263,5,26,22,3,195
263,6,30,23,3,190
263,7,34,23,3,194
263,8,38,23,3,193
263,9,42,18,3,191
263,10,46,32,3,182
263,11,50,21,3,187
263,12,54,17,3,183
263,13,58,20,3,179
263,14,62,23,3,175
263,15,66,31,3,176
263,16,70,29,3,177
263,17,74,16,3,185
263,18,78,32,3,170
263,19,82,21,3,174
263,20,86,29,3,169
263,21,90,25,3,178
263,22,94,29,3,179
263,23,98,21,3,185
263,24,102,24,3,175
263,25,106,10,3,190
263,26,110,22,3,181
263,27,114,8,3,200
264,1,10,24,3,6
264,2,14,18,3,207
264,3,18,26,3,199
264,4,22,34,3,192
264,5,26,26,3,192
264,6,30,24,3,189
264,7,34,26,3,190
264,8,38,31,3,186
264,9,42,26,3,181
264,10,46,10,3,197
265,1,10,21,3,208
265,2,14,21,3,203
265,3,18,28,3,189
265,4,22,23,3,204
265,5,26,18,3,203
265,6,30,25,3,156
265,7,34,25,3,190
265,8,38,25,3,182
265,9,42,20,3,177
265,10,46,21,3,187
265,11,50,24,3,185
265,12,54,19,3,185
265,13,58,18,3,181
265,14,62,27,3,172
266,1,10,27,3,205
266,2,14,19,3,203
266,3,18,20,3,202
266,4,22,24,3,197
266,5,26,17,3,206
266,6,30,20,3,198
266,7,34,22,3,191
266,8,38,22,3,188
266,9,42,31,3,176
266,10,46,22,3,187
266,11,50,16,3,189
266,12,54,18,3,184
266,13,58,21,3,170
266,14,62,30,3,154
266,15,66,14,3,190
266,16,70,24,3,180
267,2,14,27,3,202
267,3,18,19,3,202
267,4,22,32,3,195
267,5,26,24,3,193
267,6,30,26,3,194
267,7,34,30,3,180
267,8,38,22,3,191
267,9,42,30,3,182
267,10,46,28,3,161
267,11,50,27,3,168
267,12,54,25,3,179
267,13,58,21,3,177
267,14,62,30,3,173
267,15,66,23,3,179
267,16,70,24,3,178
267,17,74,23,3,182
267,18,78,23,3,175
267,19,82,19,3,183
267,20,86,23,3,177
267,21,90,31,3,169
267,22,94,32,3,174
267,23,98,21,3,181
268,1,10,26,3,200
268,2,14,29,3,198
268,3,18,22,3,198
268,4,22,22,3,197
268,5,26,23,3,189
268,6,30,29,3,189
268,7,34,23,3,191
268,8,38,32,3,183
268,9,42,26,3,177
268,10,46,26,3,186
268,11,50,22,3,184
268,12,54,25,3,172
268,13,58,21,3,180
268,14,62,21,3,183
268,15,66,12,3,186
268,16,70,19,3,189
268,17,74,29,3,167
268,18,78,20,3,180
268,19,82,18,3,181
268,20,86,17,3,187
268,21,90,22,3,177
268,22,94,19,3,179
268,23,98,24,3,181
268,24,102,32,3,173
268,25,106,19,3,173
268,26,110,29,3,179
269,1,10,21,3,208
269,2,14,29,3,202
269,4,22,32,3,190
269,5,26,25,3,192
269,6,30,33,3,184
269,7,34,20,3,192
269,8,38,23,3,191
269,9,42,18,3,193
269,10,46,28,3,182
269,11,50,29,3,175
269,12,54,23,3,179
269,13,58,26,3,180
269,14,62,25,3,183
269,15,66,23,3,176
269,16,70,25,3,175
269,17,74,15,3,189
270,1,10,19,3,206
270,2,14,28,3,201
270,3,18,26,3,197
270,4,22,16,3,201
270,5,26,25,3,194
270,6,30,25,3,191
270,7,34,31,3,184
270,8,38,26,3,185
270,9,42,27,3,185
270,10,46,29,3,175
270,11,50,25,3,169
270,12,54,28,3,180
270,13,58,29,3,171
270,14,62,27,3,172
270,15,66,30,3,169
270,16,70,29,3,178
270,17,74,13,3,183
270,18,78,14,3,190
270,19,82,25,3,184
270,20,86,29,3,182
270,21,90,28,3,173
270,22,94,21,3,178
271,1,10,18,3,205
271,2,14,32,3,193
271,3,18,27,3,197
271,4,22,22,3,199
271,5,26,31,3,4
271,6,30,25,3,191
271,7,34,12,3,199
271,8,38,26,3,186
271,9,42,30,3,173
271,10,46,12,3,196
271,11,50,22,3,184
271,12,54,17,3,180
271,13,58,18,3,184
271,14,62,23,3,175
271,15,66,23,3,173
271,16,70,16,3,189
272,1,10,23,3,201
272,2,14,23,3,1
272,3,18,24,3,201
272,4,22,22,3,201
272,5,26,29,3,194
272,6,30,29,3,193
272,7,34,19,3,198
272,8,38,28,3,180
272,9,42,28,3,185
272,10,46,20,3,190
272,11,50,19,3,182
272,12,54,15,3,188
272,13,58,11,3,186
272,14,62,25,3,173
272,15,66,12,3,186
272,16,70,22,3,175
272,17,74,13,3,180
272,18,78,18,3,180
272,19,82,8,3,193
272,20,86,19,3,183
272,21,90,20,3,185
272,22,94,24,3,178
272,23,98,22,3,179
272,24,102,21,3,182
273,1,10,26,3,199
273,2,14,25,3,198
273,3,18,25,3,195
273,4,22,34,3,196
273,5,26,28,3,196
273,6,30,26,3,192
273,7,34,23,3,186
273,8,38,29,3,188
273,9,42,24,3,186
273,10,46,25,3,179
273,11,50,20,3,184
273,12,54,23,3,182
273,13,58,25,3,179
273,14,62,24,3,180
273,15,66,23,3,174
273,16,70,24,3,176
273,17,74,17,3,180
274,1,10,21,3,1
274,2,14,22,3,201
274,3,18,27,3,199
274,4,22,25,3,195
274,5,26,28,3,193
274,6,30,11,3,207
274,7,34,20,3,197
274,8,38,27,3,184
274,9,42,11,3,198
274,10,46,26,3,183
274,11,50,25,3,178
274,12,54,26,3,168
274,13,58,13,3,182
274,14,62,17,3,184
274,15,66,29,3,175
274,16,70,25,3,174
275,1,10,28,3,201
275,2,14,22,3,1
275,3,18,31,3,196
275,4,22,24,3,190
275,5,26,24,3,185
275,6,30,25,3,173
275,7,34,24,3,194
275,8,38,28,3,192
275,9,42,27,3,182
275,10,46,26,3,185
275,11,50,27,3,152
275,12,54,13,3,190
275,13,58,27,3,178
275,14,62,18,3,176
276,1,10,23,3,200
276,2,14,30,3,193
276,3,18,26,3,197
276,4,22,21,3,197
276,5,26,23,3,196
276,6,30,22,3,194
276,7,34,23,3,192
276,8,38,31,3,182
276,9,42,27,3,163
276,10,46,19,3,193
276,11,50,27,3,180
276,12,54,29,3,172
276,13,58,22,3,180
276,14,62,21,3,184
276,15,66,25,3,180
276,16,70,19,3,182
276,17,74,13,3,189
277,1,10,26,3,200
277,2,14,20,3,208
277,3,18,26,3,202
277,4,22,23,3,198
277,5,26,26,3,193
277,6,30,19,3,188
277,7,34,30,3,185
277,8,38,26,3,187
277,9,42,27,3,184
277,10,46,32,3,180
277,11,50,20,3,186
277,12,54,19,3,183
277,13,58,27,3,175
277,14,62,26,3,181
277,15,66,25,3,179
277,16,70,24,3,178
277,17,74,22,3,172
277,18,78,10,3,190
277,19,82,26,3,173
277,20,86,14,3,188
277,21,90,18,3,183
277,22,94,20,3,177
277,23,98,14,3,186
278,1,10,20,3,213
278,2,14,29,3,20
278,3,18,20,3,203
278,4,22,21,3,195
278,5,26,24,3,196
278,6,30,28,3,194
278,7,34,29,3,190
278,8,38,10,3,204
278,9,42,25,3,151
278,10,46,22,3,186
278,11,50,20,3,185
278,12,54,22,3,180
278,13,58,25,3,180
278,14,62,23,3,177
278,15,66,29,3,177
278,16,70,22,3,184
278,17,74,23,3,185
278,18,78,23,3,179
279,1,10,27,3,202
279,2,14,11,3,211
279,3,18,34,3,192
279,4,22,27,3,193
279,5,26,21,3,201
279,6,30,25,3,187
279,7,34,25,3,190
279,8,38,27,3,185
279,9,42,25,3,171
279,10,46,33,3,179
279,11,50,30,3,179
279,12,54,19,3,186
279,13,58,23,3,179
279,14,62,22,3,179
279,15,66,21,3,182
279,16,70,19,3,182
279,17,74,27,3,175
279,18,78,19,3,165
279,19,82,26,3,176
279,20,86,18,3,183
279,21,90,18,3,187
279,22,94,26,3,176
279,23,98,25,3,165
279,24,102,23,3,176
279,25,106,25,3,179
279,26,110,26,3,173
279,27,114,16,3,181
279,28,118,22,3,165
279,29,122,27,3,175
279,30,126,17,3,183
279,31,130,31,3,171
279,32,134,26,3,173
280,1,10,29,3,196
280,2,14,23,3,208
280,3,18,24,3,186
280,4,22,11,3,208
280,5,26,25,3,197
280,6,30,22,3,195
280,7,34,32,3,180
280,8,38,24,3,188
280,9,42,21,3,190
280,10,46,30,3,161
280,11,50,22,3,181
280,12,54,33,3,176
280,13,58,20,3,186
280,14,62,29,3,167
280,15,66,16,3,189
280,16,70,23,3,178
280,17,74,24,3,182
281,1,10,25,3,203
281,2,14,31,3,198
281,4,22,21,3,194
281,5,26,31,3,189
281,6,30,28,3,187
281,7,34,30,3,193
281,8,38,22,3,193
281,9,42,24,3,187
281,10,46,19,3,190
281,11,50,24,3,183
281,12,54,13,3,190
281,13,58,19,3,184
281,14,62,17,3,179
281,15,66,24,3,184
281,16,70,25,3,175
281,17,74,25,3,178
281,18,78,12,3,187
281,19,82,24,3,178
281,20,86,19,3,180
281,21,90,33,3,174
281,22,94,25,3,169
282,1,10,27,3,200
282,2,14,28,3,197
282,3,18,29,3,196
282,4,22,30,3,196
282,5,26,17,3,201
282,6,30,25,3,194
282,7,34,19,3,191
282,8,38,24,3,191
282,9,42,22,3,190
282,10,46,27,3,182
282,11,50,31,3,173
282,12,54,28,3,178
282,13,58,23,3,179
282,14,62,24,3,176
282,15,66,31,3,172
282,16,70,25,3,177
283,1,10,30,3,195
283,2,14,27,3,195
283,3,18,27,3,201
283,4,22,27,3,191
283,5,26,14,3,205
283,6,30,16,3,199
283,7,34,33,3,172
283,8,38,24,3,190
283,9,42,26,3,188
283,10,46,24,3,180
283,11,50,18,3,188
283,12,54,30,3,170
283,13,58,26,3,167
283,14,62,26,3,182
283,15,66,23,3,180
283,16,70,21,3,179
283,17,74,19,3,188
283,18,78,32,3,155
283,19,82,19,3,185
283,20,86,26,3,177
283,21,90,24,3,177
283,22,94,26,3,180
283,23,98,31,3,176
283,24,102,24,3,164
283,25,106,25,3,179
283,26,110,17,3,183
284,1,10,22,3,208
284,2,14,15,3,208
284,3,18,27,3,10
284,4,22,28,3,2
284,5,26,26,3,196
284,6,30,29,3,188
284,7,34,23,3,184
284,8,38,27,3,186
284,9,42,15,3,194
285,1,10,24,3,207
285,2,14,26,3,203
285,3,18,24,3,204
285,4,22,25,3,191
285,5,26,24,3,196
285,6,30,21,3,199
285,7,34,28,3,189
285,8,38,36,3,186
285,9,42,27,3,177
285,10,46,22,3,183
285,11,50,18,3,189
286,1,10,19,3,206
286,2,14,15,3,211
286,3,18,26,3,199
286,5,26,16,3,195
286,6,30,14,3,200
286,7,34,21,3,191
286,8,38,13,3,199
286,9,42,19,3,188
286,10,46,15,3,193
286,11,50,25,3,181
286,12,54,27,3,181
286,13,58,25,3,177
286,14,62,21,3,184
286,15,66,25,3,180
286,16,70,29,3,178
286,17,74,18,3,184
286,18,78,24,3,177
287,1,10,26,3,207
287,2,14,28,3,201
287,3,18,23,3,196
287,4,22,26,3,196
287,5,26,27,3,185
287,6,30,21,3,196
287,7,34,18,3,196
287,8,38,27,3,186
287,9,42,25,3,181
287,10,46,30,3,181
287,11,50,16,3,192
287,12,54,20,3,187
287,13,58,27,3,176
287,14,62,26,3,174
287,15,66,20,3,179
287,16,70,28,3,174
287,17,74,18,3,178
287,18,78,19,3,178
288,1,10,19,3,209
288,2,14,32,3,197
288,3,18,17,3,199
288,5,26,25,3,198
288,6,30,18,3,198
288,7,34,13,3,203
288,8,38,18,3,197
288,9,42,20,3,185
288,10,46,25,3,182
288,11,50,21,3,192
288,12,54,26,3,184
288,13,58,17,3,182
288,14,62,25,3,183
288,15,66,12,3,188
288,16,70,29,3,173
288,17,74,27,3,179
288,18,78,22,3,178
288,19,82,24,3,178
288,20,86,14,3,187
288,21,90,20,3,177
288,22,94,27,3,175
288,23,98,23,3,185
289,1,10,23,3,206
289,2,14,31,3,194
289,3,18,22,3,201
289,4,22,27,3,194
289,5,26,26,3,183
289,6,30,17,3,197
289,7,34,13,3,199
289,8,38,32,3,177
289,9,42,19,3,182
289,10,46,14,3,186
289,11,50,27,3,178
289,12,54,22,3,181
289,13,58,22,3,173
289,14,62,31,3,175
289,15,66,25,3,170
289,16,70,22,3,180
289,17,74,15,3,182
289,18,78,23,3,181
289,19,82,18,3,175
290,1,10,25,3,203
290,2,14,30,3,195
290,3,18,26,3,192
290,4,22,13,3,207
290,5,26,28,3,195
290,6,30,16,3,198
290,7,34,26,3,190
290,8,38,27,3,189
290,9,42,25,3,185
290,10,46,24,3,188
290,11,50,25,3,182
290,12,54,27,3,173
290,13,58,26,3,174
290,14,62,21,3,187
290,15,66,25,3,180
290,16,70,21,3,179
290,17,74,19,3,170
290,18,78,14,3,187
290,19,82,18,3,181
290,20,86,16,3,189
290,21,90,21,3,182
290,22,94,22,3,178
291,1,10,27,3,206
291,2,14,19,3,207
291,3,18,33,3,192
291,4,22,26,3,192
291,5,26,35,3,186
291,6,30,25,3,187
291,7,34,26,3,32
291,8,38,26,3,179
291,9,42,14,3,195
291,10,46,23,3,183
291,11,50,18,3,187
291,12,54,22,3,172
291,13,58,27,3,175
291,14,62,23,3,168
291,15,66,25,3,176
291,16,70,28,3,170
291,17,74,22,3,181
291,18,78,25,3,175
291,19,82,12,3,186
292,1,10,17,3,206
292,2,14,25,3,201
292,3,18,34,3,187
292,4,22,27,3,194
292,5,26,23,3,196
292,6,30,28,3,190
292,7,34,28,3,189
292,8,38,28,3,180
292,9,42,7,3,200
293,1,10,19,3,211
293,3,18,18,3,204
293,4,22,27,3,199
293,5,26,16,3,202
293,6,30,24,3,196
293,7,34,21,3,194
293,8,38,31,3,185
293,9,42,29,3,188
293,10,46,26,3,185
293,11,50,26,3,176
293,12,54,30,3,173
294,1,10,32,3,196
294,2,14,21,3,205
294,3,18,26,3,201
294,4,22,22,3,201
294,5,26,25,3,198
294,6,30,25,3,194
294,7,34,28,3,185
294,8,38,25,3,192
294,9,42,28,3,187
294,10,46,14,3,194
294,11,50,22,3,188
294,12,54,25,3,172
294,13,58,15,3,187
294,14,62,25,3,172
294,15,66,17,3,184
294,16,70,31,3,173
294,17,74,16,3,185
294,18,78,27,3,180
294,19,82,32,3,155
294,20,86,18,3,179
294,21,90,15,3,182
294,22,94,23,3,173
294,23,98,18,3,177
294,24,102,18,3,176
294,25,106,21,3,185
295,1,10,28,3,197
295,3,18,24,3,196
295,4,22,16,3,204
295,5,26,28,3,192
295,6,30,26,3,189
295,7,34,16,3,199
295,8,38,27,3,180
295,9,42,30,3,181
295,10,46,29,3,178
295,11,50,11,3,196
295,12,54,28,3,182
295,13,58,22,3,172
295,14,62,23,3,175
295,15,66,28,3,178
295,16,70,22,3,181
295,17,74,22,3,185
295,18,78,18,3,174
295,19,82,5,3,196
296,1,10,22,3,206
296,2,14,27,3,196
296,3,18,17,3,205
296,4,22,28,3,194
296,5,26,18,3,201
296,6,30,23,3,192
296,7,34,18,3,199
296,8,38,21,3,192
296,9,42,27,3,186
296,10,46,25,3,174
296,11,50,20,3,189
296,12,54,29,3,174
296,13,58,24,3,162
296,14,62,19,3,186
296,15,66,11,3,192
296,16,70,19,3,181
296,17,74,28,3,174
296,18,78,21,3,180
296,19,82,30,3,173
296,20,86,26,3,173
296,21,90,27,3,177
296,22,94,26,3,167
296,23,98,18,3,186
297,1,10,27,3,206
297,2,14,27,3,198
297,3,18,14,3,206
297,4,22,21,3,199
297,5,26,23,3,196
297,6,30,30,3,186
297,7,34,20,3,189
297,8,38,19,3,192
297,9,42,27,3,189
297,10,46,22,3,185
297,11,50,19,3,184
297,12,54,23,3,179
297,13,58,26,3,170
297,14,62,24,3,174
297,15,66,24,3,179
297,16,70,26,3,180
297,17,74,26,3,173
297,18,78,13,3,186
297,19,82,16,3,190
297,20,86,26,3,171
297,21,90,19,3,173
297,22,94,19,3,184
298,1,10,20,3,203
298,2,14,26,3,198
298,3,18,27,3,196
298,4,22,29,3,185
298,5,26,25,3,198
298,6,30,31,3,189
298,7,34,31,3,179
298,8,38,26,3,187
298,9,42,24,3,187
298,10,46,26,3,187
298,11,50,18,3,186
298,12,54,25,3,180
298,13,58,12,3,187
298,14,62,20,3,177
299,1,10,30,3,200
299,2,14,14,3,209
299,3,18,22,3,200
299,4,22,31,3,189
299,5,26,22,3,198
299,6,30,23,3,197
299,7,34,19,3,199
299,8,38,23,3,194
299,9,42,23,3,186
299,10,46,22,3,186
299,11,50,21,3,191
299,12,54,18,3,185
299,13,58,26,3,181
299,14,62,24,3,172
299,15,66,19,3,184
299,16,70,21,3,182
299,17,74,23,3,178
299,18,78,15,3,190
300,1,10,25,3,201
300,2,14,33,3,195
300,3,18,26,3,176
300,4,22,19,3,196
300,5,26,29,3,194
300,6,30,26,3,193
300,7,34,33,3,184
300,8,38,25,3,191
300,9,42,16,3,182
300,10,46,22,3,190
300,11,50,26,3,181
300,12,54,19,3,177
300,13,58,24,3,166
300,14,62,18,3,180
300,15,66,14,3,181
300,16,70,26,3,172
300,17,74,28,3,177
300,18,78,23,3,172
300,19,82,20,3,179
300,20,86,32,3,173
300,21,90,23,3,179
300,22,94,17,3,186
300,23,98,21,3,180
300,24,102,26,3,177
300,25,106,26,3,155
301,1,10,28,3,198
301,2,14,19,3,207
301,3,18,22,3,200
301,4,22,30,3,3
301,5,26,19,3,198
301,6,30,24,3,198
301,7,34,27,3,188
301,8,38,24,3,189
301,9,42,34,3,176
301,10,46,28,3,184
301,11,50,19,3,187
301,12,54,20,3,185
301,13,58,24,3,178
301,14,62,29,3,172
301,15,66,20,3,176
301,16,70,27,3,174
301,17,74,20,3,182
301,18,78,27,3,153
301,19,82,29,3,156
301,20,86,27,3,171
302,1,10,20,3,204
302,2,14,20,3,206
302,3,18,27,3,199
302,4,22,28,3,195
302,5,26,24,3,191
302,6,30,21,3,195
302,7,34,30,3,186
302,8,38,31,3,172
302,9,42,29,3,182
302,10,46,22,3,181
303,1,10,19,3,208
303,2,14,25,3,197
303,3,18,23,3,1
303,4,22,28,3,194
303,5,26,24,3,185
303,6,30,23,3,192
303,7,34,25,3,193
303,8,38,30,3,181
303,9,42,33,3,176
303,10,46,26,3,177
303,11,50,28,3,179
303,12,54,20,3,186
303,13,58,23,3,176
303,14,62,17,3,185
303,15,66,33,3,170
303,16,70,28,3,163
303,17,74,32,3,163
303,18,78,24,3,177
303,19,82,28,3,166
303,20,86,24,3,173
304,1,10,26,3,208
304,3,18,21,3,205
304,4,22,24,3,193
304,5,26,14,3,204
304,6,30,29,3,192
304,7,34,20,3,194
304,8,38,29,3,192
304,9,42,27,3,183
304,10,46,22,3,188
304,11,50,20,3,184
304,12,54,21,3,187
304,13,58,29,3,169
304,14,62,21,3,182
304,15,66,17,3,187
304,16,70,20,3,184
304,17,74,19,3,152
304,18,78,15,3,183
304,19,82,12,3,186
304,20,86,19,3,182
304,21,90,26,3,175
304,22,94,25,3,173
304,23,98,26,3,178
304,24,102,22,3,183
305,1,10,23,3,203
305,2,14,25,3,1
305,3,18,27,3,199
305,4,22,31,3,189
305,5,26,28,3,198
305,6,30,35,3,1
305,7,34,30,3,188
305,8,38,26,3,185
305,9,42,29,3,174
305,10,46,16,3,192
305,11,50,22,3,184
305,12,54,12,3,190
305,13,58,22,3,176
305,14,62,31,3,171
305,15,66,26,3,177
305,16,70,21,3,183
305,17,74,29,3,173
305,18,78,25,3,177
305,19,82,30,3,177
305,20,86,22,3,178
305,21,90,27,3,178
305,22,94,27,3,158
305,23,98,26,3,178
305,24,102,19,3,179
305,25,106,21,3,180
305,26,110,26,3,179
305,27,114,22,3,182
305,28,118,28,3,173
305,29,122,17,3,185
306,1,10,23,3,204
306,2,14,20,3,203
306,3,18,24,3,202
306,4,22,28,3,186
306,5,26,26,3,193
306,6,30,30,3,187
306,7,34,26,3,192
306,8,38,26,3,191
306,9,42,27,3,185
306,10,46,21,3,182
306,11,50,25,3,174
306,12,54,17,3,183
306,13,58,26,3,178
306,14,62,18,3,183
306,15,66,30,3,172
306,16,70,30,3,173
306,17,74,27,3,171
306,18,78,19,3,177
306,19,82,27,3,171
306,20,86,29,3,170
306,21,90,20,3,183
306,22,94,21,3,172
306,23,98,24,3,183
306,24,102,33,3,170
306,25,106,18,3,183
306,26,110,20,3,179
306,27,114,22,3,176
306,28,118,27,3,174
307,1,10,18,3,209
307,2,14,27,3,201
307,3,18,17,3,206
307,5,26,24,3,197
307,6,30,27,3,192
307,7,34,30,3,189
307,8,38,31,3,178
307,9,42,18,3,192
307,10,46,17,3,184
307,11,50,22,3,181
307,12,54,18,3,187
307,13,58,19,3,180
307,14,62,9,3,191
307,15,66,20,3,186
307,16,70,17,3,181
307,17,74,22,3,174
307,18,78,29,3,166
307,19,82,18,3,185
307,20,86,26,3,172
308,2,14,33,3,197
308,3,18,26,3,194
308,4,22,25,3,196
308,5,26,31,3,184
308,6,30,26,3,190
308,7,34,21,3,181
308,8,38,25,3,192
308,9,42,27,3,173
308,10,46,25,3,186
308,11,50,26,3,181
308,12,54,23,3,182
308,13,58,20,3,183
308,14,62,25,3,174
308,15,66,29,3,169
308,16,70,27,3,174
308,17,74,16,3,179
308,18,78,21,3,187
308,19,82,34,3,172
309,1,10,28,3,189
309,2,14,26,3,201
309,3,18,23,3,198
309,4,22,31,3,193
309,5,26,20,3,202
309,6,30,20,3,192
309,7,34,26,3,191
309,8,38,19,3,193
309,9,42,33,3,183
309,10,46,29,3,175
309,11,50,32,3,178
309,12,54,25,3,175
309,13,58,29,3,173
309,14,62,18,3,187
309,15,66,31,3,168
309,16,70,29,3,172
309,17,74,25,3,178
309,18,78,30,3,174
309,19,82,22,3,182
309,20,86,30,3,171
310,1,10,25,3,201
310,2,14,27,3,199
310,3,18,15,3,210
310,4,22,23,3,198
310,5,26,24,3,196
310,6,30,24,3,193
310,7,34,27,3,187
310,8,38,28,3,185
310,9,42,6,3,203
311,1,10,24,3,204
311,2,14,26,3,197
311,3,18,21,3,195
311,4,22,24,3,198
311,5,26,26,3,197
311,6,30,27,3,192
311,7,34,18,3,198
311,8,38,26,3,197
311,9,42,21,3,188
311,10,46,22,3,185
311,11,50,24,3,178
311,12,54,20,3,184
311,13,58,28,3,170
311,14,62,26,3,174
311,15,66,21,3,187
311,16,70,25,3,172
311,17,74,21,3,172
311,18,78,18,3,188
311,19,82,25,3,173
311,20,86,30,3,171
311,21,90,25,3,182
311,22,94,17,3,184
311,23,98,24,3,175
312,1,10,29,3,202
312,2,14,26,3,196
312,3,18,21,3,197
312,4,22,25,3,197
312,5,26,31,3,189
312,6,30,29,3,187
312,7,34,7,3,205
312,8,38,23,3,194
312,9,42,21,3,188
312,10,46,25,3,174
312,11,50,20,3,186
312,12,54,30,3,173
312,13,58,26,3,179
312,14,62,27,3,170
312,15,66,26,3,171
312,16,70,23,3,179
312,17,74,25,3,180
312,18,78,27,3,180
312,19,82,26,3,170
312,20,86,25,3,180
312,21,90,23,3,178
312,22,94,24,3,176
312,23,98,16,3,183
312,24,102,19,3,180
313,1,10,32,3,199
313,2,14,21,3,200
313,3,18,29,3,195
313,4,22,28,3,190
313,5,26,31,3,191
313,6,30,24,3,194
313,7,34,20,3,185
313,8,38,18,3,195
313,9,42,27,3,182
313,10,46,28,3,176
313,11,50,22,3,181
313,12,54,21,3,174
313,13,58,25,3,163
313,14,62,27,3,170
313,15,66,21,3,182
313,16,70,33,3,174
313,17,74,15,3,187
314,1,10,25,3,202
314,2,14,19,3,205
314,3,18,17,3,204
314,4,22,17,3,205
314,5,26,27,3,190
314,6,30,30,3,186
314,7,34,23,3,189
314,8,38,19,3,195
314,9,42,23,3,182
314,10,46,24,3,183
314,11,50,25,3,169
314,12,54,22,3,182
314,13,58,19,3,177
314,14,62,29,3,178
314,15,66,17,3,184
314,16,70,19,3,176
314,17,74,29,3,174
314,18,78,26,3,171
314,19,82,16,3,186
314,20,86,27,3,172
314,21,90,21,3,180
314,22,94,25,3,176
314,23,98,29,3,179
314,24,102,23,3,174
314,25,106,28,3,169
314,26,110,24,3,176
314,27,114,30,3,170
314,28,118,13,3,190
314,29,122,23,3,175
315,1,10,27,3,200
315,2,14,22,3,204
315,3,18,6,3,214
315,4,22,27,3,197
315,5,26,21,3,192
315,6,30,17,3,198
315,7,34,18,3,188
315,8,38,25,3,185
315,9,42,26,3,186
315,10,46,28,3,171
315,11,50,22,3,176
315,12,54,22,3,185
315,13,58,16,3,179
315,14,62,24,3,178
315,15,66,32,3,169
315,16,70,19,3,183
315,17,74,25,3,175
315,18,78,20,3,183
315,19,82,21,3,179
315,20,86,22,3,181
315,21,90,24,3,175
315,22,94,23,3,175
315,23,98,29,3,170
315,24,102,23,3,180
316,1,10,30,3,197
316,2,14,21,3,203
316,3,18,16,3,208
316,4,22,21,3,200
316,5,26,23,3,187
316,6,30,34,3,183
316,7,34,25,3,191
316,8,38,30,3,181
316,9,42,28,3,178
316,10,46,18,3,192
316,11,50,28,3,177
316,12,54,24,3,173
316,13,58,25,3,182
316,14,62,22,3,182
316,15,66,24,3,180
316,16,70,12,3,183
316,17,74,13,3,184
316,18,78,25,3,177
316,19,82,30,3,171
316,20,86,15,3,182
317,1,10,17,3,14
317,2,14,20,3,204
317,3,18,21,3,192
317,4,22,28,3,194
317,5,26,31,3,190
317,6,30,32,3,190
317,7,34,29,3,179
317,8,38,27,3,187
317,9,42,22,3,188
317,10,46,27,3,181
317,11,50,11,3,195
317,12,54,17,3,190
317,13,58,23,3,168
317,14,62,16,3,182
317,15,66,24,3,174
317,16,70,22,3,180
317,17,74,11,3,188
317,18,78,24,3,175
317,19,82,23,3,178
317,20,86,30,3,170
317,21,90,10,3,192
318,1,10,27,3,203
318,2,14,29,3,199
318,3,18,21,3,202
318,4,22,23,3,200
318,5,26,30,3,1
318,6,30,24,3,196
318,7,34,31,3,178
318,8,38,25,3,181
318,9,42,25,3,190
318,10,46,17,3,191
318,11,50,20,3,184
318,12,54,28,3,161
318,13,58,19,3,184
319,1,10,34,3,197
319,2,14,20,3,206
319,3,18,30,3,197
319,4,22,23,3,201
319,5,26,26,3,193
319,6,30,24,3,193
319,7,34,27,3,188
319,8,38,27,3,176
319,9,42,23,3,179
319,10,46,17,3,192
319,11,50,24,3,178
319,12,54,9,3,190
319,13,58,13,3,190
319,14,62,27,3,173
319,15,66,25,3,174
319,16,70,24,3,172
319,17,74,24,3,177
319,18,78,22,3,178
319,19,82,30,3,176
319,20,86,21,3,178
320,1,10,14,3,214
320,2,14,20,3,207
320,3,18,17,3,202
320,4,22,25,3,201
320,5,26,24,3,195
320,6,30,21,3,194
320,7,34,25,3,189
320,8,38,32,3,182
320,9,42,24,3,168
320,10,46,23,3,188
320,11,50,26,3,183
320,12,54,18,3,183
320,13,58,21,3,181
320,14,62,25,3,176
320,15,66,32,3,179
320,16,70,24,3,178
320,17,74,19,3,183
320,18,78,11,3,188
321,1,10,30,3,198
321,3,18,29,3,9
321,4,22,13,3,204
321,5,26,24,3,198
321,6,30,19,3,198
321,7,34,32,3,186
321,8,38,28,3,186
321,9,42,20,3,192
321,10,46,20,3,187
321,11,50,21,3,185
321,12,54,20,3,190
321,13,58,23,3,184
322,1,10,31,3,198
322,2,14,21,3,208
322,3,18,28,3,195
322,4,22,21,3,205
322,5,26,22,3,191
322,6,30,20,3,198
322,7,34,30,3,182
322,8,38,26,3,191
322,9,42,22,3,182
322,10,46,18,3,185
322,11,50,26,3,171
322,12,54,12,3,192
322,13,58,23,3,179
322,14,62,23,3,175
322,15,66,19,3,181
322,16,70,22,3,184
322,17,74,21,3,182
322,18,78,26,3,179
322,19,82,23,3,186
322,20,86,25,3,177
323,1,10,25,3,201
323,2,14,27,3,199
323,3,18,22,3,201
323,4,22,30,3,192
323,5,26,28,3,190
323,6,30,18,3,196
323,7,34,22,3,189
323,8,38,17,3,186
323,9,42,27,3,189
323,10,46,22,3,186
323,11,50,26,3,177
323,12,54,20,3,185
324,1,10,24,3,201
324,2,14,31,3,193
324,3,18,22,3,199
324,4,22,20,3,196
324,5,26,27,3,192
324,6,30,19,3,199
324,7,34,17,3,190
324,8,38,30,3,181
324,9,42,27,3,182
324,10,46,24,3,190
324,11,50,19,3,189
324,12,54,18,3,184
324,13,58,30,3,171
324,14,62,19,3,185
324,15,66,21,3,180
324,16,70,21,3,180
324,17,74,16,3,182
324,18,78,24,3,178
324,19,82,21,3,180
324,20,86,19,3,188
324,21,90,25,3,181
324,22,94,26,3,153
324,23,98,27,3,174
324,24,102,22,3,162
324,25,106,15,3,185
324,26,110,25,3,181
324,27,114,22,3,175
324,28,118,29,3,176
324,29,122,19,3,186
324,30,126,24,3,178
325,1,10,26,3,201
325,2,14,23,3,204
325,3,18,27,3,198
325,4,22,22,3,202
325,6,30,22,3,196
325,7,34,28,3,193
325,8,38,18,3,200
325,9,42,29,3,139
325,10,46,25,3,182
325,11,50,24,3,186
325,12,54,22,3,185
325,13,58,30,3,171
325,14,62,23,3,179
325,15,66,29,3,163
325,16,70,26,3,176
325,17,74,31,3,170
325,18,78,27,3,177
325,19,82,19,3,186
326,1,10,31,3,196
326,2,14,28,3,198
326,3,18,21,3,199
326,4,22,23,3,201
326,5,26,32,3,191
326,6,30,16,3,196
326,7,34,18,3,197
327,1,10,23,3,192
327,3,18,26,3,199
327,4,22,25,3,198
327,5,26,22,3,199
327,6,30,16,3,201
327,7,34,22,3,191
327,8,38,24,3,189
327,9,42,22,3,188
327,10,46,29,3,180
327,11,50,29,3,182
327,12,54,17,3,186
327,13,58,29,3,174
327,14,62,29,3,179
327,15,66,17,3,180
327,16,70,27,3,173
327,17,74,23,3,177
327,18,78,30,3,170
327,19,82,28,3,174
327,20,86,25,3,178
327,21,90,20,3,185
327,22,94,22,3,178
327,23,98,25,3,165
327,24,102,17,3,184
328,3,18,13,3,207
328,4,22,29,3,193
328,5,26,29,3,193
328,6,30,25,3,185
328,7,34,18,3,194
328,8,38,24,3,187
328,9,42,20,3,188
328,10,46,26,3,162
328,11,50,16,3,184
328,12,54,31,3,169
328,13,58,21,3,182
328,14,62,37,3,167
328,15,66,27,3,179
328,16,70,19,3,185
328,17,74,17,3,183
328,18,78,18,3,182
328,19,82,27,3,179
328,20,86,16,3,183
328,21,90,18,3,185
328,22,94,32,3,170
328,23,98,17,3,180
328,24,102,25,3,170
329,1,10,25,3,2
329,2,14,27,3,204
329,4,22,29,3,186
329,5,26,36,3,179
329,6,30,27,3,187
329,7,34,26,3,184
329,8,38,32,3,183
329,9,42,28,3,185
329,10,46,24,3,184
329,11,50,33,3,177
329,12,54,18,3,186
330,1,10,17,3,210
330,2,14,29,3,194
330,3,18,17,3,200
330,4,22,30,3,190
330,5,26,20,3,200
330,6,30,17,3,199
330,7,34,31,3,182
330,8,38,17,3,195
330,9,42,16,3,196
330,10,46,27,3,184
330,11,50,24,3,184
330,12,54,24,3,180
330,13,58,7,3,192
331,1,10,24,3,203
331,2,14,32,3,194
331,3,18,18,3,202
331,4,22,22,3,195
331,5,26,24,3,194
331,6,30,27,3,194
331,7,34,19,3,195
331,8,38,16,3,197
331,9,42,17,3,190
331,10,46,29,3,181
331,11,50,25,3,180
331,12,54,25,3,182
331,13,58,20,3,183
331,14,62,24,3,180
331,15,66,23,3,177
331,16,70,19,3,175
331,17,74,27,3,176
331,18,78,20,3,185
331,19,82,17,3,184
332,1,10,25,3,194
332,2,14,18,3,204
332,3,18,28,3,196
332,4,22,28,3,192
332,5,26,16,3,200
332,6,30,30,3,190
332,7,34,21,3,191
332,8,38,28,3,187
332,9,42,24,3,177
332,10,46,19,3,191
332,11,50,21,3,181
332,12,54,19,3,184
332,13,58,22,3,178
332,14,62,26,3,180
332,15,66,22,3,180
332,16,70,22,3,180
333,1,10,20,3,200
333,2,14,24,3,201
333,3,18,18,3,203
333,5,26,34,3,189
333,6,30,27,3,189
333,7,34,25,3,194
333,8,38,29,3,187
333,9,42,26,3,186
333,10,46,30,3,181
333,11,50,24,3,186
333,12,54,19,3,186
333,13,58,23,3,183
333,14,62,25,3,176
333,15,66,22,3,168
333,16,70,24,3,183
333,17,74,28,3,177
333,18,78,26,3,179
333,19,82,18,3,184
333,20,86,23,3,175
334,1,10,19,3,208
334,2,14,21,3,206
334,3,18,27,3,198
334,5,26,31,3,188
334,6,30,21,3,190
334,7,34,27,3,188
334,8,38,20,3,195
334,9,42,25,3,181
334,10,46,15,3,198
334,11,50,25,3,183
334,12,54,17,3,173
334,13,58,27,3,174
334,14,62,20,3,178
334,15,66,26,3,175
334,16,70,10,3,183
335,1,10,22,3,190
335,2,14,14,3,209
335,3,18,15,3,205
335,4,22,28,3,188
335,5,26,25,3,199
335,6,30,29,3,193
335,7,34,23,3,193
335,8,38,28,3,185
335,9,42,30,3,183
335,10,46,21,3,187
335,11,50,19,3,183
335,12,54,20,3,178
335,13,58,29,3,170
335,14,62,16,3,188
335,15,66,27,3,171
335,16,70,23,3,166
335,17,74,24,3,180
335,18,78,29,3,177
335,19,82,23,3,173
336,1,10,28,3,198
336,2,14,33,3,194
336,3,18,28,3,200
336,4,22,29,3,195
336,5,26,23,3,197
336,6,30,30,3,188
336,7,34,13,3,202
336,8,38,13,3,196
336,9,42,30,3,163
336,10,46,19,3,185
336,11,50,25,3,183
336,12,54,24,3,179
336,13,58,25,3,177
336,14,62,27,3,177
336,15,66,14,3,185
336,16,70,16,3,185
336,17,74,28,3,178
336,18,78,26,3,181
336,19,82,32,3,169
336,20,86,25,3,169
336,21,90,21,3,176
337,1,10,19,3,206
337,3,18,17,3,204
337,4,22,23,3,201
337,5,26,25,3,191
337,6,30,21,3,196
337,7,34,18,3,193
337,8,38,26,3,189
337,9,42,29,3,185
337,10,46,21,3,191
337,11,50,25,3,179
337,12,54,26,3,166
337,13,58,20,3,180
337,14,62,30,3,169
337,15,66,29,3,166
337,16,70,16,3,185
337,17,74,25,3,175
337,18,78,23,3,166
337,19,82,21,3,166
337,20,86,18,3,190
337,21,90,21,3,181
338,1,10,30,3,201
338,2,14,25,3,200
338,3,18,28,3,193
338,4,22,22,3,194
338,5,26,32,3,189
338,6,30,26,3,193
338,7,34,29,3,188
338,8,38,24,3,191
338,9,42,24,3,189
338,10,46,20,3,178
338,11,50,27,3,174
338,12,54,14,3,188
338,13,58,27,3,172
338,14,62,26,3,172
338,15,66,25,3,171
338,16,70,24,3,176
338,17,74,28,3,173
339,1,10,26,3,200
339,2,14,21,3,201
339,3,18,27,3,198
339,4,22,24,3,195
339,5,26,24,3,187
339,6,30,24,3,197
339,7,34,21,3,196
339,8,38,13,3,197
339,9,42,24,3,188
339,10,46,28,3,183
339,11,50,15,3,187
339,12,54,22,3,179
339,13,58,22,3,177
339,14,62,22,3,178
339,15,66,26,3,177
339,16,70,19,3,185
339,17,74,24,3,161
339,18,78,29,3,170
339,19,82,28,3,180
339,20,86,12,3,185
339,21,90,18,3,174
339,22,94,23,3,177
339,23,98,20,3,182
339,24,102,30,3,173
339,25,106,16,3,179
339,26,110,27,3,174
340,1,10,26,3,201
340,2,14,31,3,193
340,3,18,27,3,196
340,4,22,17,3,207
340,5,26,23,3,193
340,6,30,23,3,190
340,7,34,20,3,194
340,8,38,30,3,185
340,9,42,25,3,186
340,10,46,25,3,181
340,11,50,23,3,181
340,12,54,21,3,177
340,13,58,23,3,166
340,14,62,25,3,177
340,15,66,23,3,176
340,16,70,8,2,3
341,1,10,27,3,199
341,2,14,28,3,195
341,3,18,23,3,193
341,4,22,20,3,204
341,5,26,22,3,189
341,6,30,27,3,193
341,7,34,13,3,198
341,8,38,24,3,192
341,9,42,25,3,178
341,10,46,13,3,187
341,11,50,25,3,181
341,12,54,15,3,193
341,13,58,14,3,184
341,14,62,18,3,181
341,15,66,26,3,173
341,16,70,27,3,175
342,1,10,28,3,202
342,2,14,13,3,211
342,3,18,32,3,194
342,4,22,33,3,1
342,5,26,26,3,197
342,6,30,17,3,198
342,7,34,31,3,182
342,8,38,25,3,181
342,9,42,26,3,187
342,10,46,26,3,179
342,11,50,26,3,181
342,12,54,22,3,181
342,13,58,16,3,187
342,14,62,20,3,179
342,15,66,25,3,178
342,16,70,28,3,169
342,17,74,27,3,167
342,18,78,26,3,180
342,19,82,28,3,174
342,20,86,25,3,167
343,1,10,10,3,217
343,2,14,23,3,204
343,3,18,27,3,198
343,4,22,18,3,200
343,5,26,27,3,195
343,6,30,24,3,187
343,7,34,17,3,196
343,8,38,27,3,180
343,9,42,14,3,193
343,10,46,27,3,180
343,11,50,16,3,189
343,12,54,15,3,186
343,13,58,29,3,173
343,14,62,27,3,177
343,15,66,23,3,172
343,16,70,24,3,177
343,17,74,25,3,178
343,18,78,23,3,171
343,19,82,22,3,182
343,20,86,12,3,190
343,21,90,22,3,178
343,22,94,34,3,170
344,1,10,20,3,211
344,2,14,29,3,197
344,3,18,22,3,200
344,4,22,24,3,199
344,5,26,22,3,196
344,6,30,27,3,184
344,7,34,26,3,194
344,8,38,22,3,189
344,9,42,28,3,186
344,10,46,25,3,40
344,11,50,24,3,188
344,12,54,17,3,191
344,13,58,25,3,175
344,14,62,29,3,172
344,15,66,24,3,171
344,16,70,34,3,172
344,17,74,12,3,191
344,18,78,21,3,181
344,19,82,20,3,181
344,20,86,25,3,174
344,21,90,21,3,180
344,22,94,16,3,186
344,23,98,25,3,175
344,24,102,26,3,165
344,25,106,20,3,185
344,26,110,23,3,176
345,1,10,20,3,204
345,2,14,24,3,3
345,3,18,21,3,199
345,4,22,26,3,191
345,5,26,23,3,186
345,6,30,34,3,186
345,7,34,19,3,192
345,8,38,26,3,192
345,9,42,25,3,186
345,10,46,29,3,181
345,11,50,11,3,196
345,12,54,26,3,177
345,13,58,20,3,178
345,14,62,24,3,176
345,15,66,31,3,175
345,16,70,24,3,176
345,17,74,18,3,182
345,18,78,12,3,183
345,19,82,25,3,182
345,20,86,28,3,156
345,21,90,24,3,181
345,22,94,24,3,178
345,23,98,29,3,173
346,1,10,27,3,199
346,2,14,25,3,206
346,3,18,26,3,199
346,4,22,17,3,202
346,5,26,23,3,190
346,6,30,26,3,189
346,7,34,26,3,191
346,8,38,30,3,188
346,9,42,26,3,188
346,10,46,25,3,186
346,11,50,22,3,183
346,12,54,7,3,196
347,1,10,22,3,207
347,2,14,28,3,200
347,3,18,30,3,199
347,4,22,22,3,195
347,5,26,29,3,196
347,6,30,27,3,185
347,7,34,27,3,185
347,8,38,30,3,174
347,9,42,10,3,190
347,10,46,18,3,185
347,11,50,17,3,187
347,12,54,32,3,178
347,13,58,25,3,177
347,14,62,19,3,183
347,15,66,19,3,184
347,16,70,24,3,170
347,17,74,33,3,169
347,18,78,13,3,176
347,19,82,31,3,140
347,20,86,17,3,189
347,21,90,20,3,180
347,22,94,24,3,172
347,23,98,18,3,184
347,24,102,25,3,177
348,1,10,24,3,206
348,3,18,27,3,200
348,4,22,23,3,201
348,5,26,25,3,194
348,6,30,28,3,189
348,7,34,26,3,193
348,8,38,21,3,193
348,9,42,27,3,188
348,10,46,15,3,192
348,11,50,23,3,180
348,12,54,27,3,178
348,13,58,21,3,173
348,14,62,30,3,170
348,15,66,12,3,185
348,16,70,19,3,180
348,17,74,23,3,177
348,18,78,20,3,177
348,19,82,18,3,181
348,20,86,19,3,178
348,21,90,22,3,178
348,22,94,6,3,193
349,1,10,26,3,202
349,2,14,24,3,198
349,3,18,21,3,198
349,4,22,22,3,201
349,5,26,19,3,200
349,6,30,24,3,195
349,7,34,18,3,193
349,8,38,29,3,186
349,9,42,30,3,174
349,10,46,29,3,183
349,11,50,25,3,181
349,12,54,19,3,181
349,13,58,27,3,170
349,14,62,25,3,176
349,15,66,24,3,166
349,16,70,28,3,166
349,17,74,21,3,184
349,18,78,17,3,183
349,19,82,20,3,180
349,20,86,11,3,194
349,21,90,27,3,160
349,22,94,32,3,169
349,23,98,14,3,187
349,24,102,17,3,188
349,25,106,26,3,170
349,26,110,24,3,171
350,1,10,19,1,0
350,2,14,28,3,198
350,3,18,29,3,192
350,4,22,27,3,194
350,5,26,23,3,179
350,6,30,28,3,183
350,7,34,27,3,182
350,8,38,15,3,197
350,9,42,24,3,183
350,10,46,27,3,183
350,11,50,21,3,191
350,12,54,24,3,183
350,13,58,27,3,178
350,14,62,22,3,184
350,15,66,34,3,167
350,16,70,23,3,180
350,17,74,19,3,181
350,18,78,19,3,182
350,19,82,19,3,176
350,20,86,24,3,167
350,21,90,23,3,177
350,22,94,29,3,173
351,1,10,14,3,211
351,2,14,19,3,207
351,3,18,25,3,197
351,4,22,30,3,192
351,5,26,34,3,188
351,6,30,27,3,190
351,7,34,31,3,187
351,8,38,22,3,184
351,9,42,27,3,186
351,10,46,24,3,175
351,11,50,22,3,186
351,12,54,33,3,115
351,13,58,17,3,180
351,14,62,16,3,181
351,15,66,26,3,167
351,16,70,30,3,172
351,17,74,27,3,179
351,18,78,34,3,169
351,19,82,18,3,181
351,20,86,26,3,180
351,21,90,27,3,179
351,22,94,21,3,183
351,23,98,29,3,172
352,1,10,21,3,206
352,2,14,24,3,205
352,3,18,23,3,201
352,4,22,28,3,194
352,5,26,31,3,182
352,6,30,26,3,189
352,7,34,32,3,182
352,8,38,21,3,196
352,9,42,25,3,185
352,10,46,31,3,178
352,11,50,29,3,178
352,12,54,23,3,182
352,13,58,25,3,169
352,14,62,19,3,186
352,15,66,29,3,173
352,16,70,19,3,187
352,17,74,30,3,172
352,18,78,23,3,180
353,1,10,27,3,202
353,2,14,30,3,199
353,3,18,28,3,197
353,4,22,24,3,195
353,5,26,31,3,184
353,6,30,26,3,190
353,7,34,27,3,188
353,8,38,29,3,187
353,9,42,26,3,186
353,10,46,24,3,185
353,11,50,22,3,181
353,12,54,21,3,184
353,13,58,23,3,179
353,14,62,30,3,166
353,15,66,10,3,191
354,1,10,26,3,202
354,2,14,31,3,196
354,3,18,27,3,201
354,4,22,30,3,190
354,5,26,32,3,2
354,6,30,22,3,194
354,7,34,23,3,191
354,8,38,19,3,195
354,9,42,29,3,179
354,10,46,23,3,190
354,11,50,30,3,180
354,12,54,26,3,184
354,13,58,25,3,160
354,14,62,22,3,181
354,15,66,17,3,183
354,16,70,18,3,182
354,17,74,20,3,179
354,18,78,22,3,183
354,19,82,23,3,171
355,1,10,27,3,205
355,2,14,21,3,198
355,3,18,26,3,199
355,4,22,23,3,199
355,5,26,27,3,196
355,6,30,31,3,171
355,7,34,21,3,184
355,8,38,18,3,190
355,9,42,21,3,188
355,10,46,27,3,184
355,11,50,25,3,184
355,12,54,17,3,188
355,13,58,31,3,173
355,14,62,34,3,171
355,15,66,26,3,178
355,16,70,22,3,177
355,17,74,35,3,168
355,18,78,21,3,167
355,19,82,23,3,178
355,20,86,19,3,186
355,21,90,13,3,190
356,1,10,23,3,202
356,2,14,31,3,198
356,3,18,31,3,194
356,4,22,22,3,200
356,5,26,23,3,188
356,6,30,21,3,195
356,7,34,36,3,183
356,8,38,23,3,165
356,9,42,31,3,174
356,10,46,31,3,171
356,11,50,22,3,180
356,12,54,17,3,181
356,13,58,21,3,180
357,1,10,33,3,195
357,2,14,36,3,193
357,3,18,25,3,197
357,4,22,31,3,186
357,5,26,26,3,199
357,6,30,26,3,194
357,7,34,13,3,202
357,8,38,19,3,194
357,9,42,27,3,187
357,10,46,24,3,183
357,11,50,16,3,189
357,12,54,11,3,188
358,1,10,30,3,202
358,2,14,30,3,199
358,3,18,23,3,197
358,4,22,33,3,194
358,5,26,31,3,191
358,6,30,21,3,195
358,7,34,27,3,191
358,8,38,22,3,189
358,9,42,26,3,184
358,10,46,25,3,188
358,11,50,28,3,182
358,12,54,21,3,184
358,13,58,21,3,179
358,14,62,23,3,173
358,15,66,26,3,171
358,16,70,29,3,174
358,17,74,26,3,179
358,18,78,26,3,168
358,19,82,17,3,190
358,20,86,22,3,181
358,21,90,14,3,187
359,1,10,24,3,206
359,2,14,30,3,198
359,3,18,24,3,203
359,4,22,24,3,196
359,5,26,18,3,195
359,6,30,27,3,193
359,7,34,20,3,190
359,8,38,21,3,188
359,9,42,25,3,183
359,10,46,21,3,189
359,11,50,24,3,183
359,12,54,22,3,187
359,13,58,23,3,177
359,14,62,24,3,179
359,15,66,20,3,177
359,16,70,21,3,183
359,17,74,19,3,187
359,18,78,19,3,187
359,19,82,15,3,186
359,20,86,27,3,179
359,21,90,30,3,170
360,1,10,23,3,203
360,2,14,22,3,206
360,3,18,21,3,203
360,4,22,22,3,196
360,5,26,24,3,190
360,6,30,31,3,194
360,7,34,19,3,199
360,8,38,25,3,183
360,9,42,27,3,188
360,10,46,21,3,190
361,1,10,20,3,207
361,2,14,27,3,201
361,3,18,26,3,201
361,4,22,27,3,195
361,5,26,25,3,199
361,6,30,20,3,191
361,7,34,25,3,189
361,8,38,29,3,187
361,9,42,18,3,191
361,10,46,17,3,194
361,11,50,22,3,185
361,12,54,19,3,187
361,13,58,22,3,184
361,14,62,24,3,170
361,15,66,26,3,177
361,16,70,24,3,169
361,17,74,17,3,188
361,18,78,17,3,184
361,19,82,16,3,186
361,20,86,20,3,183
362,1,10,30,3,196
362,2,14,14,3,207
362,3,18,28,3,2
362,4,22,28,3,184
362,5,26,14,3,206
362,6,30,25,3,196
362,7,34,27,3,193
362,8,38,19,3,187
362,9,42,17,3,191
362,10,46,20,3,190
362,11,50,27,3,176
362,12,54,22,3,181
362,13,58,16,3,176
362,14,62,19,3,182
362,15,66,20,3,179
362,16,70,16,3,187
362,17,74,25,3,177
362,18,78,22,3,183
362,19,82,23,3,176
362,20,86,25,3,165
362,21,90,20,3,182
362,22,94,24,3,175
363,1,10,24,3,208
363,2,14,17,3,211
363,4,22,22,3,193
363,5,26,27,3,197
363,6,30,26,3,195
363,7,34,22,3,195
363,8,38,29,3,183
363,9,42,30,3,181
363,10,46,15,3,190
363,11,50,26,3,155
363,12,54,24,3,161
363,13,58,27,3,173
363,14,62,28,3,171
363,15,66,30,3,176
363,16,70,22,3,171
363,17,74,16,3,185
363,18,78,20,3,180
363,19,82,25,3,166
363,20,86,21,3,156
363,21,90,31,3,168
363,22,94,24,3,174
363,23,98,20,3,183
363,24,102,23,3,183
363,25,106,23,3,179
363,26,110,23,3,175
364,1,10,17,3,209
364,2,14,20,3,203
364,3,18,22,3,2
364,4,22,24,3,194
364,5,26,27,3,191
364,6,30,25,3,180
364,7,34,29,3,184
364,8,38,29,3,182
364,9,42,18,3,191
364,10,46,13,3,178
364,11,50,34,3,168
364,12,54,30,3,167
364,13,58,19,3,183
364,14,62,18,3,186
364,15,66,26,3,176
364,16,70,20,3,180
364,17,74,29,3,174
364,18,78,21,3,180
364,19,82,28,3,175
364,20,86,23,3,169
364,21,90,23,3,178
364,22,94,22,3,183
365,4,22,27,3,194
365,5,26,24,3,189
365,6,30,29,3,183
365,7,34,28,3,188
365,8,38,15,3,196
365,9,42,31,3,179
365,10,46,22,3,186
365,11,50,20,3,192
365,12,54,17,3,187
365,13,58,23,3,179
365,14,62,20,3,182
365,15,66,14,3,192
365,16,70,24,3,174
365,17,74,20,3,180
365,18,78,26,3,177
366,1,10,27,3,196
366,2,14,28,3,2
366,3,18,28,3,194
366,4,22,28,3,195
366,5,26,21,3,194
366,6,30,30,3,188
366,7,34,12,3,202
366,8,38,23,3,186
366,9,42,19,3,191
366,10,46,29,3,175
366,11,50,17,3,188
366,12,54,24,3,186
366,13,58,29,3,177
366,14,62,28,3,177
366,15,66,25,3,176
366,16,70,23,3,182
366,17,74,28,3,173
366,18,78,31,3,156
366,19,82,17,3,179
366,20,86,23,3,181
366,21,90,23,3,181
366,22,94,28,3,176
366,23,98,24,3,183
366,24,102,12,3,187
367,1,10,23,3,205
367,2,14,23,3,202
367,3,18,18,3,205
367,4,22,28,3,195
367,5,26,28,3,194
367,6,30,25,3,187
367,7,34,18,3,195
367,8,38,22,3,189
367,9,42,25,3,186
367,10,46,23,3,181
367,11,50,29,3,170
367,12,54,18,3,178
367,13,58,23,3,176
367,14,62,9,3,192
367,15,66,23,3,179
367,16,70,31,3,172
368,1,10,26,3,2
368,2,14,20,3,207
368,3,18,25,3,199
368,4,22,24,3,198
368,5,26,18,3,197
368,6,30,26,3,179
368,7,34,26,3,179
368,8,38,20,3,191
368,9,42,15,3,196
368,10,46,22,3,170
368,11,50,23,3,183
368,12,54,20,3,182
368,13,58,31,3,173
368,14,62,28,3,179
368,15,66,24,3,179
368,16,70,28,3,173
368,17,74,28,3,176
369,1,10,32,3,195
369,2,14,25,3,199
369,3,18,24,3,201
369,4,22,19,3,199
369,5,26,29,3,199
369,6,30,13,3,204
369,7,34,30,3,189
369,8,38,22,3,190
369,9,42,26,3,190
369,10,46,16,3,187
370,2,14,22,3,203
370,3,18,29,3,195
370,4,22,20,3,200
370,5,26,22,3,193
370,6,30,20,3,196
370,7,34,22,3,190
370,8,38,27,3,184
370,9,42,18,3,191
370,10,46,22,3,189
370,11,50,27,3,177
370,12,54,22,3,180
370,13,58,16,3,180
370,14,62,24,3,178
370,15,66,24,3,175
370,16,70,11,3,191
370,17,74,20,3,181
370,18,78,19,3,186
370,19,82,22,3,180
370,20,86,25,3,176
370,21,90,22,3,182
370,22,94,32,3,167
370,23,98,16,3,182
370,24,102,21,3,179
370,25,106,30,3,171
370,26,110,24,3,183
370,27,114,14,3,187
370,28,118,26,3,179
371,1,10,25,3,196
371,2,14,24,3,199
371,3,18,28,3,198
371,4,22,15,3,205
371,5,26,28,3,194
371,6,30,22,3,196
371,7,34,10,3,202
371,8,38,14,3,193
371,9,42,33,3,178
371,10,46,30,3,184
371,11,50,17,3,188
372,1,10,30,3,199
372,2,14,11,3,209
372,3,18,27,3,194
372,4,22,29,3,199
372,5,26,30,3,173
372,6,30,25,3,190
372,7,34,29,3,187
372,8,38,29,3,187
372,9,42,28,3,181
372,10,46,18,3,192
372,11,50,20,3,189
372,12,54,28,3,149
372,13,58,23,3,181
372,14,62,18,3,180
372,15,66,18,3,182
372,16,70,25,3,176
372,17,74,24,3,174
372,18,78,21,3,182
372,19,82,12,3,188
372,20,86,21,3,175
372,21,90,21,3,182
372,22,94,16,3,182
372,23,98,23,3,182
373,1,10,24,3,203
373,2,14,20,3,203
373,3,18,19,3,200
373,4,22,24,3,197
373,5,26,28,3,195
373,6,30,26,3,190
373,7,34,25,3,194
373,8,38,21,3,191
373,9,42,30,3,165
373,10,46,22,3,188
373,11,50,25,3,171
373,12,54,26,3,185
373,13,58,11,3,190
373,14,62,19,3,183
373,15,66,23,3,180
373,16,70,31,3,163
373,17,74,24,3,183
373,18,78,17,3,182
373,19,82,25,3,183
373,20,86,23,3,181
374,1,10,29,1,0
374,2,14,30,3,198
374,3,18,11,3,215
374,4,22,32,3,192
374,6,30,23,3,194
374,7,34,30,3,174
374,8,38,26,3,189
374,9,42,27,3,180
374,10,46,31,3,181
374,11,50,18,3,191
375,1,10,26,3,204
375,3,18,25,3,199
375,4,22,27,3,191
375,5,26,16,3,200
375,6,30,23,3,186
375,7,34,23,3,190
375,8,38,24,3,188
375,9,42,29,3,177
375,10,46,26,3,183
375,11,50,33,3,177
375,12,54,23,3,177
375,13,58,25,3,176
375,14,62,23,3,169
375,15,66,28,3,174
375,16,70,16,3,189
376,1,10,30,3,195
376,2,14,15,3,208
376,3,18,17,3,206
376,4,22,17,3,204
376,5,26,25,3,192
376,6,30,32,3,179
376,7,34,22,3,192
376,8,38,29,3,188
376,9,42,34,3,179
376,10,46,19,3,184
376,11,50,29,3,180
376,12,54,30,3,172
376,13,58,27,3,176
376,14,62,23,3,181
376,15,66,22,3,182
376,16,70,22,3,179
376,17,74,22,3,160
376,18,78,10,3,191
377,1,10,24,3,199
377,2,14,28,3,195
377,3,18,29,3,2
377,4,22,19,3,202
377,5,26,30,3,187
377,6,30,23,3,196
377,7,34,27,3,189
377,8,38,20,3,190
377,9,42,23,3,191
377,10,46,30,3,181
377,11,50,16,3,190
377,12,54,21,3,181
377,13,58,10,3,193
378,1,10,21,3,202
378,2,14,21,3,208
378,3,18,25,3,193
378,4,22,25,3,200
378,5,26,24,3,174
378,6,30,29,3,177
378,7,34,19,3,189
378,8,38,23,3,186
378,9,42,20,3,191
378,10,46,22,3,178
378,11,50,22,3,185
378,12,54,24,3,182
378,13,58,24,3,168
378,14,62,26,3,174
378,15,66,17,3,187
378,16,70,22,3,180
378,17,74,24,3,183
378,18,78,26,3,178
379,1,10,35,3,198
379,2,14,19,3,206
379,3,18,21,3,197
379,4,22,26,3,201
379,5,26,33,3,188
379,6,30,20,3,194
379,7,34,20,3,193
379,8,38,19,3,193
379,9,42,21,3,189
379,10,46,30,3,181
379,11,50,31,3,179
379,12,54,27,3,178
379,13,58,19,3,180
379,14,62,30,3,172
379,15,66,33,3,160
379,16,70,17,3,189
379,17,74,28,3,176
379,18,78,27,3,177
379,19,82,23,3,171
379,20,86,24,3,168
379,21,90,24,3,172
379,22,94,20,3,184
379,23,98,18,3,187
379,24,102,28,3,173
379,25,106,25,3,175
379,26,110,26,3,173
379,27,114,23,3,182
379,28,118,20,3,171
380,1,10,28,3,197
380,2,14,11,3,211
380,3,18,18,3,207
380,4,22,22,3,205
380,5,26,15,3,204
380,6,30,23,3,191
380,7,34,13,3,200
380,8,38,21,3,188
380,9,42,26,3,181
380,10,46,28,3,172
380,11,50,20,3,183
380,12,54,20,3,187
380,13,58,19,3,182
380,14,62,26,3,177
380,15,66,25,3,176
381,1,10,23,3,2
381,2,14,21,3,207
381,3,18,27,3,196
381,4,22,25,3,198
381,5,26,26,3,194
381,6,30,23,3,196
381,7,34,19,3,199
381,8,38,29,3,180
381,9,42,29,3,184
381,10,46,14,3,195
381,11,50,20,3,187
381,12,54,15,3,189
381,13,58,26,3,164
381,14,62,9,3,192
382,1,10,25,3,199
382,2,14,21,3,204
382,3,18,27,3,200
382,4,22,23,3,199
382,5,26,28,3,189
382,6,30,28,3,184
382,7,34,17,3,193
382,8,38,27,3,187
382,9,42,27,3,188
382,10,46,22,3,187
382,11,50,25,3,183
382,12,54,12,3,180
382,13,58,23,3,174
382,14,62,22,3,178
382,15,66,26,3,173
382,16,70,16,3,187
382,17,74,21,3,182
382,18,78,27,3,160
382,19,82,29,3,174
382,20,86,28,3,173
382,21,90,22,3,179
382,22,94,25,3,171
382,23,98,27,3,170
382,24,102,23,3,184
382,25,106,17,3,184
382,26,110,9,3,191
382,27,114,20,3,182
382,28,118,29,3,166
382,29,122,16,3,185
383,1,10,29,3,199
383,2,14,24,3,203
383,3,18,19,3,204
383,4,22,25,3,195
384,1,10,32,3,200
384,2,14,23,3,200
384,3,18,29,3,196
384,4,22,22,3,189
384,5,26,30,3,190
384,6,30,29,3,193
384,7,34,32,3,189
384,8,38,26,3,185
384,9,42,28,3,188
384,10,46,20,3,187
384,11,50,22,3,176
384,12,54,19,3,180
384,13,58,24,3,181
384,14,62,37,3,166
384,15,66,16,3,179
384,16,70,21,3,173
384,17,74,18,3,181
384,18,78,13,3,187
385,1,10,15,3,211
385,2,14,27,3,200
385,3,18,11,3,207
385,4,22,29,3,192
385,5,26,17,3,198
385,6,30,26,3,190
385,7,34,26,3,190
385,8,38,25,3,187
385,9,42,26,3,160
385,10,46,22,3,190
385,11,50,24,3,171
385,12,54,19,3,182
385,13,58,20,3,184
385,14,62,28,3,172
385,15,66,26,3,183
385,16,70,20,3,177
385,17,74,22,3,178
385,18,78,24,3,176
385,19,82,24,3,187
385,20,86,27,3,157
385,21,90,19,3,184
385,22,94,18,3,185
385,23,98,17,3,186
386,1,10,25,3,204
386,2,14,26,3,201
386,3,18,22,3,22
386,4,22,23,3,199
386,5,26,24,3,198
386,6,30,32,3,178
386,7,34,28,3,177
386,8,38,24,3,187
386,9,42,23,3,185
386,10,46,28,3,178
386,11,50,29,3,175
386,12,54,23,3,179
386,13,58,15,3,174
386,14,62,19,3,182
386,15,66,22,3,182
386,16,70,16,3,186
386,17,74,21,3,184
386,18,78,18,3,182
386,19,82,28,3,176
386,20,86,19,3,190
386,21,90,31,3,175
386,22,94,29,3,179
386,23,98,23,3,185
386,24,102,19,3,181
386,25,106,34,3,155
386,26,110,23,3,180
387,1,10,22,3,3
387,2,14,23,3,201
387,3,18,20,3,198
387,4,22,21,3,198
387,5,26,11,3,207
387,6,30,30,3,194
387,7,34,21,3,193
387,8,38,12,3,198
387,9,42,33,3,174
387,10,46,26,3,184
387,11,50,29,3,177
387,12,54,30,3,172
387,13,58,31,3,176
387,14,62,7,3,193
387,15,66,27,3,174
387,16,70,21,3,176
387,17,74,23,3,179
387,18,78,24,3,177
387,19,82,16,3,187
387,20,86,30,3,176
387,21,90,10,3,190
387,22,94,20,3,177
387,23,98,22,3,179
387,24,102,25,3,172
387,25,106,24,3,181
388,1,10,18,3,208
388,3,18,22,3,200
388,4,22,20,3,200
388,5,26,31,3,189
388,6,30,27,3,193
388,7,34,16,3,197
388,8,38,19,3,194
388,9,42,27,3,187
388,10,46,23,3,178
388,11,50,18,3,189
388,12,54,20,3,185
388,13,58,24,3,178
388,14,62,26,3,166
388,15,66,20,3,183
388,16,70,23,3,180
388,17,74,23,3,182
389,1,10,18,3,214
389,2,14,28,3,199
389,3,18,7,3,217
389,4,22,23,3,200
389,5,26,21,3,199
389,6,30,24,3,183
389,7,34,35,3,181
389,8,38,30,3,184
389,9,42,26,3,188
389,10,46,31,3,173
389,11,50,27,3,172
389,12,54,17,3,188
389,13,58,28,3,176
389,14,62,27,3,170
389,15,66,16,3,185
389,16,70,27,3,176
389,17,74,26,3,176
389,18,78,19,3,186
389,19,82,21,3,183
389,20,86,30,3,159
389,21,90,28,3,172
389,22,94,25,3,174
389,23,98,21,3,177
389,24,102,19,3,187
389,25,106,18,3,174
389,26,110,19,3,182
390,1,10,27,3,205
390,2,14,28,3,199
390,3,18,23,3,207
390,4,22,23,3,198
390,5,26,31,3,192
390,6,30,24,3,195
390,7,34,24,3,186
390,8,38,29,3,183
390,9,42,24,3,188
390,10,46,12,3,195
390,11,50,13,3,192
390,12,54,15,3,188
390,13,58,22,3,184
390,14,62,12,3,180
390,15,66,18,3,180
390,16,70,31,3,171
390,17,74,24,3,177
390,18,78,28,3,158
391,1,10,27,3,202
391,2,14,21,3,200
391,3,18,28,3,193
391,4,22,32,3,188
391,5,26,18,3,200
391,6,30,23,3,191
391,7,34,25,3,188
391,8,38,17,3,189
391,9,42,24,3,190
391,10,46,24,3,184
391,11,50,19,3,190
391,12,54,27,3,180
391,13,58,22,3,178
391,14,62,27,3,169
391,15,66,18,3,164
391,16,70,17,3,176
392,1,10,13,3,216
392,2,14,31,3,195
392,3,18,25,3,196
392,4,22,22,3,191
392,5,26,21,3,199
392,6,30,32,3,185
392,7,34,20,3,193
392,8,38,11,3,205
392,9,42,26,3,182
392,10,46,23,3,184
392,11,50,29,3,181
392,12,54,33,3,174
392,13,58,29,3,170
392,14,62,12,3,188
392,15,66,23,3,181
392,16,70,13,3,189
392,17,74,27,3,175
392,18,78,28,3,176
393,1,10,29,3,2
393,2,14,22,3,208
393,3,18,25,3,187
393,4,22,26,3,188
393,5,26,28,3,188
393,6,30,15,3,203
393,7,34,25,3,186
393,8,38,23,3,190
393,9,42,24,3,177
393,10,46,25,3,187
393,11,50,19,3,191
393,12,54,19,3,184
393,13,58,24,3,183
393,14,62,15,3,182
393,15,66,24,3,181
393,16,70,23,3,179
393,17,74,27,3,176
393,18,78,20,3,184
393,19,82,17,3,183
393,20,86,24,3,172
394,1,10,25,3,205
394,2,14,19,3,205
394,3,18,27,3,194
394,4,22,32,3,188
394,5,26,28,3,192
394,6,30,30,3,188
394,7,34,19,3,197
394,8,38,28,3,178
394,9,42,28,3,187
394,10,46,20,3,186
394,11,50,28,3,174
394,12,54,21,3,181
394,13,58,26,3,173
394,14,62,20,3,180
394,15,66,28,3,176
394,16,70,18,3,183
394,17,74,19,3,180
394,18,78,23,3,181
394,19,82,28,3,179
394,20,86,36,3,172
394,21,90,29,3,172
394,22,94,16,3,184
394,23,98,16,3,179
394,24,102,26,3,177
394,25,106,31,3,170
394,26,110,20,3,179
394,27,114,27,3,182
395,1,10,30,3,197
395,3,18,18,3,204
395,4,22,30,3,190
395,5,26,26,3,191
395,6,30,27,3,187
395,7,34,31,3,191
395,8,38,23,3,194
395,9,42,21,3,189
395,10,46,13,3,193
395,11,50,13,3,194
395,12,54,19,3,183
395,13,58,9,3,191
395,14,62,21,3,175
395,15,66,23,3,178
395,16,70,23,3,178
395,17,74,21,3,178
395,18,78,23,3,175
395,19,82,26,3,172
395,20,86,23,3,173
395,21,90,34,3,162
395,22,94,12,3,190
395,23,98,24,3,170
395,24,102,6,3,196
395,25,106,18,3,182
396,1,10,21,3,203
396,2,14,29,3,198
396,3,18,22,3,206
396,4,22,7,3,211
396,5,26,22,3,202
396,6,30,22,3,193
396,7,34,23,3,191
396,8,38,27,3,182
396,9,42,26,3,185
396,10,46,12,3,192
396,11,50,28,3,179
396,12,54,28,3,176
396,13,58,25,3,176
396,14,62,18,3,174
397,1,10,26,3,203
397,2,14,33,3,194
397,3,18,28,3,202
397,4,22,28,3,192
397,5,26,21,3,195
397,6,30,21,3,197
397,7,34,22,3,193
397,8,38,24,3,177
397,9,42,21,3,191
397,10,46,22,3,185
397,11,50,10,3,193
398,1,10,22,3,206
398,2,14,26,3,202
398,3,18,27,3,197
398,4,22,25,3,197
398,5,26,15,3,202
398,6,30,25,3,193
398,7,34,19,3,197
398,8,38,14,3,200
398,9,42,18,3,191
398,10,46,26,3,172
398,11,50,21,3,189
398,12,54,16,3,186
398,13,58,29,3,163
398,14,62,27,3,176
398,15,66,18,3,186
398,16,70,21,3,168
398,17,74,11,3,191
399,1,10,32,3,196
399,2,14,25,3,201
399,3,18,33,3,194
399,4,22,24,3,199
399,5,26,29,3,195
399,6,30,21,3,195
399,7,34,24,3,193
399,8,38,22,3,191
399,9,42,24,3,188
399,10,46,23,3,189
399,11,50,31,3,174
399,12,54,18,3,187
399,13,58,25,3,173
399,14,62,23,3,181
399,15,66,22,3,178
399,16,70,13,3,189
399,17,74,22,3,180
399,18,78,12,3,189
399,19,82,20,3,185
399,20,86,28,3,174
399,21,90,29,3,175
399,22,94,18,3,182
399,23,98,14,2,3
